Workbook

Sheet Sheet1
A1: INDEX | B1: SPMCODE | C1: ALTERNATE.PROJECTCODE | D1: Collector_no | E1: Alt_Coll_No | F1: Rebekahs Determination | G1: Rebekah notes | H1: Hybrid Parentage | I1: TAXA-Current_determination | J1: Collection_date | K1: Collectors | L1: Type_of_material | M1: OWNER | N1: Country | O1: State_Province_Region_territory | P1: substate | Q1: substateRank | R1: site | S1: Locality Notes | T1: habitat | U1: associates | V1: DBH-cm | W1: Height-m | X1: plantAttributesOther | Y1: Determination_HIST_PIPED | Z1: Determined_by | AA1: Determined_date | AB1: determination_reasoning_notes | AC1: latitude.orig | AD1: longitude.orig | AE1: Elevation | AF1: photos | AG1: Collecting_Extracting_notes | AH1: Project | AI1: DNA | AJ1: SpecimenVoucher | AK1: MOR_Acc_Num | AL1: Voucher_Notes | AM1: MOR_BARCODE | AN1: occurrenceID | AO1: SEINet_references | AP1: WholeGenome_BioProject | AQ1: WholeGenome_SRA_Run | AR1: WholeGenome_libraryID | AS1: WholeGenomeFastqR1 | AT1: WholeGenomeFastqR2 | AU1: SRA_biosample_accession | AV1: HYB-SEQ_BioProject | AW1: Lookup-SUBGENUS-by-CurrentTAXA | AX1: LOOKUP-section-by-currentTAXA | AY1: Lookup-CLADE0by-CurrentTAXA
A2: 1903 | B2: QUE001903 | D2: OK-MG372 | I2: Quercus macrocarpa | J2: 42907 | K2: Mira Garner, Sara Desmond, Abigail Moore | L2: fresh, frozen | M2: HIPP | N2: USA | O2: Oklahoma | P2: Cleveland | Q2: County | R2: Oliver's Woods | S2: Norman, University of Oklahoma campus | T2: woody area on roadside | Y2: Quercus macrocarpa Michx. | AC2: 35.17703 | AD2: -97.45019 | AE2: 1110 ft. | AH2: Characterization of Native Oak Germplasm, Quercus macrocarpa and related white oaks. USDA SCA 58-8020-5-005 | AI2: MOR | AJ2: MOR<USA-IL>: Garner, OK-MG372 | AK2: 185382 | AM2: 0095528MOR | AN2: 1B0CB51B-B0EA-44CC-BE12-7F7083F75569 | AO2: https://swbiodiversity.org/seinet/collections/individual/index.php?occid=32894149 | AP2: PRJNA1200080 | AR2: SYST-MOR-0007409 | AS2: SYST-MOR-0007409_S135_1.fq.gz | AT2: SYST-MOR-0007409_S135_2.fq.gz | AW2: subg. Quercus | AX2: Quercus | AY2: Prinoideae
A3: 1904 | B3: QUE001904 | D3: OK-MG373 | I3: Quercus macrocarpa | J3: 42907 | K3: Mira Garner, Sara Desmond, Abigail Moore | L3: fresh, frozen | M3: HIPP | N3: USA | O3: Oklahoma | P3: Cleveland | Q3: County | R3: Oliver's Woods | S3: Norman, University of Oklahoma campus | T3: woods | Y3: Quercus macrocarpa Michx.|Q. macrocarpa | Z3: A.L. Hipp and G. Ribicoff | AA3: 45597 | AB3: NA | AC3: 35.17705 | AD3: -97.44921 | AE3: 1228 ft | AH3: Characterization of Native Oak Germplasm, Quercus macrocarpa and related white oaks. USDA SCA 58-8020-5-005 | AI3: MOR | AJ3: MOR<USA-IL>: Garner, OK-MG373 | AK3: 185383 | AM3: 0095529MOR | AN3: 8C5D8B44-9420-4170-AEA4-D39027A1CCFA | AO3: https://swbiodiversity.org/seinet/collections/individual/index.php?occid=32901923 | AP3: PRJNA1200080 | AR3: SYST-MOR-0007410 | AS3: SYST-MOR-0007410_S136_1.fq.gz | AT3: SYST-MOR-0007410_S136_2.fq.gz | AU3: SAMN46848228 | AV3: PRJNA1223965 | AW3: subg. Quercus | AX3: Quercus | AY3: Prinoideae
A4: 1905 | B4: QUE001905 | D4: OK-MG374 | I4: Quercus macrocarpa | J4: 42907 | K4: Mira Garner, Sara Desmond, Abigail Moore | L4: fresh, frozen | M4: HIPP | N4: USA | O4: Oklahoma | P4: Cleveland | Q4: County | R4: Oliver's Woods | S4: Norman, University of Oklahoma campus | T4: woods | Y4: Quercus macrocarpa Michx. | AC4: 35.17722 | AD4: -97.44967 | AE4: 1133 ft | AH4: Characterization of Native Oak Germplasm, Quercus macrocarpa and related white oaks. USDA SCA 58-8020-5-005 | AI4: MOR | AJ4: MOR<USA-IL>: Garner, OK-MG374 | AK4: 185384 | AM4: 0095530MOR | AN4: F3FEAF8D-071F-45E0-8F3A-68429C396CE5 | AO4: https://swbiodiversity.org/seinet/collections/individual/index.php?occid=32891891 | AP4: PRJNA1200080 | AR4: SYST-MOR-0007411 | AS4: SYST-MOR-0007411_S137_1.fq.gz | AT4: SYST-MOR-0007411_S137_2.fq.gz | AW4: subg. Quercus | AX4: Quercus | AY4: Prinoideae
A5: 1906 | B5: QUE001906 | D5: OK-MG375 | I5: Quercus macrocarpa | J5: 42907 | K5: Mira Garner, Sara Desmond, Abigail Moore | L5: fresh, frozen | M5: HIPP | N5: USA | O5: Oklahoma | P5: Cleveland | Q5: County | R5: Oliver's Woods | S5: Norman, University of Oklahoma campus | T5: woods | Y5: Quercus macrocarpa Michx. | AC5: 35.17704 | AD5: -97.44977 | AE5: 1105 ft | AH5: Characterization of Native Oak Germplasm, Quercus macrocarpa and related white oaks. USDA SCA 58-8020-5-005 | AI5: MOR | AJ5: MOR<USA-IL>: Garner, OK-MG375 | AK5: 185385 | AM5: 0095531MOR | AN5: A5B0B55E-FE3B-4429-804D-028A19C55504 | AO5: https://swbiodiversity.org/seinet/collections/individual/index.php?occid=32903254 | AP5: PRJNA1200080 | AR5: SYST-MOR-0007412 | AS5: SYST-MOR-0007412_S138_1.fq.gz | AT5: SYST-MOR-0007412_S138_2.fq.gz | AW5: subg. Quercus | AX5: Quercus | AY5: Prinoideae
A6: 1907 | B6: QUE001907 | D6: OK-MG376 | I6: Quercus macrocarpa | J6: 42907 | K6: Mira Garner, Sara Desmond, Abigail Moore | L6: fresh, frozen | M6: HIPP | N6: USA | O6: Oklahoma | P6: Cleveland | Q6: County | R6: Oliver's Woods | S6: Norman, University of Oklahoma campus | T6: woods | Y6: Quercus macrocarpa Michx.|Q. macrocarpa | Z6: A.L. Hipp and G. Ribicoff | AA6: 45597 | AB6: NA | AC6: 35.17688 | AD6: -97.4497 | AE6: 1210 ft | AH6: Characterization of Native Oak Germplasm, Quercus macrocarpa and related white oaks. USDA SCA 58-8020-5-005 | AI6: MOR | AJ6: MOR<USA-IL>: Garner, OK-MG376 | AK6: 185386 | AM6: 0095532MOR | AN6: E1BB2E7A-821A-476E-903A-5643984C9EB9 | AO6: https://swbiodiversity.org/seinet/collections/individual/index.php?occid=32891468 | AP6: PRJNA1200080 | AR6: SYST-MOR-0007413 | AS6: SYST-MOR-0007413_S139_1.fq.gz | AT6: SYST-MOR-0007413_S139_2.fq.gz | AU6: SAMN46848229 | AV6: PRJNA1223965 | AW6: subg. Quercus | AX6: Quercus | AY6: Prinoideae
A7: 1908 | B7: QUE001908 | D7: OK-MG377 | I7: Quercus macrocarpa | J7: 42907 | K7: Mira Garner, Sara Desmond, Abigail Moore | L7: fresh, frozen | M7: HIPP | N7: USA | O7: Oklahoma | P7: Cleveland | Q7: County | R7: Oliver's Woods | S7: Norman, University of Oklahoma campus | T7: woods | Y7: Quercus macrocarpa Michx. | AC7: 35.17669 | AD7: -97.44988 | AE7: 1107 ft | AH7: Characterization of Native Oak Germplasm, Quercus macrocarpa and related white oaks. USDA SCA 58-8020-5-005 | AI7: MOR | AJ7: MOR<USA-IL>: Garner, OK-MG377 | AK7: 185387 | AM7: 0095533MOR | AN7: EB765CC1-B929-450E-9A3E-981E5741AF11 | AO7: https://swbiodiversity.org/seinet/collections/individual/index.php?occid=32892568 | AP7: PRJNA1200080 | AR7: SYST-MOR-0007414 | AS7: SYST-MOR-0007414_S140_1.fq.gz | AT7: SYST-MOR-0007414_S140_2.fq.gz | AW7: subg. Quercus | AX7: Quercus | AY7: Prinoideae
A8: 1909 | B8: QUE001909 | D8: OK-MG378 | I8: Quercus macrocarpa | J8: 42907 | K8: Mira Garner, Sara Desmond, Abigail Moore | L8: fresh, frozen | M8: HIPP | N8: USA | O8: Oklahoma | P8: Cleveland | Q8: County | R8: Oliver's Woods | S8: Norman, University of Oklahoma campus | T8: woods | Y8: Quercus macrocarpa Michx. | AC8: 35.17635 | AD8: -97.45009 | AE8: 1067 ft | AH8: Characterization of Native Oak Germplasm, Quercus macrocarpa and related white oaks. USDA SCA 58-8020-5-005 | AI8: MOR | AJ8: MOR<USA-IL>: Garner, OK-MG378 | AK8: 185388 | AM8: 0095534MOR | AN8: B0738385-C50A-4FFB-9881-46D2836F4069 | AO8: https://swbiodiversity.org/seinet/collections/individual/index.php?occid=32903946 | AP8: PRJNA1200080 | AR8: SYST-MOR-0007415 | AS8: SYST-MOR-0007415_S141_1.fq.gz | AT8: SYST-MOR-0007415_S141_2.fq.gz | AW8: subg. Quercus | AX8: Quercus | AY8: Prinoideae
A9: 1910 | B9: QUE001910 | D9: OK-MG379 | I9: Quercus macrocarpa | J9: 42907 | K9: Mira Garner, Sara Desmond, Abigail Moore | L9: fresh, frozen | M9: HIPP | N9: USA | O9: Oklahoma | P9: Cleveland | Q9: County | R9: Oliver's Woods | S9: Norman, University of Oklahoma campus | T9: woods | Y9: Quercus macrocarpa Michx. | AC9: 35.17695 | AD9: -97.44996 | AE9: 1110 ft | AH9: Characterization of Native Oak Germplasm, Quercus macrocarpa and related white oaks. USDA SCA 58-8020-5-005 | AI9: MOR | AJ9: MOR<USA-IL>: Garner, OK-MG379 | AK9: 184679 | AM9: 0094442MOR | AN9: 1B05A235-2E83-4243-A675-EF3A9DBF616D | AO9: https://swbiodiversity.org/seinet/collections/individual/index.php?occid=32894145 | AP9: PRJNA1200080 | AR9: SYST-MOR-0007416 | AS9: SYST-MOR-0007416_S142_1.fq.gz | AT9: SYST-MOR-0007416_S142_2.fq.gz | AW9: subg. Quercus | AX9: Quercus | AY9: Prinoideae
A10: 1911 | B10: QUE001911 | D10: OK-MG380 | I10: Quercus macrocarpa | J10: 42907 | K10: Mira Garner, Sara Desmond, Abigail Moore | L10: fresh, frozen | M10: HIPP | N10: USA | O10: Oklahoma | P10: Cleveland | Q10: County | R10: Oliver's Woods | S10: Norman, University of Oklahoma campus | T10: woods | Y10: Quercus macrocarpa Michx. | AC10: 35.17714 | AD10: -97.45005 | AE10: 1162 ft | AH10: Characterization of Native Oak Germplasm, Quercus macrocarpa and related white oaks. USDA SCA 58-8020-5-005 | AI10: MOR | AJ10: MOR<USA-IL>: Garner, OK-MG380 | AK10: 185825 | AM10: 0096836MOR | AN10: 2704FDD5-21A8-488B-9F3F-84FC04A58E3C | AO10: https://swbiodiversity.org/seinet/collections/individual/index.php?occid=32895260 | AP10: PRJNA1200080 | AR10: SYST-MOR-0007417 | AS10: SYST-MOR-0007417_S143_1.fq.gz | AT10: SYST-MOR-0007417_S143_2.fq.gz | AW10: subg. Quercus | AX10: Quercus | AY10: Prinoideae
A11: 1912 | B11: QUE001912 | D11: OK-MG381 | I11: Quercus macrocarpa | J11: 42907 | K11: Mira Garner, Sara Desmond, Abigail Moore | L11: fresh, frozen | M11: HIPP | N11: USA | O11: Oklahoma | P11: Cleveland | Q11: County | R11: Oliver's Woods | S11: Norman, University of Oklahoma campus | T11: woods | Y11: Quercus macrocarpa Michx.|Q. macrocarpa | Z11: A.L. Hipp and G. Ribicoff | AA11: 45597 | AB11: NA | AC11: 35.17722 | AD11: -97.45003 | AE11: 1151 ft | AH11: Characterization of Native Oak Germplasm, Quercus macrocarpa and related white oaks. USDA SCA 58-8020-5-005 | AI11: MOR | AJ11: MOR<USA-IL>: Garner, OK-MG381 | AK11: 185389 | AM11: 0095535MOR | AN11: 76850C3C-06E5-4D7A-A759-BE75CAFAC371 | AO11: https://swbiodiversity.org/seinet/collections/individual/index.php?occid=32900700 | AP11: PRJNA1200080 | AR11: SYST-MOR-0007418 | AS11: SYST-MOR-0007418_S144_1.fq.gz | AT11: SYST-MOR-0007418_S144_2.fq.gz | AU11: SAMN46848230 | AV11: PRJNA1223965 | AW11: subg. Quercus | AX11: Quercus | AY11: Prinoideae
A12: 1929 | B12: QUE001929 | D12: MO-MG398 | I12: Quercus macrocarpa | J12: 42909 | K12: Mira Garner, Sara Desmond | L12: fresh, frozen | M12: HIPP | N12: USA | O12: Missouri | P12: Shannon | Q12: County | R12: Eminence, Buttin Rock Access | S12: near river | T12: Flood plain (rocky) | Y12: Quercus macrocarpa Michx.|Quercus macrocarpa | Z12: A.L. Hipp and G. Ribicoff | AA12: 45597 | AB12: NA | AE12: 320 | AG12: GPS: (34.79766, -92.31501) 320 ft. These coordinates match better previous site. | AH12: Characterization of Native Oak Germplasm, Quercus macrocarpa and related white oaks. USDA SCA 58-8020-5-005 | AI12: MOR | AJ12: MOR<USA-IL>: Garner, MO-MG398 | AK12: 184694 | AM12: 0094457MOR | AN12: 17D22E26-7B55-4529-825A-F405BA94EC0D | AO12: https://swbiodiversity.org/seinet/collections/individual/index.php?occid=32894014 | AP12: PRJNA1200080 | AR12: SYST-MOR-0007419 | AS12: SYST-MOR-0007419_S145_1.fq.gz | AT12: SYST-MOR-0007419_S145_2.fq.gz | AU12: SAMN46848241 | AV12: PRJNA1223965 | AW12: subg. Quercus | AX12: Quercus | AY12: Prinoideae
A13: 1931 | B13: QUE001931 | D13: MO-MG400 | I13: Quercus macrocarpa | J13: 42909 | K13: Mira Garner, Sara Desmond | L13: fresh, frozen | M13: HIPP | N13: USA | O13: Missouri | P13: Shannon | Q13: County | R13: Eminence, Buttin Rock Access | S13: near river | T13: Flood plain (rocky) | Y13: Quercus macrocarpa Michx. ? | AC13: 37.15767 | AD13: -91.36474 | AE13: 658 ft | AH13: Characterization of Native Oak Germplasm, Quercus macrocarpa and related white oaks. USDA SCA 58-8020-5-005 | AI13: MOR | AJ13: MOR<USA-IL>: Garner, MO-MG400 | AK13: 184696 | AM13: 0094459MOR | AN13: A7AD188D-86CD-45CF-A20A-A3A701BBD4BC | AO13: https://swbiodiversity.org/seinet/collections/individual/index.php?occid=32904249 | AP13: PRJNA1200080 | AR13: SYST-MOR-0007420 | AS13: SYST-MOR-0007420_S146_1.fq.gz | AT13: SYST-MOR-0007420_S146_2.fq.gz | AW13: subg. Quercus | AX13: Quercus | AY13: Prinoideae
A14: 1933 | B14: QUE001933 | D14: MO-MG402 | I14: Quercus macrocarpa | J14: 42909 | K14: Mira Garner, Sara Desmond | L14: fresh, frozen | M14: HIPP | N14: USA | O14: Missouri | P14: Shannon | Q14: County | R14: Eminence, Buttin Rock Access | S14: near river | T14: Flood plain (rocky) | Y14: Quercus macrocarpa Michx.|Q. macrocarpa | Z14: A.L. Hipp and G. Ribicoff | AA14: 45597 | AB14: NA | AC14: 37.15687 | AD14: -91.36471 | AE14: 644 ft | AH14: Characterization of Native Oak Germplasm, Quercus macrocarpa and related white oaks. USDA SCA 58-8020-5-005 | AI14: MOR | AJ14: MOR<USA-IL>: Garner, MO-MG402 | AK14: 184697 | AM14: 0094460MOR | AN14: BF9014CB-BC74-4F80-A06F-2BA13470897B | AO14: https://swbiodiversity.org/seinet/collections/individual/index.php?occid=32889307 | AP14: PRJNA1200080 | AR14: SYST-MOR-0007421 | AS14: SYST-MOR-0007421_S147_1.fq.gz | AT14: SYST-MOR-0007421_S147_2.fq.gz | AU14: SAMN46848244 | AV14: PRJNA1223965 | AW14: subg. Quercus | AX14: Quercus | AY14: Prinoideae
A15: 1934 | B15: QUE001934 | D15: MO-MG403 | I15: Quercus macrocarpa | J15: 42909 | K15: Mira Garner, Sara Desmond | L15: fresh, frozen | M15: HIPP | N15: USA | O15: Missouri | P15: Shannon | Q15: County | R15: Eminence, Buttin Rock Access | S15: near trailer park | T15: Flood plain (rocky) | Y15: Quercus macrocarpa Michx. | AC15: 37.15686 | AD15: -91.36501 | AE15: 588 ft | AH15: Characterization of Native Oak Germplasm, Quercus macrocarpa and related white oaks. USDA SCA 58-8020-5-005 | AI15: MOR | AJ15: MOR<USA-IL>: Garner, MO-MG403 | AK15: 186782 | AM15: 0097830MOR | AN15: 4C0FCE45-01F8-40FE-A26E-DFB5234990B1 | AO15: https://swbiodiversity.org/seinet/collections/individual/index.php?occid=32898224 | AP15: PRJNA1200080 | AR15: SYST-MOR-0007422 | AS15: SYST-MOR-0007422_S148_1.fq.gz | AT15: SYST-MOR-0007422_S148_2.fq.gz | AW15: subg. Quercus | AX15: Quercus | AY15: Prinoideae
A16: 1935 | B16: QUE001935 | D16: MO-MG404 | I16: Quercus macrocarpa | J16: 42909 | K16: Mira Garner, Sara Desmond | L16: fresh, frozen | M16: HIPP | N16: USA | O16: Missouri | P16: Shannon | Q16: County | R16: Eminence, Buttin Rock Access | S16: near trailer park | T16: Flood plain (rocky) | Y16: Quercus macrocarpa Michx. | AC16: 37.15726 | AD16: -91.36518 | AE16: 722 ft | AH16: Characterization of Native Oak Germplasm, Quercus macrocarpa and related white oaks. USDA SCA 58-8020-5-005 | AI16: MOR | AJ16: MOR<USA-IL>: Garner, MO-MG404 | AK16: 186775 | AM16: 0097823MOR | AN16: E820B09F-737D-40F8-AE94-AC549B09DA65 | AO16: https://swbiodiversity.org/seinet/collections/individual/index.php?occid=32892837 | AP16: PRJNA1200080 | AR16: SYST-MOR-0007423 | AS16: SYST-MOR-0007423_S149_1.fq.gz | AT16: SYST-MOR-0007423_S149_2.fq.gz | AW16: subg. Quercus | AX16: Quercus | AY16: Prinoideae
A17: 1936 | B17: QUE001936 | D17: MO-MG405 | I17: Quercus macrocarpa | J17: 42909 | K17: Mira Garner, Sara Desmond | L17: fresh, frozen | M17: HIPP | N17: USA | O17: Missouri | P17: Shannon | Q17: County | R17: Eminence, Buttin Rock Access | S17: near river | T17: Flood plain (rocky) | Y17: Quercus macrocarpa Michx.|Q. macrocarpa | Z17: A.L. Hipp and G. Ribicoff | AA17: 45597 | AB17: NA | AC17: 37.15758 | AD17: -91.36513 | AE17: 670 ft | AH17: Characterization of Native Oak Germplasm, Quercus macrocarpa and related white oaks. USDA SCA 58-8020-5-005 | AI17: MOR | AJ17: MOR<USA-IL>: Garner, MO-MG405 | AK17: 184698 | AM17: 0094461MOR | AN17: 7814F359-D097-4070-BD93-FC6A4422172C | AO17: https://swbiodiversity.org/seinet/collections/individual/index.php?occid=32901107 | AP17: PRJNA1200080 | AR17: SYST-MOR-0007424 | AS17: SYST-MOR-0007424_S150_1.fq.gz | AT17: SYST-MOR-0007424_S150_2.fq.gz | AU17: SAMN46848245 | AV17: PRJNA1223965 | AW17: subg. Quercus | AX17: Quercus | AY17: Prinoideae
A18: 1950 | B18: QUE001950 | D18: MB-MG506 | I18: Quercus macrocarpa | J18: 42922 | K18: Mira Garner, Sara Desmond, Bruce Ford | L18: fresh, frozen | M18: HIPP | N18: Canada | O18: Manitoba | R18: Whiteshell Provincial Park | T18: granite hill top, graminoid dominated, scattered oaks | Y18: Quercus macrocarpa Michx. | AC18: 49.71359 | AD18: -95.24349 | AE18: 1172 ft | AH18: Characterization of Native Oak Germplasm, Quercus macrocarpa and related white oaks. USDA SCA 58-8020-5-005 | AI18: MOR | AJ18: MOR<USA-IL>: Garner, MB-MG506 | AK18: 184786 | AM18: 0094465MOR | AN18: 9CB9FE3F-E5C2-4D9F-B384-B7F122593424 | AO18: https://swbiodiversity.org/seinet/collections/individual/index.php?occid=32902746 | AP18: PRJNA1200080 | AR18: SYST-MOR-0007357 | AS18: SYST-MOR-0007357_S83_1.fq.gz | AT18: SYST-MOR-0007357_S83_2.fq.gz | AW18: subg. Quercus | AX18: Quercus | AY18: Prinoideae
A19: 1951 | B19: QUE001951 | D19: MB-MG507 | I19: Quercus macrocarpa | J19: 42922 | K19: Mira Garner, Sara Desmond, Bruce Ford | L19: fresh, frozen | M19: HIPP | N19: Canada | O19: Manitoba | R19: Whiteshell Provincial Park | T19: granite hill top, graminoid dominated, scattered oaks | Y19: Quercus macrocarpa Michx. | AC19: 49.71376 | AD19: -95.24385 | AE19: 1164 ft | AH19: Characterization of Native Oak Germplasm, Quercus macrocarpa and related white oaks. USDA SCA 58-8020-5-005 | AI19: MOR | AJ19: MOR<USA-IL>: Garner, MB-MG507 | AK19: 184787 | AM19: 0094466MOR | AN19: 69344D93-B62C-4FD3-A7BD-2C75F4B4224F | AO19: https://swbiodiversity.org/seinet/collections/individual/index.php?occid=32899981 | AP19: PRJNA1200080 | AR19: SYST-MOR-0007358 | AS19: SYST-MOR-0007358_S84_1.fq.gz | AT19: SYST-MOR-0007358_S84_2.fq.gz | AU19: SAMN46848251 | AV19: PRJNA1223965 | AW19: subg. Quercus | AX19: Quercus | AY19: Prinoideae
A20: 1952 | B20: QUE001952 | D20: MB-MG508 | I20: Quercus macrocarpa | J20: 42922 | K20: Mira Garner, Sara Desmond, Bruce Ford | L20: fresh, frozen | M20: HIPP | N20: Canada | O20: Manitoba | R20: Whiteshell Provincial Park | T20: granite hill, edge of pipeline | Y20: Quercus macrocarpa Michx. | AC20: 49.71278 | AD20: -95.24432 | AE20: 1161 ft | AH20: Characterization of Native Oak Germplasm, Quercus macrocarpa and related white oaks. USDA SCA 58-8020-5-005 | AI20: MOR | AJ20: MOR<USA-IL>: Garner, MB-MG508 | AK20: 184788 | AM20: 0094467MOR | AN20: 5F7FC7BD-6CE9-4570-90A9-C377B303C819 | AO20: https://swbiodiversity.org/seinet/collections/individual/index.php?occid=32899444 | AP20: PRJNA1200080 | AR20: SYST-MOR-0007359 | AS20: SYST-MOR-0007359_S85_1.fq.gz | AT20: SYST-MOR-0007359_S85_2.fq.gz | AW20: subg. Quercus | AX20: Quercus | AY20: Prinoideae
A21: 1953 | B21: QUE001953 | D21: MB-MG509 | I21: Quercus macrocarpa | J21: 42922 | K21: Mira Garner, Sara Desmond, Bruce Ford | L21: fresh, frozen | M21: HIPP | N21: Canada | O21: Manitoba | R21: Whiteshell Provincial Park | S21: near side of Block4 Rd. | T21: granite hill top, graminoid dominated, scattered oaks | Y21: Quercus macrocarpa Michx. | AC21: 49.71278 | AD21: -95.2445 | AE21: 1190 ft | AH21: Characterization of Native Oak Germplasm, Quercus macrocarpa and related white oaks. USDA SCA 58-8020-5-005 | AI21: MOR | AJ21: MOR<USA-IL>: Garner, MB-MG509 | AK21: 184789 | AM21: 0094468MOR | AN21: 3A28C8D5-FA33-4BA2-AF7B-03FC0557198C | AO21: https://swbiodiversity.org/seinet/collections/individual/index.php?occid=32896704 | AP21: PRJNA1200080 | AR21: SYST-MOR-0007360 | AS21: SYST-MOR-0007360_S86_1.fq.gz | AT21: SYST-MOR-0007360_S86_2.fq.gz | AW21: subg. Quercus | AX21: Quercus | AY21: Prinoideae
A22: 1954 | B22: QUE001954 | D22: MB-MG510 | I22: Quercus macrocarpa | J22: 42922 | K22: Mira Garner, Sara Desmond, Bruce Ford | L22: fresh, frozen | M22: HIPP | N22: Canada | O22: Manitoba | R22: Whiteshell Provincial Park | S22: driveway off Block 4 Rd. | T22: granite hill top, graminoid dominated, scattered oaks | Y22: Quercus macrocarpa Michx. | AC22: 49.71216 | AD22: -95.24463 | AE22: 1132 ft | AH22: Characterization of Native Oak Germplasm, Quercus macrocarpa and related white oaks. USDA SCA 58-8020-5-005 | AI22: MOR | AJ22: MOR<USA-IL>: Garner, MB-MG510 | AK22: 184790 | AM22: 0094469MOR | AN22: 5086887E-854D-43E3-872B-BED3C273891A | AO22: https://swbiodiversity.org/seinet/collections/individual/index.php?occid=32897403 | AP22: PRJNA1200080 | AR22: SYST-MOR-0007361 | AS22: SYST-MOR-0007361_S87_1.fq.gz | AT22: SYST-MOR-0007361_S87_2.fq.gz | AW22: subg. Quercus | AX22: Quercus | AY22: Prinoideae
A23: 1955 | B23: QUE001955 | D23: MB-MG511 | I23: Quercus macrocarpa | J23: 42922 | K23: Mira Garner, Sara Desmond, Bruce Ford | L23: fresh, frozen | M23: HIPP | N23: Canada | O23: Manitoba | R23: Whiteshell Provincial Park | S23: driveway off Block 4 Rd. | T23: granite hill top, graminoid dominated, scattered oaks | Y23: Quercus macrocarpa Michx.|Q. macrocarpa | Z23: A.L. Hipp and G. Ribicoff | AA23: 45597 | AB23: NA | AC23: 49.71204 | AD23: -95.2448 | AE23: 1146 ft | AH23: Characterization of Native Oak Germplasm, Quercus macrocarpa and related white oaks. USDA SCA 58-8020-5-005 | AI23: MOR | AJ23: MOR<USA-IL>: Garner, MB-MG511 | AK23: 184791 | AM23: 0094470MOR | AN23: FDA8A786-D73C-46F9-971E-2E361BCD299B | AO23: https://swbiodiversity.org/seinet/collections/individual/index.php?occid=32893163 | AP23: PRJNA1200080 | AR23: SYST-MOR-0007362 | AS23: SYST-MOR-0007362_S88_1.fq.gz | AT23: SYST-MOR-0007362_S88_2.fq.gz | AU23: SAMN46848252 | AV23: PRJNA1223965 | AW23: subg. Quercus | AX23: Quercus | AY23: Prinoideae
A24: 1956 | B24: QUE001956 | D24: MB-MG512 | I24: Quercus macrocarpa | J24: 42922 | K24: Mira Garner, Sara Desmond, Bruce Ford | L24: fresh, frozen | M24: HIPP | N24: Canada | O24: Manitoba | R24: Whiteshell Provincial Park | S24: driveway off Block 4 Rd. | T24: granite hill top, graminoid dominated, scattered oaks | Y24: Quercus macrocarpa Michx. | AC24: 49.71195 | AD24: -95.24492 | AE24: 1136 ft | AH24: Characterization of Native Oak Germplasm, Quercus macrocarpa and related white oaks. USDA SCA 58-8020-5-005 | AI24: MOR | AJ24: MOR<USA-IL>: Garner, MB-MG512 | AK24: 184792 | AM24: 0094471MOR | AN24: A35BBADB-F1B3-45D0-B23C-164C854379E1 | AO24: https://swbiodiversity.org/seinet/collections/individual/index.php?occid=32902370 | AP24: PRJNA1200080 | AR24: SYST-MOR-0007363 | AS24: SYST-MOR-0007363_S89_1.fq.gz | AT24: SYST-MOR-0007363_S89_2.fq.gz | AW24: subg. Quercus | AX24: Quercus | AY24: Prinoideae
A25: 1957 | B25: QUE001957 | D25: MB-MG513 | I25: Quercus macrocarpa | J25: 42922 | K25: Mira Garner, Sara Desmond, Bruce Ford | L25: fresh, frozen | M25: HIPP | N25: Canada | O25: Manitoba | R25: Whiteshell Provincial Park | S25: driveway off Block 4 Rd. | T25: granite hill top, graminoid dominated, scattered oaks | Y25: Quercus macrocarpa Michx. | AC25: 49.71209 | AD25: -95.24496 | AE25: 1142 ft | AH25: Characterization of Native Oak Germplasm, Quercus macrocarpa and related white oaks. USDA SCA 58-8020-5-005 | AI25: MOR | AJ25: MOR<USA-IL>: Garner, MB-MG513 | AK25: 184793 | AM25: 0094472MOR | AN25: 4623A47F-5F67-47B3-B1A7-0FE6E8D85359 | AO25: https://swbiodiversity.org/seinet/collections/individual/index.php?occid=32897228 | AP25: PRJNA1200080 | AR25: SYST-MOR-0007364 | AS25: SYST-MOR-0007364_S90_1.fq.gz | AT25: SYST-MOR-0007364_S90_2.fq.gz | AW25: subg. Quercus | AX25: Quercus | AY25: Prinoideae
A26: 1958 | B26: QUE001958 | D26: MB-MG514 | I26: Quercus macrocarpa | J26: 42922 | K26: Mira Garner, Sara Desmond, Bruce Ford | L26: fresh, frozen | M26: HIPP | N26: Canada | O26: Manitoba | R26: Whiteshell Provincial Park | T26: granite hill top, graminoid dominated, scattered oaks | Y26: Quercus macrocarpa Michx. | AC26: 49.71187 | AD26: -95.24472 | AE26: 1129 ft | AH26: Characterization of Native Oak Germplasm, Quercus macrocarpa and related white oaks. USDA SCA 58-8020-5-005 | AI26: MOR | AJ26: MOR<USA-IL>: Garner, MB-MG514 | AK26: 184794 | AM26: 0094761MOR | AN26: 39448A13-F434-4E2E-96EB-B553CF88E750 | AO26: https://swbiodiversity.org/seinet/collections/individual/index.php?occid=32896034 | AP26: PRJNA1200080 | AR26: SYST-MOR-0007365 | AS26: SYST-MOR-0007365_S91_1.fq.gz | AT26: SYST-MOR-0007365_S91_2.fq.gz | AW26: subg. Quercus | AX26: Quercus | AY26: Prinoideae
A27: 1959 | B27: QUE001959 | D27: MB-MG515 | I27: Quercus macrocarpa | J27: 42922 | K27: Mira Garner, Sara Desmond, Bruce Ford | L27: fresh, frozen | M27: HIPP | N27: Canada | O27: Manitoba | R27: Whiteshell Provincial Park | T27: granite hill top, graminoid dominated, scattered oaks | Y27: Quercus macrocarpa Michx.|Q. macrocarpa | Z27: A.L. Hipp and G. Ribicoff | AA27: 45597 | AB27: NA | AC27: 49.71187 | AD27: -95.24456 | AE27: 1139 ft | AH27: Characterization of Native Oak Germplasm, Quercus macrocarpa and related white oaks. USDA SCA 58-8020-5-005 | AI27: MOR | AJ27: MOR<USA-IL>: Garner, MB-MG515 | AK27: 184795 | AM27: 0094762MOR | AN27: EBC5CC3D-A829-48D9-9464-24869C027C16 | AO27: https://swbiodiversity.org/seinet/collections/individual/index.php?occid=32892877 | AP27: PRJNA1200080 | AR27: SYST-MOR-0007366 | AS27: SYST-MOR-0007366_S92_1.fq.gz | AT27: SYST-MOR-0007366_S92_2.fq.gz | AU27: SAMN46848253 | AV27: PRJNA1223965 | AW27: subg. Quercus | AX27: Quercus | AY27: Prinoideae
A28: 1960 | B28: QUE001960 | D28: MB-MG516 | I28: Quercus macrocarpa | J28: 42923 | K28: Mira Garner, Sara Desmond | L28: fresh, frozen | M28: HIPP | N28: Canada | O28: Manitoba | R28: Spruce Woods Provincial Park | T28: Open grassland, scattered oaks | Y28: Quercus macrocarpa Michx.|Q. macrocarpa | Z28: A.L. Hipp and G. Ribicoff | AA28: 45597 | AB28: NA | AC28: 49.76104 | AD28: -99.15971 | AE28: 1239 ft | AH28: Characterization of Native Oak Germplasm, Quercus macrocarpa and related white oaks. USDA SCA 58-8020-5-005 | AI28: MOR | AJ28: MOR<USA-IL>: Garner, MB-MG516 | AK28: 184796 | AM28: 0094763MOR | AN28: D597206D-E7ED-4306-AA7F-A6299DEA4269 | AO28: https://swbiodiversity.org/seinet/collections/individual/index.php?occid=32890562 | AP28: PRJNA1200080 | AR28: SYST-MOR-0007367 | AS28: SYST-MOR-0007367_S93_1.fq.gz | AT28: SYST-MOR-0007367_S93_2.fq.gz | AU28: SAMN46848254 | AV28: PRJNA1223965 | AW28: subg. Quercus | AX28: Quercus | AY28: Prinoideae
A29: 1961 | B29: QUE001961 | D29: MB-MG517 | I29: Quercus macrocarpa | J29: 42923 | K29: Mira Garner, Sara Desmond | L29: fresh, frozen | M29: HIPP | N29: Canada | O29: Manitoba | R29: Spruce Woods Provincial Park | T29: Open grassland, scattered oaks | Y29: Quercus macrocarpa Michx. | AC29: 49.76095 | AD29: -99.15983 | AE29: 1238 ft | AH29: Characterization of Native Oak Germplasm, Quercus macrocarpa and related white oaks. USDA SCA 58-8020-5-005 | AI29: MOR | AJ29: MOR<USA-IL>: Garner, MB-MG517 | AK29: 184797 | AM29: 0094764MOR | AN29: 0694611B-9776-4FAD-A50A-537DC1C74081 | AO29: https://swbiodiversity.org/seinet/collections/individual/index.php?occid=32898061 | AP29: PRJNA1200080 | AR29: SYST-MOR-0007368 | AS29: SYST-MOR-0007368_S94_1.fq.gz | AT29: SYST-MOR-0007368_S94_2.fq.gz | AW29: subg. Quercus | AX29: Quercus | AY29: Prinoideae
A30: 1962 | B30: QUE001962 | D30: MB-MG518 | I30: Quercus macrocarpa | J30: 42923 | K30: Mira Garner, Sara Desmond | L30: fresh, frozen | M30: HIPP | N30: Canada | O30: Manitoba | R30: Spruce Woods Provincial Park | T30: Open grassland, scattered oaks | Y30: Quercus macrocarpa Michx. | AC30: 49.76061 | AD30: -99.15928 | AE30: 1239 ft | AH30: Characterization of Native Oak Germplasm, Quercus macrocarpa and related white oaks. USDA SCA 58-8020-5-005 | AI30: MOR | AJ30: MOR<USA-IL>: Garner, MB-MG518 | AK30: 184798 | AM30: 0094765MOR | AN30: EF972DF2-FF43-4470-AF01-B9A73B373522 | AO30: https://swbiodiversity.org/seinet/collections/individual/index.php?occid=32892262 | AP30: PRJNA1200080 | AR30: SYST-MOR-0007369 | AS30: SYST-MOR-0007369_S95_1.fq.gz | AT30: SYST-MOR-0007369_S95_2.fq.gz | AW30: subg. Quercus | AX30: Quercus | AY30: Prinoideae
A31: 1963 | B31: QUE001963 | D31: MB-MG519 | I31: Quercus macrocarpa | J31: 42923 | K31: Mira Garner, Sara Desmond | L31: fresh, frozen | M31: HIPP | N31: Canada | O31: Manitoba | R31: Spruce Woods Provincial Park | T31: Edge of open grassland and spruce grove. | Y31: Quercus macrocarpa Michx.|Q. macrocarpa | Z31: A.L. Hipp and G. Ribicoff | AA31: 45597 | AB31: NA | AC31: 49.76137 | AD31: -99.1604 | AE31: 1253 ft | AH31: Characterization of Native Oak Germplasm, Quercus macrocarpa and related white oaks. USDA SCA 58-8020-5-005 | AI31: MOR | AJ31: MOR<USA-IL>: Garner, MB-MG519 | AK31: 184799 | AM31: 0094766MOR | AN31: A8C24DBB-7A98-4FE8-9A33-F6B9F090D7E4 | AO31: https://swbiodiversity.org/seinet/collections/individual/index.php?occid=32903572 | AP31: PRJNA1200080 | AR31: SYST-MOR-0007370 | AS31: SYST-MOR-0007370_S96_1.fq.gz | AT31: SYST-MOR-0007370_S96_2.fq.gz | AU31: SAMN46848255 | AV31: PRJNA1223965 | AW31: subg. Quercus | AX31: Quercus | AY31: Prinoideae
A32: 1964 | B32: QUE001964 | D32: MB-MG520 | I32: Quercus macrocarpa | J32: 42923 | K32: Mira Garner, Sara Desmond | L32: fresh, frozen | M32: HIPP | N32: Canada | O32: Manitoba | R32: Spruce Woods Provincial Park | T32: Open grassland, scattered oaks | Y32: Quercus| Quercus macrocarpa Michx | Z32: A.Hipp | AA32: 44873 | AB32: NA | AC32: 49.76117 | AD32: -99.16142 | AE32: 1236 ft | AH32: Characterization of Native Oak Germplasm, Quercus macrocarpa and related white oaks. USDA SCA 58-8020-5-005 | AI32: MOR | AJ32: MOR<USA-IL>: Garner, MB-MG520 | AK32: 184800 | AM32: 0094767MOR | AN32: 8F8C437F-A257-4DE8-9D07-3FDCC28B4590 | AO32: https://swbiodiversity.org/seinet/collections/individual/index.php?occid=32902069 | AP32: PRJNA1200080 | AR32: SYST-MOR-0007371 | AS32: SYST-MOR-0007371_S97_1.fq.gz | AT32: SYST-MOR-0007371_S97_2.fq.gz | AW32: subg. Quercus | AX32: Quercus | AY32: Prinoideae
A33: 1965 | B33: QUE001965 | D33: MB-MG521 | I33: Quercus macrocarpa | J33: 42923 | K33: Mira Garner, Sara Desmond | L33: fresh, frozen | M33: HIPP | N33: Canada | O33: Manitoba | R33: Spruce Woods Provincial Park | T33: Open grassland, scattered oaks | Y33: Quercus macrocarpa Michx. | AC33: 49.76147 | AD33: -99.15886 | AE33: 1250 ft | AH33: Characterization of Native Oak Germplasm, Quercus macrocarpa and related white oaks. USDA SCA 58-8020-5-005 | AI33: MOR | AJ33: MOR<USA-IL>: Garner, MB-MG521 | AK33: 184801 | AM33: 0094768MOR | AN33: 7A97C2AA-3775-49A5-9383-645FC2AF301A | AO33: https://swbiodiversity.org/seinet/collections/individual/index.php?occid=32901617 | AP33: PRJNA1200080 | AR33: SYST-MOR-0007372 | AS33: SYST-MOR-0007372_S98_1.fq.gz | AT33: SYST-MOR-0007372_S98_2.fq.gz | AW33: subg. Quercus | AX33: Quercus | AY33: Prinoideae
A34: 1966 | B34: QUE001966 | D34: MB-MG522 | I34: Quercus macrocarpa | J34: 42923 | K34: Mira Garner, Sara Desmond | L34: fresh, frozen | M34: HIPP | N34: Canada | O34: Manitoba | R34: Spruce Woods Provincial Park | T34: Open grassland, scattered oaks | Y34: Quercus macrocarpa Michx. | AC34: 49.76103 | AD34: -99.15848 | AE34: 1252 ft | AH34: Characterization of Native Oak Germplasm, Quercus macrocarpa and related white oaks. USDA SCA 58-8020-5-005 | AI34: MOR | AJ34: MOR<USA-IL>: Garner, MB-MG522 | AK34: 184802 | AM34: 0094769MOR | AN34: 29EBF677-1B29-47E1-9F2F-5A33024FF652 | AO34: https://swbiodiversity.org/seinet/collections/individual/index.php?occid=32895016 | AP34: PRJNA1200080 | AR34: SYST-MOR-0007373 | AS34: SYST-MOR-0007373_S99_1.fq.gz | AT34: SYST-MOR-0007373_S99_2.fq.gz | AW34: subg. Quercus | AX34: Quercus | AY34: Prinoideae
A35: 1967 | B35: QUE001967 | D35: MB-MG523 | I35: Quercus macrocarpa | J35: 42923 | K35: Mira Garner, Sara Desmond | L35: fresh, frozen | M35: HIPP | N35: Canada | O35: Manitoba | R35: Spruce Woods Provincial Park | T35: Oak grove in open grassland | Y35: Quercus macrocarpa Michx. | AC35: 49.76043 | AD35: -99.15858 | AE35: 1250 ft | AH35: Characterization of Native Oak Germplasm, Quercus macrocarpa and related white oaks. USDA SCA 58-8020-5-005 | AI35: MOR | AJ35: MOR<USA-IL>: Garner, MB-MG523 | AK35: 184803 | AM35: 0094770MOR | AN35: 4F9E0BBB-2600-4B9F-B296-CEF11575CD98 | AO35: https://swbiodiversity.org/seinet/collections/individual/index.php?occid=32898269 | AP35: PRJNA1200080 | AR35: SYST-MOR-0007374 | AS35: SYST-MOR-0007374_S100_1.fq.gz | AT35: SYST-MOR-0007374_S100_2.fq.gz | AW35: subg. Quercus | AX35: Quercus | AY35: Prinoideae
A36: 1968 | B36: QUE001968 | D36: MB-MG524 | I36: Quercus macrocarpa | J36: 42923 | K36: Mira Garner, Sara Desmond | L36: fresh, frozen | M36: HIPP | N36: Canada | O36: Manitoba | R36: Spruce Woods Provincial Park | T36: Open grassland, scattered oaks | Y36: Quercus macrocarpa Michx. | AC36: 49.76006 | AD36: -99.15826 | AE36: 1256 ft | AH36: Characterization of Native Oak Germplasm, Quercus macrocarpa and related white oaks. USDA SCA 58-8020-5-005 | AI36: MOR | AJ36: MOR<USA-IL>: Garner, MB-MG524 | AK36: 184810 | AM36: 0094777MOR | AN36: DEC1A0E9-8863-4338-B755-2D6979E46CB3 | AO36: https://swbiodiversity.org/seinet/collections/individual/index.php?occid=32891958 | AP36: PRJNA1200080 | AR36: SYST-MOR-0007375 | AS36: SYST-MOR-0007375_S101_1.fq.gz | AT36: SYST-MOR-0007375_S101_2.fq.gz | AW36: subg. Quercus | AX36: Quercus | AY36: Prinoideae
A37: 1969 | B37: QUE001969 | D37: MB-MG525 | I37: Quercus macrocarpa | J37: 42923 | K37: Mira Garner, Sara Desmond | L37: fresh, frozen | M37: HIPP | N37: Canada | O37: Manitoba | R37: Spruce Woods Provincial Park | T37: Open grassland, scattered oaks | Y37: Quercus macrocarpa Michx.|Q. macrocarpa | Z37: A.L. Hipp and G. Ribicoff | AA37: 45597 | AB37: NA | AC37: 49.76055 | AD37: -99.15844 | AE37: 1285 ft | AH37: Characterization of Native Oak Germplasm, Quercus macrocarpa and related white oaks. USDA SCA 58-8020-5-005 | AI37: MOR | AJ37: MOR<USA-IL>: Garner, MB-MG525 | AK37: 184811 | AM37: 0094778MOR | AN37: EE1255ED-764C-4AE9-BD7C-D57DD035C3A5 | AO37: https://swbiodiversity.org/seinet/collections/individual/index.php?occid=32891804 | AP37: PRJNA1200080 | AR37: SYST-MOR-0007376 | AS37: SYST-MOR-0007376_S102_1.fq.gz | AT37: SYST-MOR-0007376_S102_2.fq.gz | AU37: SAMN46848256 | AV37: PRJNA1223965 | AW37: subg. Quercus | AX37: Quercus | AY37: Prinoideae
A38: 1970 | B38: QUE001970 | D38: MB-MG526 | I38: Quercus macrocarpa | J38: 42923 | K38: Mira Garner, Sara Desmond | L38: fresh, frozen | M38: HIPP | N38: Canada | O38: Manitoba | R38: Assiniboine Forest | S38: near parking lot/entrance to trail | T38: Aspen and Oak woods | Y38: Quercus macrocarpa Michx. | AE38: 1255 | AG38: gps collected: 49.76058, -99.15864, 1255 ft. These coordinates match better previous site. | AH38: Characterization of Native Oak Germplasm, Quercus macrocarpa and related white oaks. USDA SCA 58-8020-5-005 | AI38: MOR | AJ38: MOR<USA-IL>: Garner, MB-MG526 | AK38: 184812 | AM38: 0094779MOR | AN38: D3637413-DDA4-4ABF-A5C1-D7DB04375320 | AO38: https://swbiodiversity.org/seinet/collections/individual/index.php?occid=32891249 | AP38: PRJNA1200080 | AR38: SYST-MOR-0007377 | AS38: SYST-MOR-0007377_S103_1.fq.gz | AT38: SYST-MOR-0007377_S103_2.fq.gz | AW38: subg. Quercus | AX38: Quercus | AY38: Prinoideae
A39: 1971 | B39: QUE001971 | D39: MB-MG527 | I39: Quercus macrocarpa | J39: 42923 | K39: Mira Garner, Sara Desmond | L39: fresh, frozen | M39: HIPP | N39: Canada | O39: Manitoba | R39: Assiniboine Forest | S39: near trail | T39: Aspen and Oak woods | Y39: Quercus macrocarpa Michx.|Q. macrocarpa | Z39: A.L. Hipp and G. Ribicoff | AA39: 45597 | AB39: NA | AC39: 49.85783 | AD39: -97.24911 | AE39: 788 ft | AH39: Characterization of Native Oak Germplasm, Quercus macrocarpa and related white oaks. USDA SCA 58-8020-5-005 | AI39: MOR | AJ39: MOR<USA-IL>: Garner, MB-MG527 | AK39: 184813 | AM39: 0094780MOR | AN39: 6379DAFC-32C9-4ABB-8656-294E336DFDC6 | AO39: https://swbiodiversity.org/seinet/collections/individual/index.php?occid=32899497 | AP39: PRJNA1200080 | AR39: SYST-MOR-0007378 | AS39: SYST-MOR-0007378_S104_1.fq.gz | AT39: SYST-MOR-0007378_S104_2.fq.gz | AU39: SAMN46848257 | AV39: PRJNA1223965 | AW39: subg. Quercus | AX39: Quercus | AY39: Prinoideae
A40: 1972 | B40: QUE001972 | D40: MB-MG528 | I40: Quercus macrocarpa | J40: 42923 | K40: Mira Garner, Sara Desmond | L40: fresh, frozen | M40: HIPP | N40: Canada | O40: Manitoba | R40: Assiniboine Forest | S40: off trail in woody area | T40: woody area | Y40: Quercus macrocarpa Michx. | AC40: 49.85778 | AD40: -97.24848 | AE40: 777 ft | AH40: Characterization of Native Oak Germplasm, Quercus macrocarpa and related white oaks. USDA SCA 58-8020-5-005 | AI40: MOR | AJ40: MOR<USA-IL>: Garner, MB-MG528 | AK40: 184814 | AM40: 0094781MOR | AN40: EAF80350-69EE-4CC4-A083-55894790ED29 | AO40: https://swbiodiversity.org/seinet/collections/individual/index.php?occid=32892535 | AP40: PRJNA1200080 | AR40: SYST-MOR-0007379 | AS40: SYST-MOR-0007379_S105_1.fq.gz | AT40: SYST-MOR-0007379_S105_2.fq.gz | AW40: subg. Quercus | AX40: Quercus | AY40: Prinoideae
A41: 1973 | B41: QUE001973 | D41: MB-MG529 | I41: Quercus macrocarpa | J41: 42923 | K41: Mira Garner, Sara Desmond | L41: fresh, frozen | M41: HIPP | N41: Canada | O41: Manitoba | R41: Assiniboine Forest | T41: Aspen and Oak woods | Y41: Quercus macrocarpa Michx. | AC41: 49.85423 | AD41: -97.2482 | AE41: 828 ft | AH41: Characterization of Native Oak Germplasm, Quercus macrocarpa and related white oaks. USDA SCA 58-8020-5-005 | AI41: MOR | AJ41: MOR<USA-IL>: Garner, MB-MG529 | AK41: 184804 | AM41: 0094771MOR | AN41: A3DC5431-AC5E-4A65-B229-4E7EAB480F35 | AO41: https://swbiodiversity.org/seinet/collections/individual/index.php?occid=32902397 | AP41: PRJNA1200080 | AR41: SYST-MOR-0007380 | AS41: SYST-MOR-0007380_S106_1.fq.gz | AT41: SYST-MOR-0007380_S106_2.fq.gz | AW41: subg. Quercus | AX41: Quercus | AY41: Prinoideae
A42: 1974 | B42: QUE001974 | D42: MB-MG530 | I42: Quercus macrocarpa | J42: 42923 | K42: Mira Garner, Sara Desmond | L42: fresh, frozen | M42: HIPP | N42: Canada | O42: Manitoba | R42: Assiniboine Forest | T42: Aspen and Oak woods | Y42: Quercus macrocarpa Michx.|Q. macrocarpa | Z42: A.L. Hipp and G. Ribicoff | AA42: 45597 | AB42: NA | AC42: 49.85392 | AD42: -97.24828 | AE42: 798 ft | AH42: Characterization of Native Oak Germplasm, Quercus macrocarpa and related white oaks. USDA SCA 58-8020-5-005 | AI42: MOR | AJ42: MOR<USA-IL>: Garner, MB-MG530 | AK42: 184805 | AM42: 0094772MOR | AN42: 7EA513F0-817A-4585-873A-412DCA357A6E | AO42: https://swbiodiversity.org/seinet/collections/individual/index.php?occid=32901705 | AP42: PRJNA1200080 | AR42: SYST-MOR-0007381 | AS42: SYST-MOR-0007381_S107_1.fq.gz | AT42: SYST-MOR-0007381_S107_2.fq.gz | AU42: SAMN46848258 | AV42: PRJNA1223965 | AW42: subg. Quercus | AX42: Quercus | AY42: Prinoideae
A43: 1975 | B43: QUE001975 | D43: MB-MG531 | I43: Quercus macrocarpa | J43: 42923 | K43: Mira Garner, Sara Desmond | L43: fresh, frozen | M43: HIPP | N43: Canada | O43: Manitoba | R43: Assiniboine Forest | S43: near trail | T43: Aspen and Oak woods | Y43: Quercus macrocarpa Michx. | AC43: 49.85399 | AD43: -97.24744 | AE43: 794 ft | AH43: Characterization of Native Oak Germplasm, Quercus macrocarpa and related white oaks. USDA SCA 58-8020-5-005 | AI43: MOR | AJ43: MOR<USA-IL>: Garner, MB-MG531 | AK43: 184806 | AM43: 0094773MOR | AN43: 26EA6AC5-142E-46B7-8989-822C9F33BC09 | AO43: https://swbiodiversity.org/seinet/collections/individual/index.php?occid=32894961 | AP43: PRJNA1200080 | AR43: SYST-MOR-0007382 | AS43: SYST-MOR-0007382_S108_1.fq.gz | AT43: SYST-MOR-0007382_S108_2.fq.gz | AW43: subg. Quercus | AX43: Quercus | AY43: Prinoideae
A44: 1976 | B44: QUE001976 | D44: MB-MG532 | I44: Quercus macrocarpa | J44: 42923 | K44: Mira Garner, Sara Desmond | L44: fresh, frozen | M44: HIPP | N44: Canada | O44: Manitoba | R44: Assiniboine Forest | S44: near trail | T44: Aspen and Oak woods | Y44: Quercus macrocarpa Michx. | AC44: 49.85417 | AD44: -97.24689 | AE44: 782 ft | AH44: Characterization of Native Oak Germplasm, Quercus macrocarpa and related white oaks. USDA SCA 58-8020-5-005 | AI44: MOR | AJ44: MOR<USA-IL>: Garner, MB-MG532 | AK44: 184815 | AM44: 0094782MOR | AN44: A8319283-86D8-49D0-9EE5-DDC114886BFE | AO44: https://swbiodiversity.org/seinet/collections/individual/index.php?occid=32903309 | AP44: PRJNA1200080 | AR44: SYST-MOR-0007383 | AS44: SYST-MOR-0007383_S109_1.fq.gz | AT44: SYST-MOR-0007383_S109_2.fq.gz | AW44: subg. Quercus | AX44: Quercus | AY44: Prinoideae
A45: 1977 | B45: QUE001977 | D45: MB-MG533 | I45: Quercus macrocarpa | J45: 42923 | K45: Mira Garner, Sara Desmond | L45: fresh, frozen | M45: HIPP | N45: Canada | O45: Manitoba | R45: Assiniboine Forest | S45: near trail | T45: Aspen and Oak woods | Y45: Quercus macrocarpa Michx. | AC45: 49.85421 | AD45: -97.24621 | AE45: 790 ft | AH45: Characterization of Native Oak Germplasm, Quercus macrocarpa and related white oaks. USDA SCA 58-8020-5-005 | AI45: MOR | AJ45: MOR<USA-IL>: Garner, MB-MG533 | AK45: 184807 | AM45: 0094774MOR | AN45: D50CED7C-8B92-40C3-A34A-6DD9B63678E1 | AO45: https://swbiodiversity.org/seinet/collections/individual/index.php?occid=32890938 | AP45: PRJNA1200080 | AR45: SYST-MOR-0007384 | AS45: SYST-MOR-0007384_S110_1.fq.gz | AT45: SYST-MOR-0007384_S110_2.fq.gz | AW45: subg. Quercus | AX45: Quercus | AY45: Prinoideae
A46: 1978 | B46: QUE001978 | D46: MB-MG534 | I46: Quercus macrocarpa | J46: 42923 | K46: Mira Garner, Sara Desmond | L46: fresh, frozen | M46: HIPP | N46: Canada | O46: Manitoba | R46: Assiniboine Forest | S46: near trail | T46: Aspen and Oak woods | Y46: Quercus macrocarpa Michx. | AC46: 49.85374 | AD46: -97.24739 | AE46: 795 ft | AH46: Characterization of Native Oak Germplasm, Quercus macrocarpa and related white oaks. USDA SCA 58-8020-5-005 | AI46: MOR | AJ46: MOR<USA-IL>: Garner, MB-MG534 | AK46: 184808 | AM46: 0094775MOR | AN46: 5179E832-A7F5-4E76-B0BF-2FA01295DE21 | AO46: https://swbiodiversity.org/seinet/collections/individual/index.php?occid=32897846 | AP46: PRJNA1200080 | AR46: SYST-MOR-0007385 | AS46: SYST-MOR-0007385_S111_1.fq.gz | AT46: SYST-MOR-0007385_S111_2.fq.gz | AW46: subg. Quercus | AX46: Quercus | AY46: Prinoideae
A47: 1979 | B47: QUE001979 | D47: MB-MG535 | I47: Quercus macrocarpa | J47: 42923 | K47: Mira Garner, Sara Desmond | L47: fresh, frozen | M47: HIPP | N47: Canada | O47: Manitoba | R47: Assiniboine Forest | S47: near trail | T47: Aspen and Oak woods | Y47: Quercus macrocarpa Michx.|Q. macrocarpa | Z47: A.L. Hipp | AA47: 45597 | AB47: NA | AC47: 49.85344 | AD47: -97.24661 | AE47: 796 ft | AH47: Characterization of Native Oak Germplasm, Quercus macrocarpa and related white oaks. USDA SCA 58-8020-5-005 | AI47: MOR | AJ47: MOR<USA-IL>: Garner, MB-MG535 | AK47: 184809 | AM47: 0094776MOR | AN47: 4C20D710-6143-45A3-BC32-E2FB2EE83AC2 | AO47: https://swbiodiversity.org/seinet/collections/individual/index.php?occid=32898231 | AP47: PRJNA1200080 | AR47: SYST-MOR-0007386 | AS47: SYST-MOR-0007386_S112_1.fq.gz | AT47: SYST-MOR-0007386_S112_2.fq.gz | AU47: SAMN46848259 | AV47: PRJNA1223965 | AW47: subg. Quercus | AX47: Quercus | AY47: Prinoideae
A48: 1980 | B48: QUE001980 | D48: WI-MG536 | I48: Quercus macrocarpa | J48: 42925 | K48: Mira Garner, Sara Desmond | L48: fresh, frozen | M48: HIPP | N48: USA | O48: Wisconsin | P48: Sawyer | Q48: County | R48: Chequamegon-Nicolet National Forest | S48: Round Lake | T48: wooded, edge of lake | Y48: Quercus macrocarpa Michx.|Q. macrocarpa | Z48: A.L. Hipp and G. Ribicoff | AA48: 45597 | AB48: NA | AC48: 46.02383 | AD48: -91.14557 | AE48: 1420 ft | AH48: Characterization of Native Oak Germplasm, Quercus macrocarpa and related white oaks. USDA SCA 58-8020-5-005 | AI48: MOR | AJ48: MOR<USA-IL>: Garner, WI-MG536 | AK48: 184816 | AM48: 0094783MOR | AN48: 68FD2615-32EF-4F0B-AD37-A6A55ED27785 | AO48: https://swbiodiversity.org/seinet/collections/individual/index.php?occid=32899971 | AP48: PRJNA1200080 | AR48: SYST-MOR-0007387 | AS48: SYST-MOR-0007387_S113_1.fq.gz | AT48: SYST-MOR-0007387_S113_2.fq.gz | AU48: SAMN46848260 | AV48: PRJNA1223965 | AW48: subg. Quercus | AX48: Quercus | AY48: Prinoideae
A49: 1981 | B49: QUE001981 | D49: WI-MG537 | I49: Quercus macrocarpa | J49: 42925 | K49: Mira Garner, Sara Desmond | L49: fresh, frozen | M49: HIPP | N49: USA | O49: Wisconsin | P49: Sawyer | Q49: County | R49: Chequamegon-Nicolet National Forest | S49: Round Lake | T49: Roadside, wooded edge of lake | U49: Acer, Hickory, red oak | Y49: Quercus macrocarpa Michx. | AC49: 46.02195 | AD49: -91.14559 | AE49: 1461 ft | AH49: Characterization of Native Oak Germplasm, Quercus macrocarpa and related white oaks. USDA SCA 58-8020-5-005 | AI49: MOR | AJ49: MOR<USA-IL>: Garner, WI-MG537 | AK49: 184817 | AM49: 0094784MOR | AN49: 00C59379-F3A7-49D0-9380-3C5A9CD10C81 | AO49: https://swbiodiversity.org/seinet/collections/individual/index.php?occid=32897091 | AP49: PRJNA1200080 | AR49: SYST-MOR-0007388 | AS49: SYST-MOR-0007388_S114_1.fq.gz | AT49: SYST-MOR-0007388_S114_2.fq.gz | AW49: subg. Quercus | AX49: Quercus | AY49: Prinoideae
A50: 1982 | B50: QUE001982 | D50: WI-MG538 | I50: Quercus macrocarpa | J50: 42925 | K50: Mira Garner, Sara Desmond | L50: fresh, frozen | M50: HIPP | N50: USA | O50: Wisconsin | P50: Sawyer | Q50: County | R50: Chequamegon-Nicolet National Forest | S50: Round Lake | T50: Roadside | U50: Woods dominated by Acer and red oak | Y50: Quercus macrocarpa Michx.|Q. macrocarpa | Z50: A.L. Hipp and G. Ribicoff | AA50: 45597 | AB50: NA | AC50: 46.0259 | AD50: -91.14288 | AE50: 1522 ft | AH50: Characterization of Native Oak Germplasm, Quercus macrocarpa and related white oaks. USDA SCA 58-8020-5-005 | AI50: MOR | AJ50: MOR<USA-IL>: Garner, WI-MG538 | AK50: 184818 | AM50: 0094785MOR | AN50: 6B176A5A-40F5-463C-92EF-DB5DE309FE0D | AO50: https://swbiodiversity.org/seinet/collections/individual/index.php?occid=32898689 | AP50: PRJNA1200080 | AR50: SYST-MOR-0007389 | AS50: SYST-MOR-0007389_S115_1.fq.gz | AT50: SYST-MOR-0007389_S115_2.fq.gz | AU50: SAMN46848261 | AV50: PRJNA1223965 | AW50: subg. Quercus | AX50: Quercus | AY50: Prinoideae
A51: 1983 | B51: QUE001983 | D51: WI-MG539 | I51: Quercus macrocarpa | J51: 42925 | K51: Mira Garner, Sara Desmond | L51: fresh, frozen | M51: HIPP | N51: USA | O51: Wisconsin | P51: Sawyer | Q51: County | R51: Chequamegon-Nicolet National Forest | S51: Round Lake | T51: Roadside | Y51: Quercus macrocarpa Michx. | AC51: 46.02631 | AD51: -91.14168 | AE51: 1582 ft | AH51: Characterization of Native Oak Germplasm, Quercus macrocarpa and related white oaks. USDA SCA 58-8020-5-005 | AI51: MOR | AJ51: MOR<USA-IL>: Garner, WI-MG539 | AK51: 184819 | AM51: 0094786MOR | AN51: 7F76A837-AEEE-4C06-8F5A-281AD3BE7138 | AO51: https://swbiodiversity.org/seinet/collections/individual/index.php?occid=32901266 | AP51: PRJNA1200080 | AR51: SYST-MOR-0007390 | AS51: SYST-MOR-0007390_S116_1.fq.gz | AT51: SYST-MOR-0007390_S116_2.fq.gz | AW51: subg. Quercus | AX51: Quercus | AY51: Prinoideae
A52: 1984 | B52: QUE001984 | D52: WI-MG540 | I52: Quercus macrocarpa | J52: 42925 | K52: Mira Garner, Sara Desmond | L52: fresh, frozen | M52: HIPP | N52: USA | O52: Wisconsin | P52: Sawyer | Q52: County | R52: Chequamegon-Nicolet National Forest | S52: Round Lake | T52: Edge of woods and road | U52: Acer, red oak | Y52: Quercus macrocarpa Michx. | AC52: 46.02451 | AD52: -91.12828 | AE52: 1421 ft | AH52: Characterization of Native Oak Germplasm, Quercus macrocarpa and related white oaks. USDA SCA 58-8020-5-005 | AI52: MOR | AJ52: MOR<USA-IL>: Garner, WI-MG540 | AK52: 184820 | AM52: 0094787MOR | AN52: 4F882B35-A5C8-4453-A2BE-F29677DB4B57 | AO52: https://swbiodiversity.org/seinet/collections/individual/index.php?occid=32898263 | AP52: PRJNA1200080 | AR52: SYST-MOR-0007391 | AS52: SYST-MOR-0007391_S117_1.fq.gz | AT52: SYST-MOR-0007391_S117_2.fq.gz | AW52: subg. Quercus | AX52: Quercus | AY52: Prinoideae
A53: 1985 | B53: QUE001985 | D53: WI-MG541 | I53: Quercus macrocarpa | J53: 42925 | K53: Mira Garner, Sara Desmond | L53: fresh, frozen | M53: HIPP | N53: USA | O53: Wisconsin | P53: Sawyer | Q53: County | R53: Chequamegon-Nicolet National Forest | S53: Round Lake | T53: roadside | Y53: Quercus macrocarpa Michx.|Q. macrocarpa | Z53: A.L. Hipp and G. Ribicoff | AA53: 45597 | AB53: NA | AC53: 46.0244 | AD53: -91.12945 | AE53: 1485 ft | AH53: Characterization of Native Oak Germplasm, Quercus macrocarpa and related white oaks. USDA SCA 58-8020-5-005 | AI53: MOR | AJ53: MOR<USA-IL>: Garner, WI-MG541 | AK53: 184821 | AM53: 0094788MOR | AN53: 2CD24528-FD37-4E15-8335-A00A639A5B34 | AO53: https://swbiodiversity.org/seinet/collections/individual/index.php?occid=32896223 | AP53: PRJNA1200080 | AR53: SYST-MOR-0007392 | AS53: SYST-MOR-0007392_S118_1.fq.gz | AT53: SYST-MOR-0007392_S118_2.fq.gz | AU53: SAMN46848262 | AV53: PRJNA1223965 | AW53: subg. Quercus | AX53: Quercus | AY53: Prinoideae
A54: 2056 | B54: QUE002056 | D54: Minooka 1 | I54: Quercus macrocarpa | K54: Ian Pearse | L54: fresh, frozen | M54: PEARSE-HIPP | N54: USA | O54: Kansas | P54: Russell | Q54: County | R54: Minooka Park Recreation Area | T54: Riparian area near large resevoir | U54: Cottonwood, willow | Y54: Quercus macrocarpa | AB54: 3 population vouchers- Minooka A: Q. macrocarpa (specimen somewhat uncertain), A.L.Hipp Nov 2024; Minooka B: Q. macrocarpa, A.L. Hipp & G. Ribicoff, Nov 2024; Minooka C: Q. macrocarpa, A.L. Hipp & G. Ribicoff, Nov 2024 | AC54: 38.963586 | AD54: -98.58906 | AH54: Characterization of Native Oak Germplasm, Quercus macrocarpa and related white oaks. USDA SCA 58-8020-5-005 | AI54: MOR | AJ54: MOR<USA-IL>: Pearse, no. Minooka A, B and C (Population vouchers for Minooka 1-10 ) | AK54: 185349 [Q. macrocarpa-specimen somewhat uncertain], 185350 [Q. macrocarpa], 185351 [Q. macrocarpa] | AL54: population vouchers for Minooka | AM54: 0095509MOR|0095510MOR|0095511MOR | AN54: 2EAD666B-E092-4950-9577-99098D4AE289|52EABE62-BA2E-4907-BA09-019B8809C4D5|CB0D7A42-52D1-4E2E-B4F8-4D48D286BCCF | AP54: PRJNA1200080 | AR54: SYST-MOR-0007393 | AS54: SYST-MOR-0007393_S119_1.fq.gz | AT54: SYST-MOR-0007393_S119_2.fq.gz | AW54: subg. Quercus | AX54: Quercus | AY54: Prinoideae
A55: 2057 | B55: QUE002057 | D55: Minooka 2 | I55: Quercus macrocarpa | K55: Ian Pearse | L55: fresh, frozen | M55: PEARSE-HIPP | N55: USA | O55: Kansas | P55: Russell | Q55: County | R55: Minooka Park Recreation Area | T55: Riparian area near large resevoir | U55: Cottonwood, willow | Y55: Quercus macrocarpa | AB55: 3 population vouchers- Minooka A: Q. macrocarpa (specimen somewhat uncertain), A.L.Hipp Nov 2024; Minooka B: Q. macrocarpa, A.L. Hipp & G. Ribicoff, Nov 2024; Minooka C: Q. macrocarpa, A.L. Hipp & G. Ribicoff, Nov 2024 | AC55: 38.963586 | AD55: -98.58906 | AH55: Characterization of Native Oak Germplasm, Quercus macrocarpa and related white oaks. USDA SCA 58-8020-5-005 | AI55: MOR | AJ55: MOR<USA-IL>: Pearse, no. Minooka A, B and C (Population vouchers for Minooka 1-10 ) | AK55: 185349 [Q. macrocarpa-specimen somewhat uncertain], 185350 [Q. macrocarpa], 185351 [Q. macrocarpa] | AL55: population vouchers for Minooka | AM55: 0095509MOR|0095510MOR|0095511MOR | AN55: 2EAD666B-E092-4950-9577-99098D4AE289|52EABE62-BA2E-4907-BA09-019B8809C4D5|CB0D7A42-52D1-4E2E-B4F8-4D48D286BCCF | AP55: PRJNA1200080 | AR55: SYST-MOR-0007394 | AS55: SYST-MOR-0007394_S120_1.fq.gz | AT55: SYST-MOR-0007394_S120_2.fq.gz | AU55: SAMN46848263 | AV55: PRJNA1223965 | AW55: subg. Quercus | AX55: Quercus | AY55: Prinoideae
A56: 2058 | B56: QUE002058 | D56: Minooka 3 | I56: Quercus macrocarpa | K56: Ian Pearse | L56: fresh, frozen | M56: PEARSE-HIPP | N56: USA | O56: Kansas | P56: Russell | Q56: County | R56: Minooka Park Recreation Area | T56: Riparian area near large resevoir | U56: Cottonwood, willow | Y56: Quercus macrocarpa | AB56: 3 population vouchers- Minooka A: Q. macrocarpa (specimen somewhat uncertain), A.L.Hipp Nov 2024; Minooka B: Q. macrocarpa, A.L. Hipp & G. Ribicoff, Nov 2024; Minooka C: Q. macrocarpa, A.L. Hipp & G. Ribicoff, Nov 2024 | AC56: 38.963586 | AD56: -98.58906 | AH56: Characterization of Native Oak Germplasm, Quercus macrocarpa and related white oaks. USDA SCA 58-8020-5-005 | AI56: MOR | AJ56: MOR<USA-IL>: Pearse, no. Minooka A, B and C (Population vouchers for Minooka 1-10 ) | AK56: 185349 [Q. macrocarpa-specimen somewhat uncertain], 185350 [Q. macrocarpa], 185351 [Q. macrocarpa] | AL56: population vouchers for Minooka | AM56: 0095509MOR|0095510MOR|0095511MOR | AN56: 2EAD666B-E092-4950-9577-99098D4AE289|52EABE62-BA2E-4907-BA09-019B8809C4D5|CB0D7A42-52D1-4E2E-B4F8-4D48D286BCCF | AP56: PRJNA1200080 | AR56: SYST-MOR-0007395 | AS56: SYST-MOR-0007395_S121_1.fq.gz | AT56: SYST-MOR-0007395_S121_2.fq.gz | AU56: SAMN46848264 | AV56: PRJNA1223965 | AW56: subg. Quercus | AX56: Quercus | AY56: Prinoideae
A57: 2059 | B57: QUE002059 | D57: Minooka 4 | I57: Quercus macrocarpa | K57: Ian Pearse | L57: fresh, frozen | M57: PEARSE-HIPP | N57: USA | O57: Kansas | P57: Russell | Q57: County | R57: Minooka Park Recreation Area | T57: Riparian area near large resevoir | U57: Cottonwood, willow | Y57: Quercus macrocarpa | AB57: 3 population vouchers- Minooka A: Q. macrocarpa (specimen somewhat uncertain), A.L.Hipp Nov 2024; Minooka B: Q. macrocarpa, A.L. Hipp & G. Ribicoff, Nov 2024; Minooka C: Q. macrocarpa, A.L. Hipp & G. Ribicoff, Nov 2024 | AC57: 38.963586 | AD57: -98.58906 | AH57: Characterization of Native Oak Germplasm, Quercus macrocarpa and related white oaks. USDA SCA 58-8020-5-005 | AI57: MOR | AJ57: MOR<USA-IL>: Pearse, no. Minooka A, B and C (Population vouchers for Minooka 1-10 ) | AK57: 185349 [Q. macrocarpa-specimen somewhat uncertain], 185350 [Q. macrocarpa], 185351 [Q. macrocarpa] | AL57: population vouchers for Minooka | AM57: 0095509MOR|0095510MOR|0095511MOR | AN57: 2EAD666B-E092-4950-9577-99098D4AE289|52EABE62-BA2E-4907-BA09-019B8809C4D5|CB0D7A42-52D1-4E2E-B4F8-4D48D286BCCF | AP57: PRJNA1200080 | AR57: SYST-MOR-0007396 | AS57: SYST-MOR-0007396_S122_1.fq.gz | AT57: SYST-MOR-0007396_S122_2.fq.gz | AU57: SAMN46848265 | AV57: PRJNA1223965 | AW57: subg. Quercus | AX57: Quercus | AY57: Prinoideae
A58: 2060 | B58: QUE002060 | D58: Minooka 5 | I58: Quercus macrocarpa | K58: Ian Pearse | L58: fresh, frozen | M58: PEARSE-HIPP | N58: USA | O58: Kansas | P58: Russell | Q58: County | R58: Minooka Park Recreation Area | T58: Riparian area near large resevoir | U58: Cottonwood, willow | Y58: Quercus macrocarpa | AB58: 3 population vouchers- Minooka A: Q. macrocarpa (specimen somewhat uncertain), A.L.Hipp Nov 2024; Minooka B: Q. macrocarpa, A.L. Hipp & G. Ribicoff, Nov 2024; Minooka C: Q. macrocarpa, A.L. Hipp & G. Ribicoff, Nov 2024 | AC58: 38.963586 | AD58: -98.58906 | AH58: Characterization of Native Oak Germplasm, Quercus macrocarpa and related white oaks. USDA SCA 58-8020-5-005 | AI58: MOR | AJ58: MOR<USA-IL>: Pearse, no. Minooka A, B and C (Population vouchers for Minooka 1-10 ) | AK58: 185349 [Q. macrocarpa-specimen somewhat uncertain], 185350 [Q. macrocarpa], 185351 [Q. macrocarpa] | AL58: population vouchers for Minooka | AM58: 0095509MOR|0095510MOR|0095511MOR | AN58: 2EAD666B-E092-4950-9577-99098D4AE289|52EABE62-BA2E-4907-BA09-019B8809C4D5|CB0D7A42-52D1-4E2E-B4F8-4D48D286BCCF | AP58: PRJNA1200080 | AR58: SYST-MOR-0007397 | AS58: SYST-MOR-0007397_S123_1.fq.gz | AT58: SYST-MOR-0007397_S123_2.fq.gz | AW58: subg. Quercus | AX58: Quercus | AY58: Prinoideae
A59: 2061 | B59: QUE002061 | D59: Minooka 6 | I59: Quercus macrocarpa | K59: Ian Pearse | L59: fresh, frozen | M59: PEARSE-HIPP | N59: USA | O59: Kansas | P59: Russell | Q59: County | R59: Minooka Park Recreation Area | T59: Riparian area near large resevoir | U59: Cottonwood, willow | Y59: Quercus macrocarpa | AB59: 3 population vouchers- Minooka A: Q. macrocarpa (specimen somewhat uncertain), A.L.Hipp Nov 2024; Minooka B: Q. macrocarpa, A.L. Hipp & G. Ribicoff, Nov 2024; Minooka C: Q. macrocarpa, A.L. Hipp & G. Ribicoff, Nov 2024 | AC59: 38.963586 | AD59: -98.58906 | AH59: Characterization of Native Oak Germplasm, Quercus macrocarpa and related white oaks. USDA SCA 58-8020-5-005 | AI59: MOR | AJ59: MOR<USA-IL>: Pearse, no. Minooka A, B and C (Population vouchers for Minooka 1-10 ) | AK59: 185349 [Q. macrocarpa-specimen somewhat uncertain], 185350 [Q. macrocarpa], 185351 [Q. macrocarpa] | AL59: population vouchers for Minooka | AM59: 0095509MOR|0095510MOR|0095511MOR | AN59: 2EAD666B-E092-4950-9577-99098D4AE289|52EABE62-BA2E-4907-BA09-019B8809C4D5|CB0D7A42-52D1-4E2E-B4F8-4D48D286BCCF | AP59: PRJNA1200080 | AR59: SYST-MOR-0007398 | AS59: SYST-MOR-0007398_S124_1.fq.gz | AT59: SYST-MOR-0007398_S124_2.fq.gz | AW59: subg. Quercus | AX59: Quercus | AY59: Prinoideae
A60: 2062 | B60: QUE002062 | D60: Minooka 7 | I60: Quercus macrocarpa | K60: Ian Pearse | L60: fresh, frozen | M60: PEARSE-HIPP | N60: USA | O60: Kansas | P60: Russell | Q60: County | R60: Minooka Park Recreation Area | T60: Riparian area near large resevoir | U60: Cottonwood, willow | Y60: Quercus macrocarpa | AB60: 3 population vouchers- Minooka A: Q. macrocarpa (specimen somewhat uncertain), A.L.Hipp Nov 2024; Minooka B: Q. macrocarpa, A.L. Hipp & G. Ribicoff, Nov 2024; Minooka C: Q. macrocarpa, A.L. Hipp & G. Ribicoff, Nov 2024 | AC60: 38.963586 | AD60: -98.58906 | AH60: Characterization of Native Oak Germplasm, Quercus macrocarpa and related white oaks. USDA SCA 58-8020-5-005 | AI60: MOR | AJ60: MOR<USA-IL>: Pearse, no. Minooka A, B and C (Population vouchers for Minooka 1-10 ) | AK60: 185349 [Q. macrocarpa-specimen somewhat uncertain], 185350 [Q. macrocarpa], 185351 [Q. macrocarpa] | AL60: population vouchers for Minooka | AM60: 0095509MOR|0095510MOR|0095511MOR | AN60: 2EAD666B-E092-4950-9577-99098D4AE289|52EABE62-BA2E-4907-BA09-019B8809C4D5|CB0D7A42-52D1-4E2E-B4F8-4D48D286BCCF | AP60: PRJNA1200080 | AR60: SYST-MOR-0007399 | AS60: SYST-MOR-0007399_S125_1.fq.gz | AT60: SYST-MOR-0007399_S125_2.fq.gz | AW60: subg. Quercus | AX60: Quercus | AY60: Prinoideae
A61: 2063 | B61: QUE002063 | D61: Minooka 8 | I61: Quercus macrocarpa | K61: Ian Pearse | L61: fresh, frozen | M61: PEARSE-HIPP | N61: USA | O61: Kansas | P61: Russell | Q61: County | R61: Minooka Park Recreation Area | T61: Riparian area near large resevoir | U61: Cottonwood, willow | Y61: Quercus macrocarpa | AB61: 3 population vouchers- Minooka A: Q. macrocarpa (specimen somewhat uncertain), A.L.Hipp Nov 2024; Minooka B: Q. macrocarpa, A.L. Hipp & G. Ribicoff, Nov 2024; Minooka C: Q. macrocarpa, A.L. Hipp & G. Ribicoff, Nov 2024 | AC61: 38.963586 | AD61: -98.58906 | AH61: Characterization of Native Oak Germplasm, Quercus macrocarpa and related white oaks. USDA SCA 58-8020-5-005 | AI61: MOR | AJ61: MOR<USA-IL>: Pearse, no. Minooka A, B and C (Population vouchers for Minooka 1-10 ) | AK61: 185349 [Q. macrocarpa-specimen somewhat uncertain], 185350 [Q. macrocarpa], 185351 [Q. macrocarpa] | AL61: population vouchers for Minooka | AM61: 0095509MOR|0095510MOR|0095511MOR | AN61: 2EAD666B-E092-4950-9577-99098D4AE289|52EABE62-BA2E-4907-BA09-019B8809C4D5|CB0D7A42-52D1-4E2E-B4F8-4D48D286BCCF | AP61: PRJNA1200080 | AR61: SYST-MOR-0007400 | AS61: SYST-MOR-0007400_S126_1.fq.gz | AT61: SYST-MOR-0007400_S126_2.fq.gz | AW61: subg. Quercus | AX61: Quercus | AY61: Prinoideae
A62: 2064 | B62: QUE002064 | D62: Minooka 9 | I62: Quercus macrocarpa | K62: Ian Pearse | L62: fresh, frozen | M62: PEARSE-HIPP | N62: USA | O62: Kansas | P62: Russell | Q62: County | R62: Minooka Park Recreation Area | T62: Riparian area near large resevoir | U62: Cottonwood, willow | Y62: Quercus macrocarpa | AB62: 3 population vouchers- Minooka A: Q. macrocarpa (specimen somewhat uncertain), A.L.Hipp Nov 2024; Minooka B: Q. macrocarpa, A.L. Hipp & G. Ribicoff, Nov 2024; Minooka C: Q. macrocarpa, A.L. Hipp & G. Ribicoff, Nov 2024 | AC62: 38.963586 | AD62: -98.58906 | AH62: Characterization of Native Oak Germplasm, Quercus macrocarpa and related white oaks. USDA SCA 58-8020-5-005 | AI62: MOR | AJ62: MOR<USA-IL>: Pearse, no. Minooka A, B and C (Population vouchers for Minooka 1-10 ) | AK62: 185349 [Q. macrocarpa-specimen somewhat uncertain], 185350 [Q. macrocarpa], 185351 [Q. macrocarpa] | AL62: population vouchers for Minooka | AM62: 0095509MOR|0095510MOR|0095511MOR | AN62: 2EAD666B-E092-4950-9577-99098D4AE289|52EABE62-BA2E-4907-BA09-019B8809C4D5|CB0D7A42-52D1-4E2E-B4F8-4D48D286BCCF | AP62: PRJNA1200080 | AR62: SYST-MOR-0007401 | AS62: SYST-MOR-0007401_S127_1.fq.gz | AT62: SYST-MOR-0007401_S127_2.fq.gz | AW62: subg. Quercus | AX62: Quercus | AY62: Prinoideae
A63: 2065 | B63: QUE002065 | D63: Minooka 10 | I63: Quercus macrocarpa | K63: Ian Pearse | L63: fresh, frozen | M63: PEARSE-HIPP | N63: USA | O63: Kansas | P63: Russell | Q63: County | R63: Minooka Park Recreation Area | T63: Riparian area near large resevoir | U63: Cottonwood, willow | Y63: Quercus macrocarpa | AB63: 3 population vouchers- Minooka A: Q. macrocarpa (specimen somewhat uncertain), A.L.Hipp Nov 2024; Minooka B: Q. macrocarpa, A.L. Hipp & G. Ribicoff, Nov 2024; Minooka C: Q. macrocarpa, A.L. Hipp & G. Ribicoff, Nov 2024 | AC63: 38.963586 | AD63: -98.58906 | AH63: Characterization of Native Oak Germplasm, Quercus macrocarpa and related white oaks. USDA SCA 58-8020-5-005 | AI63: MOR | AJ63: MOR<USA-IL>: Pearse, no. Minooka A, B and C (Population vouchers for Minooka 1-10 ) | AK63: 185349 [Q. macrocarpa-specimen somewhat uncertain], 185350 [Q. macrocarpa], 185351 [Q. macrocarpa] | AL63: population vouchers for Minooka | AM63: 0095509MOR|0095510MOR|0095511MOR | AN63: 2EAD666B-E092-4950-9577-99098D4AE289|52EABE62-BA2E-4907-BA09-019B8809C4D5|CB0D7A42-52D1-4E2E-B4F8-4D48D286BCCF | AP63: PRJNA1200080 | AR63: SYST-MOR-0007402 | AS63: SYST-MOR-0007402_S128_1.fq.gz | AT63: SYST-MOR-0007402_S128_2.fq.gz | AW63: subg. Quercus | AX63: Quercus | AY63: Prinoideae
A64: 2066 | B64: QUE002066 | D64: Salina 1 | I64: Quercus macrocarpa | K64: Ian Pearse | L64: fresh, frozen | M64: PEARSE-HIPP | N64: USA | O64: Kansas | P64: Saline | Q64: County | R64: Lakewood Park | T64: Riparian, small town, city maintained park along river | U64: Cottonwood, willow | Y64: Quercus macrocarpa | AC64: 38.842944 | AD64: -97.588909 | AH64: Characterization of Native Oak Germplasm, Quercus macrocarpa and related white oaks. USDA SCA 58-8020-5-005 | AI64: MOR | AJ64: MOR<USA-IL>: Pearse, no. Salina (population voucher for Salina 1-6) | AK64: 185356 | AL64: population voucher for Salina | AM64: 0095508MOR | AN64: EA4BBD4B-38EF-4E86-B4E7-723DDB69B5AF | AO64: https://swbiodiversity.org/seinet/collections/individual/index.php?occid=32891750 | AP64: PRJNA1200080 | AR64: SYST-MOR-0007403 | AS64: SYST-MOR-0007403_S129_1.fq.gz | AT64: SYST-MOR-0007403_S129_2.fq.gz | AW64: subg. Quercus | AX64: Quercus | AY64: Prinoideae
A65: 2067 | B65: QUE002067 | D65: Salina 2 | I65: Quercus macrocarpa | K65: Ian Pearse | L65: fresh, frozen | M65: PEARSE-HIPP | N65: USA | O65: Kansas | P65: Saline | Q65: County | R65: Lakewood Park | T65: Riparian, small town, city maintained park along river | U65: Cottonwood, willow | Y65: Quercus macrocarpa | AC65: 38.842944 | AD65: -97.588909 | AH65: Characterization of Native Oak Germplasm, Quercus macrocarpa and related white oaks. USDA SCA 58-8020-5-005 | AI65: MOR | AJ65: MOR<USA-IL>: Pearse, no. Salina (population voucher for Salina 1-6) | AK65: 185356 | AL65: population voucher for Salina | AM65: 0095508MOR | AN65: EA4BBD4B-38EF-4E86-B4E7-723DDB69B5AF | AO65: https://swbiodiversity.org/seinet/collections/individual/index.php?occid=32891750 | AP65: PRJNA1200080 | AR65: SYST-MOR-0007404 | AS65: SYST-MOR-0007404_S130_1.fq.gz | AT65: SYST-MOR-0007404_S130_2.fq.gz | AW65: subg. Quercus | AX65: Quercus | AY65: Prinoideae
A66: 2068 | B66: QUE002068 | D66: Salina 3 | I66: Quercus macrocarpa | K66: Ian Pearse | L66: fresh, frozen | M66: PEARSE-HIPP | N66: USA | O66: Kansas | P66: Saline | Q66: County | R66: Lakewood Park | T66: Riparian, small town, city maintained park along river | U66: Cottonwood, willow | Y66: Quercus macrocarpa | AC66: 38.842944 | AD66: -97.588909 | AH66: Characterization of Native Oak Germplasm, Quercus macrocarpa and related white oaks. USDA SCA 58-8020-5-005 | AI66: MOR | AJ66: MOR<USA-IL>: Pearse, no. Salina (population voucher for Salina 1-6) | AK66: 185356 | AL66: population voucher for Salina | AM66: 0095508MOR | AN66: EA4BBD4B-38EF-4E86-B4E7-723DDB69B5AF | AO66: https://swbiodiversity.org/seinet/collections/individual/index.php?occid=32891750 | AP66: PRJNA1200080 | AR66: SYST-MOR-0007405 | AS66: SYST-MOR-0007405_S131_1.fq.gz | AT66: SYST-MOR-0007405_S131_2.fq.gz | AU66: SAMN46848266 | AV66: PRJNA1223965 | AW66: subg. Quercus | AX66: Quercus | AY66: Prinoideae
A67: 2069 | B67: QUE002069 | D67: Salina 4 | I67: Quercus macrocarpa | K67: Ian Pearse | L67: fresh, frozen | M67: PEARSE-HIPP | N67: USA | O67: Kansas | P67: Saline | Q67: County | R67: Lakewood Park | T67: Riparian, small town, city maintained park along river | U67: Cottonwood, willow | Y67: Quercus macrocarpa | AC67: 38.842944 | AD67: -97.588909 | AH67: Characterization of Native Oak Germplasm, Quercus macrocarpa and related white oaks. USDA SCA 58-8020-5-005 | AI67: MOR | AJ67: MOR<USA-IL>: Pearse, no. Salina (population voucher for Salina 1-6) | AK67: 185356 | AL67: population voucher for Salina | AM67: 0095508MOR | AN67: EA4BBD4B-38EF-4E86-B4E7-723DDB69B5AF | AO67: https://swbiodiversity.org/seinet/collections/individual/index.php?occid=32891750 | AP67: PRJNA1200080 | AR67: SYST-MOR-0007406 | AS67: SYST-MOR-0007406_S132_1.fq.gz | AT67: SYST-MOR-0007406_S132_2.fq.gz | AU67: SAMN46848267 | AV67: PRJNA1223965 | AW67: subg. Quercus | AX67: Quercus | AY67: Prinoideae
A68: 2070 | B68: QUE002070 | D68: Salina 5 | I68: Quercus macrocarpa | K68: Ian Pearse | L68: fresh, frozen | M68: PEARSE-HIPP | N68: USA | O68: Kansas | P68: Saline | Q68: County | R68: Lakewood Park | T68: Riparian, small town, city maintained park along river | U68: Cottonwood, willow | Y68: Quercus macrocarpa | AC68: 38.842944 | AD68: -97.588909 | AH68: Characterization of Native Oak Germplasm, Quercus macrocarpa and related white oaks. USDA SCA 58-8020-5-005 | AI68: MOR | AJ68: MOR<USA-IL>: Pearse, no. Salina (population voucher for Salina 1-6) | AK68: 185356 | AL68: population voucher for Salina | AM68: 0095508MOR | AN68: EA4BBD4B-38EF-4E86-B4E7-723DDB69B5AF | AO68: https://swbiodiversity.org/seinet/collections/individual/index.php?occid=32891750 | AP68: PRJNA1200080 | AR68: SYST-MOR-0007407 | AS68: SYST-MOR-0007407_S133_1.fq.gz | AT68: SYST-MOR-0007407_S133_2.fq.gz | AW68: subg. Quercus | AX68: Quercus | AY68: Prinoideae
A69: 2071 | B69: QUE002071 | D69: Salina 6 | I69: Quercus macrocarpa | K69: Ian Pearse | L69: fresh, frozen | M69: PEARSE-HIPP | N69: USA | O69: Kansas | P69: Saline | Q69: County | R69: Lakewood Park | T69: Riparian, small town, city maintained park along river | U69: Cottonwood, willow | Y69: Quercus macrocarpa | AC69: 38.842944 | AD69: -97.588909 | AH69: Characterization of Native Oak Germplasm, Quercus macrocarpa and related white oaks. USDA SCA 58-8020-5-005 | AI69: MOR | AJ69: MOR<USA-IL>: Pearse, no. Salina (population voucher for Salina 1-6) | AK69: 185356 | AL69: population voucher for Salina | AM69: 0095508MOR | AN69: EA4BBD4B-38EF-4E86-B4E7-723DDB69B5AF | AO69: https://swbiodiversity.org/seinet/collections/individual/index.php?occid=32891750 | AP69: PRJNA1200080 | AR69: SYST-MOR-0007408 | AS69: SYST-MOR-0007408_S134_1.fq.gz | AT69: SYST-MOR-0007408_S134_2.fq.gz | AW69: subg. Quercus | AX69: Quercus | AY69: Prinoideae
A70: 2110 | B70: QUE002110 | D70: IN-MG631 | I70: Quercus macrocarpa | J70: 42949 | K70: Mira Garner, Sara Desmond | L70: fresh, frozen | M70: HIPP | N70: USA | O70: Indiana | P70: Lake | Q70: County | R70: Burr Oak Woods | S70: Hobart | T70: Bur oak savanna, edge of trail | U70: Monarda fistulosa, Rubus, Joe Pye Weed | Y70: Quercus macrocarpa Michx.|Q. macrocarpa | Z70: A.L. Hipp and G. Ribicoff | AA70: 45597 | AB70: NA | AC70: 41.53273 | AD70: -87.2948 | AE70: 627 ft | AH70: Characterization of Native Oak Germplasm, Quercus macrocarpa and related white oaks. USDA SCA 58-8020-5-005 | AI70: MOR | AJ70: MOR<USA-IL>: Garner, IN-MG631 | AK70: 185844 | AM70: 0096861MOR | AN70: 84FBBEFC-AD20-4DDA-BAC1-FB767CE2FED3 | AO70: https://swbiodiversity.org/seinet/collections/individual/index.php?occid=32901807 | AP70: PRJNA1200080 | AR70: SYST-MOR-0007425 | AS70: SYST-MOR-0007425_S151_1.fq.gz | AT70: SYST-MOR-0007425_S151_2.fq.gz | AU70: SAMN46848293 | AV70: PRJNA1223965 | AW70: subg. Quercus | AX70: Quercus | AY70: Prinoideae
A71: 2111 | B71: QUE002111 | D71: IN-MG632 | I71: Quercus macrocarpa | J71: 42949 | K71: Mira Garner, Sara Desmond | L71: fresh, frozen | M71: HIPP | N71: USA | O71: Indiana | P71: Lake | Q71: County | R71: Burr Oak Woods | S71: Hobart | T71: Bur oak savanna, edge of trail | U71: Monarda fistulosa, Rubus, Joe Pye Weed | Y71: Quercus macrocarpa Michx. | AC71: 41.53281 | AD71: -87.29377 | AE71: 707 ft | AH71: Characterization of Native Oak Germplasm, Quercus macrocarpa and related white oaks. USDA SCA 58-8020-5-005 | AI71: MOR | AJ71: MOR<USA-IL>: Garner, IN-MG632 | AK71: 185845 | AM71: 0096860MOR | AN71: 8B586C32-0A7D-4FEE-8B30-10453F8FD6B0 | AO71: https://swbiodiversity.org/seinet/collections/individual/index.php?occid=32902477 | AP71: PRJNA1200080 | AR71: SYST-MOR-0007426 | AS71: SYST-MOR-0007426_S152_1.fq.gz | AT71: SYST-MOR-0007426_S152_2.fq.gz | AW71: subg. Quercus | AX71: Quercus | AY71: Prinoideae
A72: 2112 | B72: QUE002112 | D72: IN-MG633 | I72: Quercus macrocarpa | J72: 42949 | K72: Mira Garner, Sara Desmond | L72: fresh, frozen | M72: HIPP | N72: USA | O72: Indiana | P72: Lake | Q72: County | R72: Burr Oak Woods | S72: Hobart | T72: Bur oak savanna, edge of trail | U72: Monarda fistulosa, Rubus, Joe Pye Weed | Y72: Quercus macrocarpa Michx. | AC72: 41.53321 | AD72: -87.29336 | AE72: 668 ft | AH72: Characterization of Native Oak Germplasm, Quercus macrocarpa and related white oaks. USDA SCA 58-8020-5-005 | AI72: MOR | AJ72: MOR<USA-IL>: Garner, IN-MG633 | AK72: 186121 | AM72: 0097090MOR | AN72: 4F9B0E65-4F72-48C5-9219-7FFCAD61E784 | AO72: https://swbiodiversity.org/seinet/collections/individual/index.php?occid=32898268 | AP72: PRJNA1200080 | AR72: SYST-MOR-0007427 | AS72: SYST-MOR-0007427_S153_1.fq.gz | AT72: SYST-MOR-0007427_S153_2.fq.gz | AW72: subg. Quercus | AX72: Quercus | AY72: Prinoideae
A73: 2113 | B73: QUE002113 | D73: IN-MG634 | I73: Quercus macrocarpa | J73: 42949 | K73: Mira Garner, Sara Desmond | L73: fresh, frozen | M73: HIPP | N73: USA | O73: Indiana | P73: Lake | Q73: County | R73: Burr Oak Woods | S73: Hobart | T73: Bur oak savanna, edge of trail | U73: Monarda fistulosa, Rubus, Joe Pye Weed | Y73: Quercus macrocarpa Michx. | AC73: 41.53348 | AD73: -87.29231 | AE73: 677 ft | AH73: Characterization of Native Oak Germplasm, Quercus macrocarpa and related white oaks. USDA SCA 58-8020-5-005 | AI73: MOR | AJ73: MOR<USA-IL>: Garner, IN-MG634 | AK73: 185846 | AM73: 0096859MOR | AN73: F2F968A2-1B95-4231-A36B-60A77F866A16 | AO73: https://swbiodiversity.org/seinet/collections/individual/index.php?occid=32893019 | AP73: PRJNA1200080 | AR73: SYST-MOR-0007428 | AS73: SYST-MOR-0007428_S154_1.fq.gz | AT73: SYST-MOR-0007428_S154_2.fq.gz | AW73: subg. Quercus | AX73: Quercus | AY73: Prinoideae
A74: 2114 | B74: QUE002114 | D74: IN-MG635 | I74: Quercus macrocarpa | J74: 42949 | K74: Mira Garner, Sara Desmond | L74: fresh, frozen | M74: HIPP | N74: USA | O74: Indiana | P74: Lake | Q74: County | R74: Burr Oak Woods | S74: Hobart | T74: Bur oak savanna, edge of trail | U74: Monarda fistulosa, Rubus, Joe Pye Weed | Y74: Quercus macrocarpa Michx.|Q. macrocarpa | Z74: A.L. Hipp and G. Ribicoff | AA74: 45597 | AB74: NA | AC74: 41.53403 | AD74: -87.29146 | AE74: 698 ft | AH74: Characterization of Native Oak Germplasm, Quercus macrocarpa and related white oaks. USDA SCA 58-8020-5-005 | AI74: MOR | AJ74: MOR<USA-IL>: Garner, IN-MG635 | AK74: 186781 | AM74: 0097829MOR | AN74: 53848D7C-942C-4348-ACE5-A0AC2CD72913 | AO74: https://swbiodiversity.org/seinet/collections/individual/index.php?occid=32898328 | AP74: PRJNA1200080 | AR74: SYST-MOR-0007429 | AS74: SYST-MOR-0007429_S155_1.fq.gz | AT74: SYST-MOR-0007429_S155_2.fq.gz | AU74: SAMN46848294 | AV74: PRJNA1223965 | AW74: subg. Quercus | AX74: Quercus | AY74: Prinoideae
A75: 2115 | B75: QUE002115 | D75: IN-MG636 | I75: Quercus macrocarpa | J75: 42949 | K75: Mira Garner, Sara Desmond | L75: fresh, frozen | M75: HIPP | N75: USA | O75: Indiana | P75: Lake | Q75: County | R75: Burr Oak Woods | S75: Hobart | T75: Bur oak savanna, edge of trail | U75: Monarda fistulosa, Rubus, Joe Pye Weed | Y75: Quercus macrocarpa Michx. | AC75: 41.5345 | AD75: -87.29279 | AE75: 663 ft | AH75: Characterization of Native Oak Germplasm, Quercus macrocarpa and related white oaks. USDA SCA 58-8020-5-005 | AI75: MOR | AJ75: MOR<USA-IL>: Garner, IN-MG636 | AK75: 185847 | AM75: 0096858MOR | AN75: 5C8B3289-6506-49E7-B47E-11A737B305C0 | AO75: https://swbiodiversity.org/seinet/collections/individual/index.php?occid=32899390 | AP75: PRJNA1200080 | AR75: SYST-MOR-0007430 | AS75: SYST-MOR-0007430_S156_1.fq.gz | AT75: SYST-MOR-0007430_S156_2.fq.gz | AW75: subg. Quercus | AX75: Quercus | AY75: Prinoideae
A76: 2116 | B76: QUE002116 | D76: IN-MG637 | I76: Quercus macrocarpa | J76: 42949 | K76: Mira Garner, Sara Desmond | L76: fresh, frozen | M76: HIPP | N76: USA | O76: Indiana | P76: Lake | Q76: County | R76: Burr Oak Woods | S76: Hobart | T76: Bur oak savanna, edge of trail | U76: Monarda fistulosa, Rubus, Joe Pye Weed | Y76: Quercus macrocarpa Michx. | AC76: 41.53457 | AD76: -87.29403 | AE76: 661 ft | AH76: Characterization of Native Oak Germplasm, Quercus macrocarpa and related white oaks. USDA SCA 58-8020-5-005 | AI76: MOR | AJ76: MOR<USA-IL>: Garner, IN-MG637 | AK76: 185848 | AM76: 0096856MOR | AN76: C84B6CE0-CCDB-41E5-83FA-051544BB7CC5 | AO76: https://swbiodiversity.org/seinet/collections/individual/index.php?occid=32890337 | AP76: PRJNA1200080 | AR76: SYST-MOR-0007431 | AS76: SYST-MOR-0007431_S157_1.fq.gz | AT76: SYST-MOR-0007431_S157_2.fq.gz | AW76: subg. Quercus | AX76: Quercus | AY76: Prinoideae
A77: 2117 | B77: QUE002117 | D77: IN-MG638 | I77: Quercus macrocarpa | J77: 42949 | K77: Mira Garner, Sara Desmond | L77: fresh, frozen | M77: HIPP | N77: USA | O77: Indiana | P77: Lake | Q77: County | R77: Burr Oak Woods | S77: Hobart | T77: Bur oak savanna, edge of trail | U77: Monarda fistulosa, Rubus, Joe Pye Weed | Y77: Quercus macrocarpa Michx. | AC77: 41.53253 | AD77: -87.29661 | AE77: 673 ft | AH77: Characterization of Native Oak Germplasm, Quercus macrocarpa and related white oaks. USDA SCA 58-8020-5-005 | AI77: MOR | AJ77: MOR<USA-IL>: Garner, IN-MG638 | AK77: 186611 | AM77: 0097785MOR | AN77: 434695EF-68F8-488B-970C-75BA1752D161 | AO77: https://swbiodiversity.org/seinet/collections/individual/index.php?occid=32897498 | AP77: PRJNA1200080 | AR77: SYST-MOR-0007432 | AS77: SYST-MOR-0007432_S158_1.fq.gz | AT77: SYST-MOR-0007432_S158_2.fq.gz | AW77: subg. Quercus | AX77: Quercus | AY77: Prinoideae
A78: 2118 | B78: QUE002118 | D78: IN-MG639 | I78: Quercus macrocarpa | J78: 42949 | K78: Mira Garner, Sara Desmond | L78: fresh, frozen | M78: HIPP | N78: USA | O78: Indiana | P78: Lake | Q78: County | R78: Burr Oak Woods | S78: Hobart | T78: Bur oak savanna, edge of trail | U78: Monarda fistulosa, Rubus, Joe Pye Weed | Y78: Quercus macrocarpa Michx. | AC78: 41.53246 | AD78: -87.29684 | AE78: 655 ft | AH78: Characterization of Native Oak Germplasm, Quercus macrocarpa and related white oaks. USDA SCA 58-8020-5-005 | AI78: MOR | AJ78: MOR<USA-IL>: Garner, IN-MG639 | AK78: 185849 | AM78: 0096857MOR | AN78: C9BD4279-5523-4E0D-AEC5-56CAC1DE8884 | AO78: https://swbiodiversity.org/seinet/collections/individual/index.php?occid=32890787 | AP78: PRJNA1200080 | AR78: SYST-MOR-0007433 | AS78: SYST-MOR-0007433_S159_1.fq.gz | AT78: SYST-MOR-0007433_S159_2.fq.gz | AW78: subg. Quercus | AX78: Quercus | AY78: Prinoideae
A79: 2119 | B79: QUE002119 | D79: IN-MG640 | I79: Quercus macrocarpa | J79: 42949 | K79: Mira Garner, Sara Desmond | L79: fresh, frozen | M79: HIPP | N79: USA | O79: Indiana | P79: Lake | Q79: County | R79: Burr Oak Woods | S79: Hobart | T79: Bur oak savanna, edge of trail | U79: Monarda fistulosa, Rubus, Joe Pye Weed | Y79: Quercus macrocarpa Michx.|Q. macrocarpa | Z79: A.L. Hipp and G. Ribicoff | AA79: 45597 | AB79: NA | AC79: 41.53239 | AD79: -87.29708 | AE79: 660 ft | AH79: Characterization of Native Oak Germplasm, Quercus macrocarpa and related white oaks. USDA SCA 58-8020-5-005 | AI79: MOR | AJ79: MOR<USA-IL>: Garner, IN-MG640 | AK79: 185834 | AM79: 0096871MOR | AN79: F28F19DF-705E-4AF7-9026-5BA4541ADC09 | AO79: https://swbiodiversity.org/seinet/collections/individual/index.php?occid=32892996 | AP79: PRJNA1200080 | AR79: SYST-MOR-0007434 | AS79: SYST-MOR-0007434_S160_1.fq.gz | AT79: SYST-MOR-0007434_S160_2.fq.gz | AU79: SAMN46848295 | AV79: PRJNA1223965 | AW79: subg. Quercus | AX79: Quercus | AY79: Prinoideae
A80: 2325 | B80: QUE002325 | D80: MI-MG662 | F80: Quercusmacrocarpa | G80: 15% bicolor | I80: Quercus macrocarpa | J80: 42963 | K80: Mira Garner, Kasey Pham | L80: fresh, frozen | M80: HIPP | N80: USA | O80: Michigan | P80: Bay | Q80: County | R80: Pinconning Park | S80: Campground | T80: Lakeshore oak maple woods | Y80: Quercus macrocarpa Michx. | AC80: 43.85351 | AD80: -83.92468 | AE80: 591 ft | AH80: Characterization of Native Oak Germplasm, Quercus macrocarpa and related white oaks. USDA SCA 58-8020-5-005 | AI80: MOR | AJ80: MOR<USA-IL>: Garner, MI-MG662 | AK80: 185909 | AM80: 0096951MOR | AN80: A03FA31D-0FE6-47A1-966F-2A3BC58000FB | AO80: https://swbiodiversity.org/seinet/collections/individual/index.php?occid=32903487 | AP80: PRJNA1200080 | AR80: SYST-MOR-0007435 | AS80: SYST-MOR-0007435_S161_1.fq.gz | AT80: SYST-MOR-0007435_S161_2.fq.gz | AW80: subg. Quercus | AX80: Quercus | AY80: Prinoideae
A81: 2326 | B81: QUE002326 | D81: MI-MG663 | F81: Quercus bicolor x Quercus macrocarpa | I81: Quercus (bicolor x macrocarpa) | J81: 42963 | K81: Mira Garner, Kasey Pham | L81: fresh, frozen | M81: HIPP | N81: USA | O81: Michigan | P81: Bay | Q81: County | R81: Pinconning Park | S81: Campground | T81: Lakeshore oak maple woods | Y81: Quercus macrocarpa Michx.|Q. macrocarpa|Quercus (bicolor x macrocarpa) | Z81: A.L. Hipp and G. Ribicoff|Hipp and Ribicoff | AA81: 11/1/2024|NA | AB81: NA|molecular det | AC81: 43.85323 | AD81: -83.923 | AE81: 624 ft | AH81: Characterization of Native Oak Germplasm, Quercus macrocarpa and related white oaks. USDA SCA 58-8020-5-005 | AI81: MOR | AJ81: MOR<USA-IL>: Garner, MI-MG663 | AK81: 185760 | AM81: 0095541MOR | AN81: 20A84D76-26E5-437E-BE82-6E5961E64433 | AO81: https://swbiodiversity.org/seinet/collections/individual/index.php?occid=32895030 | AP81: PRJNA1200080 | AR81: SYST-MOR-0007436 | AS81: SYST-MOR-0007436_S162_1.fq.gz | AT81: SYST-MOR-0007436_S162_2.fq.gz | AU81: SAMN46848379 | AV81: PRJNA1223965 | AW81: #N/A | AX81: #N/A | AY81: #N/A
A82: 2327 | B82: QUE002327 | D82: MI-MG664 | I82: Quercus macrocarpa | J82: 42963 | K82: Mira Garner, Kasey Pham | L82: fresh, frozen | M82: HIPP | N82: USA | O82: Michigan | P82: Bay | Q82: County | R82: Pinconning Park | S82: Campground | T82: Lakeshore oak maple woods | X82: Upper leaves similar to Q. alba but lower leaves and bark look like Q. macrocarpa | Y82: Quercus macrocarpa Michx. | AC82: 43.85326 | AD82: -83.92494 | AE82: 598 ft | AH82: Characterization of Native Oak Germplasm, Quercus macrocarpa and related white oaks. USDA SCA 58-8020-5-005 | AI82: MOR | AJ82: MOR<USA-IL>: Garner, MI-MG664 | AK82: 185910 | AM82: 0096952MOR | AN82: 7EB97FC2-642F-47CC-9B99-9ADB233E3EE3 | AO82: https://swbiodiversity.org/seinet/collections/individual/index.php?occid=32901713 | AP82: PRJNA1200080 | AR82: SYST-MOR-0007437 | AS82: SYST-MOR-0007437_S163_1.fq.gz | AT82: SYST-MOR-0007437_S163_2.fq.gz | AW82: subg. Quercus | AX82: Quercus | AY82: Prinoideae
A83: 2328 | B83: QUE002328 | D83: MI-MG665 | F83: Quercus macrocarpa | G83: 5% bicolor | I83: Quercus macrocarpa | J83: 42963 | K83: Mira Garner, Kasey Pham | L83: fresh, frozen | M83: HIPP | N83: USA | O83: Michigan | P83: Bay | Q83: County | R83: Pinconning Park | S83: Ed Donnelly Trail entrance | T83: Lakeshore oak maple woods | Y83: Quercus macrocarpa Michx. | AC83: 43.85258 | AD83: -83.92463 | AE83: 573 ft | AH83: Characterization of Native Oak Germplasm, Quercus macrocarpa and related white oaks. USDA SCA 58-8020-5-005 | AI83: MOR | AJ83: MOR<USA-IL>: Garner, MI-MG665 | AK83: 185911 | AM83: 0096953MOR | AN83: 46B62892-F097-47C9-831C-D327053F1909 | AO83: https://swbiodiversity.org/seinet/collections/individual/index.php?occid=32897644 | AP83: PRJNA1200080 | AR83: SYST-MOR-0007438 | AS83: SYST-MOR-0007438_S164_1.fq.gz | AT83: SYST-MOR-0007438_S164_2.fq.gz | AW83: subg. Quercus | AX83: Quercus | AY83: Prinoideae
A84: 2329 | B84: QUE002329 | D84: MI-MG666 | F84: Quercus bicolor x Quercus macrocarpa | I84: Quercus macrocarpa | J84: 42963 | K84: Mira Garner, Kasey Pham | L84: fresh, frozen | M84: HIPP | N84: USA | O84: Michigan | P84: Bay | Q84: County | R84: Pinconning Park | S84: Ed Donnelly Trail | T84: Lakeshore oak maple woods | Y84: Quercus macrocarpa Michx. | AC84: 43.85009 | AD84: -83.92375 | AE84: 561 ft | AH84: Characterization of Native Oak Germplasm, Quercus macrocarpa and related white oaks. USDA SCA 58-8020-5-005 | AI84: MOR | AJ84: MOR<USA-IL>: Garner, MI-MG666 | AK84: 185912 | AM84: 0096954MOR | AN84: 88E0D79E-A587-48DB-8B83-939623DFAFAD | AO84: https://swbiodiversity.org/seinet/collections/individual/index.php?occid=32901870 | AP84: PRJNA1200080 | AR84: SYST-MOR-0007439 | AS84: SYST-MOR-0007439_S165_1.fq.gz | AT84: SYST-MOR-0007439_S165_2.fq.gz | AW84: subg. Quercus | AX84: Quercus | AY84: Prinoideae
A85: 2330 | B85: QUE002330 | D85: MI-MG667 | I85: Quercus macrocarpa | J85: 42963 | K85: Mira Garner, Kasey Pham | L85: fresh, frozen | M85: HIPP | N85: USA | O85: Michigan | P85: Bay | Q85: County | R85: Pinconning Park | S85: Ed Donnelly Trail | T85: Lakeshore oak maple woods | Y85: Quercus macrocarpa Michx. | AC85: 43.84961 | AD85: -83.92347 | AE85: 558 ft | AH85: Characterization of Native Oak Germplasm, Quercus macrocarpa and related white oaks. USDA SCA 58-8020-5-005 | AI85: MOR | AJ85: MOR<USA-IL>: Garner, MI-MG667 | AK85: 185913 | AM85: 0096955MOR | AN85: 26F9D5B8-54F1-44A5-B5AA-0FED6F054B00 | AO85: https://swbiodiversity.org/seinet/collections/individual/index.php?occid=32894984 | AP85: PRJNA1200080 | AR85: SYST-MOR-0007440 | AS85: SYST-MOR-0007440_S166_1.fq.gz | AT85: SYST-MOR-0007440_S166_2.fq.gz | AW85: subg. Quercus | AX85: Quercus | AY85: Prinoideae
A86: 2331 | B86: QUE002331 | D86: MI-MG668 | I86: Quercus macrocarpa | J86: 42963 | K86: Mira Garner, Kasey Pham | L86: fresh, frozen | M86: HIPP | N86: USA | O86: Michigan | P86: Bay | Q86: County | R86: Pinconning Park | S86: Ed Donnelly Trail | T86: Lakeshore oak maple woods | Y86: Quercus macrocarpa Michx.|Q. macrocarpa | Z86: A.L. Hipp and G. Ribicoff | AA86: 45597 | AB86: NA | AC86: 43.84822 | AD86: -83.92385 | AE86: 620 ft | AH86: Characterization of Native Oak Germplasm, Quercus macrocarpa and related white oaks. USDA SCA 58-8020-5-005 | AI86: MOR | AJ86: MOR<USA-IL>: Garner, MI-MG668 | AK86: 185914 | AM86: 0096956MOR | AN86: CD00C001-1AC0-4D38-949B-90086C61C8F8 | AO86: https://swbiodiversity.org/seinet/collections/individual/index.php?occid=32890797 | AP86: PRJNA1200080 | AR86: SYST-MOR-0007441 | AS86: SYST-MOR-0007441_S167_1.fq.gz | AT86: SYST-MOR-0007441_S167_2.fq.gz | AU86: SAMN46848380 | AV86: PRJNA1223965 | AW86: subg. Quercus | AX86: Quercus | AY86: Prinoideae
A87: 2332 | B87: QUE002332 | D87: MI-MG669 | F87: Quercus macrocarpa | G87: BC1 Q macrocarpa (69%) and Q bicolor (30%) | I87: Quercus macrocarpa | J87: 42963 | K87: Mira Garner, Kasey Pham | L87: fresh, frozen | M87: HIPP | N87: USA | O87: Michigan | P87: Bay | Q87: County | R87: Pinconning Park | S87: Campground | T87: Lakeshore oak maple woods | Y87: Quercus macrocarpa Michx. | AC87: 43.85426 | AD87: -83.92468 | AE87: 610 ft | AH87: Characterization of Native Oak Germplasm, Quercus macrocarpa and related white oaks. USDA SCA 58-8020-5-005 | AI87: MOR | AJ87: MOR<USA-IL>: Garner, MI-MG669 | AK87: 185915 | AM87: 0096957MOR | AN87: C4DA7E9D-3D15-46AF-A784-AEB7FA546C6A | AO87: https://swbiodiversity.org/seinet/collections/individual/index.php?occid=32890305 | AP87: PRJNA1200080 | AR87: SYST-MOR-0007442 | AS87: SYST-MOR-0007442_S168_1.fq.gz | AT87: SYST-MOR-0007442_S168_2.fq.gz | AW87: subg. Quercus | AX87: Quercus | AY87: Prinoideae
A88: 2333 | B88: QUE002333 | D88: MI-MG670 | F88: Quercus macrocarpa | G88: BC1 Q macrocarpa (76%) and Q bicolor (24%) | I88: Quercus macrocarpa | J88: 42963 | K88: Mira Garner, Kasey Pham | L88: fresh, frozen | M88: HIPP | N88: USA | O88: Michigan | P88: Bay | Q88: County | R88: Pinconning Park | S88: By cabins | T88: Lakeshore oak maple woods | Y88: Quercus macrocarpa Michx. | AC88: 43.85505 | AD88: -83.92502 | AE88: 606 ft | AH88: Characterization of Native Oak Germplasm, Quercus macrocarpa and related white oaks. USDA SCA 58-8020-5-005 | AI88: MOR | AJ88: MOR<USA-IL>: Garner, MI-MG670 | AK88: 185916 | AM88: 0096958MOR | AN88: 7DAB346D-18B4-4725-8D35-5F04F74238A9 | AO88: https://swbiodiversity.org/seinet/collections/individual/index.php?occid=32900368 | AP88: PRJNA1200080 | AR88: SYST-MOR-0007443 | AS88: SYST-MOR-0007443_S169_1.fq.gz | AT88: SYST-MOR-0007443_S169_2.fq.gz | AW88: subg. Quercus | AX88: Quercus | AY88: Prinoideae
A89: 2334 | B89: QUE002334 | D89: MI-MG671 | I89: Quercus macrocarpa | J89: 42963 | K89: Mira Garner, Kasey Pham | L89: fresh, frozen | M89: HIPP | N89: USA | O89: Michigan | P89: Bay | Q89: County | R89: Pinconning Park | S89: Campground | T89: Lakeshore oak maple woods | Y89: Quercus macrocarpa Michx. | AC89: 43.85603 | AD89: -83.92487 | AE89: 595 ft | AH89: Characterization of Native Oak Germplasm, Quercus macrocarpa and related white oaks. USDA SCA 58-8020-5-005 | AI89: MOR | AJ89: MOR<USA-IL>: Garner, MI-MG671 | AK89: 185917 | AM89: 0096959MOR | AN89: 921A2EB3-FA3D-4501-A3E7-BFFDE44D0F9E | AO89: https://swbiodiversity.org/seinet/collections/individual/index.php?occid=32902111 | AP89: PRJNA1200080 | AR89: SYST-MOR-0007444 | AS89: SYST-MOR-0007444_S170_1.fq.gz | AT89: SYST-MOR-0007444_S170_2.fq.gz | AW89: subg. Quercus | AX89: Quercus | AY89: Prinoideae
A90: 2335 | B90: QUE002335 | D90: MI-MG672 | F90: Quercus macrocarpa | G90: 2.5% bicolor | I90: Quercus macrocarpa | J90: 42963 | K90: Mira Garner, Kasey Pham | L90: fresh, frozen | M90: HIPP | N90: USA | O90: Michigan | P90: Bay | Q90: County | R90: Pinconning Park | S90: Campground | T90: Lakeshore oak maple woods | Y90: Quercus macrocarpa Michx.|Q. macrocarpa | Z90: A.L. Hipp and G. Ribicoff | AA90: 45597 | AB90: NA | AC90: 43.85714 | AD90: -83.92524 | AE90: 580 ft | AH90: Characterization of Native Oak Germplasm, Quercus macrocarpa and related white oaks. USDA SCA 58-8020-5-005 | AI90: MOR | AJ90: MOR<USA-IL>: Garner, MI-MG672 | AK90: 185918 | AM90: 0096960MOR | AN90: 48B87C1F-6756-4C8A-A572-7A803DEDFBE6 | AO90: https://swbiodiversity.org/seinet/collections/individual/index.php?occid=32896926 | AP90: PRJNA1200080 | AR90: SYST-MOR-0007445 | AS90: SYST-MOR-0007445_S171_1.fq.gz | AT90: SYST-MOR-0007445_S171_2.fq.gz | AU90: SAMN46848381 | AV90: PRJNA1223965 | AW90: subg. Quercus | AX90: Quercus | AY90: Prinoideae
A91: 2424 | B91: QUE002424 | D91: MN-MG761 | I91: Quercus macrocarpa | J91: 42974 | K91: Mira Garner | L91: fresh, frozen | M91: HIPP | N91: USA | O91: Minnesota | P91: Le Sueur | Q91: County | R91: Ottawa Bluffs | T91: Oak grove in hilltop prairie | U91: Sumac, solidago, lespedeza, Sorghastrum nutans | Y91: Quercus macrocarpa Michx.|Quercus macrocarpa | Z91: A.L. Hipp and G. Ribicoff | AA91: 45597 | AB91: NA | AC91: 44.36388 | AD91: -93.93543 | AE91: 865 ft | AH91: Characterization of Native Oak Germplasm, Quercus macrocarpa and related white oaks. USDA SCA 58-8020-5-005 | AI91: MOR | AJ91: MOR<USA-IL>: Garner, MN-MG761 | AK91: 186406 | AM91: 0097267MOR | AN91: 9C6EC3DC-B9A3-4065-B5C9-CC236D2DEC3D | AO91: https://swbiodiversity.org/seinet/collections/individual/index.php?occid=32902733 | AP91: PRJNA1200080 | AR91: SYST-MOR-0007446 | AS91: SYST-MOR-0007446_S172_1.fq.gz | AT91: SYST-MOR-0007446_S172_2.fq.gz | AU91: SAMN46848421 | AV91: PRJNA1223965 | AW91: subg. Quercus | AX91: Quercus | AY91: Prinoideae
A92: 2425 | B92: QUE002425 | D92: MN-MG762 | I92: Quercus macrocarpa | J92: 42974 | K92: Mira Garner | L92: fresh, frozen | M92: HIPP | N92: USA | O92: Minnesota | P92: Le Sueur | Q92: County | R92: Ottawa Bluffs | T92: Oak grove in hilltop prairie | U92: Sumac, solidago, lespedeza, Sorghastrum nutans | Y92: Quercus macrocarpa Michx. | AH92: Characterization of Native Oak Germplasm, Quercus macrocarpa and related white oaks. USDA SCA 58-8020-5-005 | AI92: MOR | AJ92: MOR<USA-IL>: Garner, MN-MG762 | AK92: 186381 | AM92: 0097239MOR | AN92: 75F2EB04-2E10-474B-9232-409164C1CF6F | AO92: https://swbiodiversity.org/seinet/collections/individual/index.php?occid=32900264 | AP92: PRJNA1200080 | AR92: SYST-MOR-0007447 | AS92: SYST-MOR-0007447_S173_1.fq.gz | AT92: SYST-MOR-0007447_S173_2.fq.gz | AW92: subg. Quercus | AX92: Quercus | AY92: Prinoideae
A93: 2426 | B93: QUE002426 | D93: MN-MG763 | I93: Quercus macrocarpa | J93: 42974 | K93: Mira Garner | L93: fresh, frozen | M93: HIPP | N93: USA | O93: Minnesota | P93: Le Sueur | Q93: County | R93: Ottawa Bluffs | T93: Oak grove in hilltop prairie | U93: Sumac, solidago, lespedeza, Sorghastrum nutans | Y93: Quercus macrocarpa Michx. | AH93: Characterization of Native Oak Germplasm, Quercus macrocarpa and related white oaks. USDA SCA 58-8020-5-005 | AI93: MOR | AJ93: MOR<USA-IL>: Garner, MN-MG763 | AK93: 186092 | AM93: 0096989MOR | AN93: 692E1D77-815B-4636-A528-6548E87BB015 | AO93: https://swbiodiversity.org/seinet/collections/individual/index.php?occid=32899980 | AP93: PRJNA1200080 | AR93: SYST-MOR-0007448 | AS93: SYST-MOR-0007448_S174_1.fq.gz | AT93: SYST-MOR-0007448_S174_2.fq.gz | AW93: subg. Quercus | AX93: Quercus | AY93: Prinoideae
A94: 2427 | B94: QUE002427 | D94: MN-MG764 | I94: Quercus macrocarpa | J94: 42974 | K94: Mira Garner | L94: fresh, frozen | M94: HIPP | N94: USA | O94: Minnesota | P94: Le Sueur | Q94: County | R94: Ottawa Bluffs | T94: Oak grove in hilltop prairie | U94: Sumac, solidago, lespedeza, Sorghastrum nutans | Y94: Quercus macrocarpa Michx.|Q. macrocarpa | Z94: G. Ribicoff | AA94: 45597 | AB94: NA | AH94: Characterization of Native Oak Germplasm, Quercus macrocarpa and related white oaks. USDA SCA 58-8020-5-005 | AI94: MOR | AJ94: MOR<USA-IL>: Garner, MN-MG764 | AK94: 186382 | AM94: 0097240MOR | AN94: A07E06E2-BA6A-4FA2-BAA3-B6BD113DD0C8 | AO94: https://swbiodiversity.org/seinet/collections/individual/index.php?occid=32903509 | AP94: PRJNA1200080 | AR94: SYST-MOR-0007449 | AS94: SYST-MOR-0007449_S175_1.fq.gz | AT94: SYST-MOR-0007449_S175_2.fq.gz | AU94: SAMN46848422 | AV94: PRJNA1223965 | AW94: subg. Quercus | AX94: Quercus | AY94: Prinoideae
A95: 2428 | B95: QUE002428 | D95: MN-MG765 | I95: Quercus macrocarpa | J95: 42974 | K95: Mira Garner | L95: fresh, frozen | M95: HIPP | N95: USA | O95: Minnesota | P95: Le Sueur | Q95: County | R95: Ottawa Bluffs | T95: Oak grove in hilltop prairie | U95: Sumac, solidago, lespedeza, Sorghastrum nutans | Y95: Quercus macrocarpa Michx. | AC95: 44.36413 | AD95: -93.93551 | AE95: 869 ft | AH95: Characterization of Native Oak Germplasm, Quercus macrocarpa and related white oaks. USDA SCA 58-8020-5-005 | AI95: MOR | AJ95: MOR<USA-IL>: Garner, MN-MG765 | AK95: 186432 | AM95: 0097367MOR | AN95: 74ACCC0B-CAC2-464A-89FF-96D1E3971BE4 | AO95: https://swbiodiversity.org/seinet/collections/individual/index.php?occid=32901531 | AP95: PRJNA1200080 | AR95: SYST-MOR-0007450 | AS95: SYST-MOR-0007450_S176_1.fq.gz | AT95: SYST-MOR-0007450_S176_2.fq.gz | AW95: subg. Quercus | AX95: Quercus | AY95: Prinoideae
A96: 2429 | B96: QUE002429 | D96: MN-MG766 | I96: Quercus macrocarpa | J96: 42974 | K96: Mira Garner | L96: fresh, frozen | M96: HIPP | N96: USA | O96: Minnesota | P96: Le Sueur | Q96: County | R96: Ottawa Bluffs | T96: Oak grove in hilltop prairie | U96: Sumac, solidago, lespedeza, Sorghastrum nutans | Y96: Quercus macrocarpa Michx. | AH96: Characterization of Native Oak Germplasm, Quercus macrocarpa and related white oaks. USDA SCA 58-8020-5-005 | AI96: MOR | AJ96: MOR<USA-IL>: Garner, MN-MG766 | AK96: 186093 | AM96: 0096990MOR | AN96: ADBCA844-B1F1-4DCD-BB6D-CCE0E3900579 | AO96: https://swbiodiversity.org/seinet/collections/individual/index.php?occid=32889011 | AP96: PRJNA1200080 | AR96: SYST-MOR-0007451 | AS96: SYST-MOR-0007451_S177_1.fq.gz | AT96: SYST-MOR-0007451_S177_2.fq.gz | AW96: subg. Quercus | AX96: Quercus | AY96: Prinoideae
A97: 2430 | B97: QUE002430 | D97: MN-MG767 | I97: Quercus macrocarpa | J97: 42974 | K97: Mira Garner | L97: fresh, frozen | M97: HIPP | N97: USA | O97: Minnesota | P97: Le Sueur | Q97: County | R97: Ottawa Bluffs | T97: Oak grove in hilltop prairie | U97: Sumac, solidago, lespedeza, Sorghastrum nutans | Y97: Quercus macrocarpa Michx.|Q. macrocarpa | Z97: A.L. Hipp and G. Ribicoff | AA97: 45597 | AB97: NA | AH97: Characterization of Native Oak Germplasm, Quercus macrocarpa and related white oaks. USDA SCA 58-8020-5-005 | AI97: MOR | AJ97: MOR<USA-IL>: Garner, MN-MG767 | AK97: 186094 | AM97: 0096991MOR | AN97: 0AF01072-46E4-4786-AC7B-75D2C35DA04B | AO97: https://swbiodiversity.org/seinet/collections/individual/index.php?occid=32893605 | AP97: PRJNA1200080 | AR97: SYST-MOR-0007452 | AS97: SYST-MOR-0007452_S178_1.fq.gz | AT97: SYST-MOR-0007452_S178_2.fq.gz | AU97: SAMN46848423 | AV97: PRJNA1223965 | AW97: subg. Quercus | AX97: Quercus | AY97: Prinoideae
A98: 2431 | B98: QUE002431 | D98: MN-MG768 | I98: Quercus macrocarpa | J98: 42974 | K98: Mira Garner | L98: fresh, frozen | M98: HIPP | N98: USA | O98: Minnesota | P98: Le Sueur | Q98: County | R98: Ottawa Bluffs | T98: Oak grove in hilltop prairie | U98: Sumac, solidago, lespedeza, Sorghastrum nutans | Y98: Quercus macrocarpa Michx. | AH98: Characterization of Native Oak Germplasm, Quercus macrocarpa and related white oaks. USDA SCA 58-8020-5-005 | AI98: MOR | AJ98: MOR<USA-IL>: Garner, MN-MG768 | AK98: 186095 | AM98: 0096992MOR | AN98: 0D3899BE-F050-410F-9066-B2F3B590CAB4 | AO98: https://swbiodiversity.org/seinet/collections/individual/index.php?occid=32893714 | AP98: PRJNA1200080 | AR98: SYST-MOR-0007453 | AS98: SYST-MOR-0007453_S179_1.fq.gz | AT98: SYST-MOR-0007453_S179_2.fq.gz | AW98: subg. Quercus | AX98: Quercus | AY98: Prinoideae
A99: 2432 | B99: QUE002432 | D99: MN-MG769 | I99: Quercus macrocarpa | J99: 42974 | K99: Mira Garner | L99: fresh, frozen | M99: HIPP | N99: USA | O99: Minnesota | P99: Le Sueur | Q99: County | R99: Ottawa Bluffs | T99: Oak grove in hilltop prairie | U99: Sumac, solidago, lespedeza, Sorghastrum nutans | Y99: Quercus macrocarpa Michx. | AC99: 44.36389 | AD99: -93.93539 | AE99: 857 ft | AH99: Characterization of Native Oak Germplasm, Quercus macrocarpa and related white oaks. USDA SCA 58-8020-5-005 | AI99: MOR | AJ99: MOR<USA-IL>: Garner, MN-MG769 | AK99: 186427 | AM99: 0097366MOR | AN99: FEF9C4C0-AE3B-4176-94E1-A95E8D394E76 | AO99: https://swbiodiversity.org/seinet/collections/individual/index.php?occid=32893359 | AP99: PRJNA1200080 | AR99: SYST-MOR-0007454 | AS99: SYST-MOR-0007454_S180_1.fq.gz | AT99: SYST-MOR-0007454_S180_2.fq.gz | AW99: subg. Quercus | AX99: Quercus | AY99: Prinoideae
A100: 2433 | B100: QUE002433 | D100: MN-MG770 | I100: Quercus macrocarpa | J100: 42975 | K100: Mira Garner | L100: fresh, frozen | M100: HIPP | N100: USA | O100: Minnesota | P100: Stearns | Q100: County | R100: Quarry Park State Natural Area, Waite Park | T100: Oak woods | Y100: Quercus macrocarpa Michx.|Q. macrocarpa | Z100: A.L. Hipp and G. Ribicoff | AA100: 45597 | AB100: NA | AC100: 45.53 | AD100: -94.23291 | AE100: 1114 ft | AH100: Characterization of Native Oak Germplasm, Quercus macrocarpa and related white oaks. USDA SCA 58-8020-5-005 | AI100: MOR | AJ100: MOR<USA-IL>: Garner, MN-MG770 | AK100: 185922 | AM100: 0096964MOR | AN100: F511DC0E-F76E-4DE0-A4E3-A76E3B251C1D | AO100: https://swbiodiversity.org/seinet/collections/individual/index.php?occid=32892653 | AP100: PRJNA1200080 | AR100: SYST-MOR-0007455 | AS100: SYST-MOR-0007455_S181_1.fq.gz | AT100: SYST-MOR-0007455_S181_2.fq.gz | AU100: SAMN46848424 | AV100: PRJNA1223965 | AW100: subg. Quercus | AX100: Quercus | AY100: Prinoideae
...

Sheet Sheet2
A1: INDEX | B1: SPMCODE | C1: ALTERNATE.PROJECTCODE | D1: Collector_no | E1: Alt_Coll_No | F1: Rebekahs Determination | G1: Rebekah notes | H1: Source | I1: Hybrid Parentage | J1: Other_notes | K1: FullAdmixture_notes | L1: taxonomic_notes | M1: TAXA-Current_determination | N1: Collection_date | O1: Collectors | P1: Type_of_material | Q1: OWNER | R1: Country | S1: State_Province_Region_territory | T1: substate | U1: substateRank | V1: site | W1: Locality Notes | X1: habitat | Y1: associates | Z1: DBH-cm | AA1: Height-m | AB1: plantAttributesOther | AC1: Determination_HIST_PIPED | AD1: Determined_by | AE1: Determined_date | AF1: determination_reasoning_notes | AG1: latitude.orig | AH1: longitude.orig | AI1: Elevation | AJ1: photos | AK1: Collecting_Extracting_notes | AL1: Project | AM1: DNA | AN1: SpecimenVoucher | AO1: MOR_Acc_Num | AP1: Voucher_Notes | AQ1: MOR_BARCODE | AR1: occurrenceID | AS1: SEINet_references | AT1: WholeGenome_BioProject | AU1: WholeGenome_SRA_Run | AV1: WholeGenome_libraryID | AW1: WholeGenomeFastqR1 | AX1: WholeGenomeFastqR2 | AY1: SRA_biosample_accession | AZ1: HYB-SEQ_BioProject | BA1: Lookup-SUBGENUS-by-CurrentTAXA | BB1: LOOKUP-section-by-currentTAXA | BC1: Lookup-CLADE0by-CurrentTAXA
A2: 3892 | B2: QUE003892 | C2: AR_BRP_409_MG | D2: AR_BRP_409_MG | K2: =IFERROR(VLOOKUP(D2,Sheet4!A$1:M$56,11,FALSE),"") | L2: =_xlfn.CONCAT(J2,K2) | M2: Quercus lyrata | N2: 44803 | O2: Leah Samuels, Mira Garner | P2: fresh, frozen | Q2: HIPP | R2: USA | S2: Arkansas | T2: Pulaski | U2: County | V2: Burns Park | W2: Little Rock | X2: Near creek, dense forest with little foliage | Y2: Ulmus sp., Bluejack oak, Carya ovata, Celtis sp., Round leaf ragwort, honeysuckle, Carex sp., | AB2: Seeds ripening | AC2: Quercus lyrata Walt. | AG2: 34.804528 | AH2: -92.326498 | AI2: 283 ft | AL2: Dimensions of Biodiversity: US/China Collaborative Research: Consequences of diversity in Asian and American tree sygameons for functional variation, adaptation and symbiont biodiversity (#2129281) | AM2: MOR | AN2: MOR<USA-IL>: Samuels, AR_BRP_409_MG | AO2: 194234 | AQ2: 0111235MOR | AR2: 22351E95-A791-459A-A7DF-B4C2767DB9C6 | AS2: https://swbiodiversity.org/seinet/collections/individual/index.php?occid=34693220 | AT2: PRJNA1200080 | AV2: SYST-MOR-0007129 | AW2: SYST-MOR-0007129_S182_1.fq.gz | AX2: SYST-MOR-0007129_S182_2.fq.gz | BA2: subg. Quercus | BB2: Quercus | BC2: Prinoideae
A3: 3893 | B3: QUE003893 | C3: AR_BRP_410_MG | D3: AR_BRP_410_MG | K3: =IFERROR(VLOOKUP(D3,Sheet4!A$1:M$56,11,FALSE),"") | L3: =_xlfn.CONCAT(J3,K3) | M3: Quercus macrocarpa | N3: 44803 | O3: Leah Samuels, Mira Garner | P3: fresh, frozen | Q3: HIPP | R3: USA | S3: Arkansas | T3: Pulaski | U3: County | V3: Burns Park | W3: Little Rock | X3: Creek side forest with sparse foliage | Y3: Carya sp., Ulmus sp., Fraxinus sp., Carex sp., poison ivy, cross vine, supplejack | AB3: Male flowers showing | AC3: Quercus macrocarpa Michx. | AG3: 34.804342 | AH3: -92.326645 | AI3: 284 ft | AL3: Dimensions of Biodiversity: US/China Collaborative Research: Consequences of diversity in Asian and American tree sygameons for functional variation, adaptation and symbiont biodiversity (#2129281) | AM3: MOR | AN3: MOR<USA-IL>: Samuels, AR_BRP_410_MG | AO3: 194576 | AQ3: 0111328MOR | AR3: 68A652B8-18C1-47DA-980A-55043FCA0666 | AS3: https://swbiodiversity.org/seinet/collections/individual/index.php?occid=34693474 | AT3: PRJNA1200080 | AV3: SYST-MOR-0007130 | AW3: SYST-MOR-0007130_S183_1.fq.gz | AX3: SYST-MOR-0007130_S183_2.fq.gz | BA3: subg. Quercus | BB3: Quercus | BC3: Prinoideae
A4: 3894 | B4: QUE003894 | C4: AR_BRP_411_MG | D4: AR_BRP_411_MG | K4: =IFERROR(VLOOKUP(D4,Sheet4!A$1:M$56,11,FALSE),"") | L4: =_xlfn.CONCAT(J4,K4) | M4: Quercus stellata | N4: 44803 | O4: Leah Samuels, Mira Garner | P4: fresh, frozen | Q4: HIPP | R4: USA | S4: Arkansas | T4: Pulaski | U4: County | V4: Burns Park | W4: Little Rock | X4: Lawn near creek | Y4: Ulmus sp., Pinus sp., Poaceae | AB4: Seeds ripening | AC4: Quercus stellata Wangenh. | AG4: 34.804413 | AH4: -92.326312 | AI4: 280 ft | AL4: Dimensions of Biodiversity: US/China Collaborative Research: Consequences of diversity in Asian and American tree sygameons for functional variation, adaptation and symbiont biodiversity (#2129281) | AM4: MOR | AN4: MOR<USA-IL>: Samuels, AR_BRP_411_MG | AO4: 193548 | AQ4: 0111450MOR | AR4: 51AB6567-EB8A-4697-90A6-FC4E1DB6B150 | AS4: https://swbiodiversity.org/seinet/collections/individual/index.php?occid=34693375 | AT4: PRJNA1200080 | AV4: SYST-MOR-0007131 | AW4: SYST-MOR-0007131_S184_1.fq.gz | AX4: SYST-MOR-0007131_S184_2.fq.gz | BA4: subg. Quercus | BB4: Quercus | BC4: Stellatae
A5: 3895 | B5: QUE003895 | C5: AR_BRP_412_MG | D5: AR_BRP_412_MG | K5: =IFERROR(VLOOKUP(D5,Sheet4!A$1:M$56,11,FALSE),"") | L5: =_xlfn.CONCAT(J5,K5) | M5: Quercus macrocarpa | N5: 44803 | O5: Leah Samuels, Mira Garner | P5: fresh, frozen | Q5: HIPP | R5: USA | S5: Arkansas | T5: Pulaski | U5: County | V5: Burns Park | W5: Little Rock | X5: Marshy forest with sparse foliage | Y5: Carya ovata, Ulmus sp., Fraxinus sp., Quercus macrocarpa, Carex sp. | AC5: Quercus macrocarpa Michx. | AG5: 34.805006 | AH5: -92.327103 | AI5: 290 ft | AL5: Dimensions of Biodiversity: US/China Collaborative Research: Consequences of diversity in Asian and American tree sygameons for functional variation, adaptation and symbiont biodiversity (#2129281) | AM5: MOR | AN5: MOR<USA-IL>: Samuels, AR_BRP_412_MG | AO5: 194575 | AQ5: 0111324MOR | AR5: 2E2FA26A-FABE-45F9-83AC-3580A70BD36F | AS5: https://swbiodiversity.org/seinet/collections/individual/index.php?occid=34693298 | AT5: PRJNA1200080 | AV5: SYST-MOR-0007132 | AW5: SYST-MOR-0007132_S185_1.fq.gz | AX5: SYST-MOR-0007132_S185_2.fq.gz | BA5: subg. Quercus | BB5: Quercus | BC5: Prinoideae
A6: 3896 | B6: QUE003896 | C6: AR_BRP_413_MG | D6: AR_BRP_413_MG | K6: =IFERROR(VLOOKUP(D6,Sheet4!A$1:M$56,11,FALSE),"") | L6: =_xlfn.CONCAT(J6,K6) | M6: Quercus stellata | N6: 44803 | O6: Leah Samuels, Mira Garner | P6: fresh, frozen | Q6: HIPP | R6: USA | S6: Arkansas | T6: Pulaski | U6: County | V6: Burns Park | W6: Little Rock | X6: Marshy forest, low foliage, dense forest | Y6: Carya sp., bluejack oak, post oak, Carex sp., Poison ivy, American jump seed, Leafy elephants foot | AC6: Quercus stellata Wangenh. | AG6: 34.805382 | AH6: -92.327057 | AI6: 294 ft | AL6: Dimensions of Biodiversity: US/China Collaborative Research: Consequences of diversity in Asian and American tree sygameons for functional variation, adaptation and symbiont biodiversity (#2129281) | AM6: MOR | AN6: MOR<USA-IL>: Samuels, AR_BRP_413_MG | AO6: 193549 | AQ6: 0111451MOR | AR6: AA48B6CC-2B13-4925-B59F-EB07F227FE02 | AS6: https://swbiodiversity.org/seinet/collections/individual/index.php?occid=34693636 | AT6: PRJNA1200080 | AV6: SYST-MOR-0007133 | AW6: SYST-MOR-0007133_S186_1.fq.gz | AX6: SYST-MOR-0007133_S186_2.fq.gz | BA6: subg. Quercus | BB6: Quercus | BC6: Stellatae
A7: 3897 | B7: QUE003897 | C7: AR_BRP_414_MG | D7: AR_BRP_414_MG | K7: =IFERROR(VLOOKUP(D7,Sheet4!A$1:M$56,11,FALSE),"") | L7: =_xlfn.CONCAT(J7,K7) | M7: Quercus lyrata | N7: 44803 | O7: Leah Samuels, Mira Garner | P7: fresh, frozen | Q7: HIPP | R7: USA | S7: Arkansas | T7: Pulaski | U7: County | V7: Burns Park | W7: Little Rock | X7: Marshy forest with little foliage | Y7: Carya sp., Quercus rubra, Ulmus sp., Fraxinus sp., Quercus lyrata, Carex sp., Virginia creeper, Bluejack oak | AC7: Quercus lyrata Walt. | AG7: 34.805731 | AH7: -92.327413 | AI7: 344 ft | AL7: Dimensions of Biodiversity: US/China Collaborative Research: Consequences of diversity in Asian and American tree sygameons for functional variation, adaptation and symbiont biodiversity (#2129281) | AM7: MOR | AN7: MOR<USA-IL>: Samuels, AR_BRP_414_MG | AO7: 194235 | AQ7: 0111234MOR | AR7: 70F2D442-A98C-4EAF-9EC3-029D428B602E | AS7: https://swbiodiversity.org/seinet/collections/individual/index.php?occid=34693434 | AT7: PRJNA1200080 | AV7: SYST-MOR-0007134 | AW7: SYST-MOR-0007134_S187_1.fq.gz | AX7: SYST-MOR-0007134_S187_2.fq.gz | BA7: subg. Quercus | BB7: Quercus | BC7: Prinoideae
A8: 3898 | B8: QUE003898 | C8: AR_BRP_415_MG | D8: AR_BRP_415_MG | K8: =IFERROR(VLOOKUP(D8,Sheet4!A$1:M$56,11,FALSE),"") | L8: =_xlfn.CONCAT(J8,K8) | M8: Quercus alba | N8: 44803 | O8: Leah Samuels, Mira Garner | P8: fresh, frozen | Q8: HIPP | R8: USA | S8: Arkansas | T8: Pulaski | U8: County | V8: Burns Park | W8: Little Rock | X8: Marshy forest (formerly marshy?) with very little ground cover | Y8: Ulmus sp., Basswood, Carya sp., Virginia creeper, Carex sp., Bluejack oak, American jump seed | AC8: Quercus alba L. | AG8: 34.80591 | AH8: -92.327568 | AI8: 304 ft | AL8: Dimensions of Biodiversity: US/China Collaborative Research: Consequences of diversity in Asian and American tree sygameons for functional variation, adaptation and symbiont biodiversity (#2129281) | AM8: MOR | AN8: MOR<USA-IL>: Samuels, AR_BRP_415_MG | AO8: 194165 | AQ8: 0110979MOR | AR8: E6B3A95B-F00D-4949-A1CD-7674436389D5 | AS8: https://swbiodiversity.org/seinet/collections/individual/index.php?occid=34693782 | AT8: PRJNA1200080 | AV8: SYST-MOR-0007135 | AW8: SYST-MOR-0007135_S188_1.fq.gz | AX8: SYST-MOR-0007135_S188_2.fq.gz | BA8: subg. Quercus | BB8: Quercus | BC8: Albae
A9: 3899 | B9: QUE003899 | C9: AR_BRP_416_MG | D9: AR_BRP_416_MG | K9: =IFERROR(VLOOKUP(D9,Sheet4!A$1:M$56,11,FALSE),"") | L9: =_xlfn.CONCAT(J9,K9) | M9: Quercus stellata | N9: 44803 | O9: Leah Samuels, Mira Garner | P9: fresh, frozen | Q9: HIPP | R9: USA | S9: Arkansas | T9: Pulaski | U9: County | V9: Burns Park | W9: Little Rock | X9: Forest with no/little underbrush | Y9: Fraxinus sp., Carya sp., Quercus stellata, Carex sp., Anglepod | AC9: Quercus stellata Wangenh. | AG9: 34.806737 | AH9: -92.328943 | AI9: 297 ft | AL9: Dimensions of Biodiversity: US/China Collaborative Research: Consequences of diversity in Asian and American tree sygameons for functional variation, adaptation and symbiont biodiversity (#2129281) | AM9: MOR | AN9: MOR<USA-IL>: Samuels, AR_BRP_416_MG | AO9: 193550 | AQ9: 0111452MOR | AR9: 506FEDE5-4F1B-4B45-B0FD-591C3B4E89AD | AS9: https://swbiodiversity.org/seinet/collections/individual/index.php?occid=34693341 | AT9: PRJNA1200080 | AV9: SYST-MOR-0007136 | AW9: SYST-MOR-0007136_S189_1.fq.gz | AX9: SYST-MOR-0007136_S189_2.fq.gz | BA9: subg. Quercus | BB9: Quercus | BC9: Stellatae
A10: 3900 | B10: QUE003900 | C10: AR_BRP_417_MG | D10: AR_BRP_417_MG | K10: =IFERROR(VLOOKUP(D10,Sheet4!A$1:M$56,11,FALSE),"") -> Based on ADMIXTURE results of 78,187 SNPs, may be trace admixed with Quercus bicolor | L10: =_xlfn.CONCAT(J10,K10) -> Based on ADMIXTURE results of 78,187 SNPs, may be trace admixed with Quercus bicolor | M10: Quercus macrocarpa | N10: 44803 | O10: Leah Samuels, Mira Garner | P10: fresh, frozen | Q10: HIPP | R10: USA | S10: Arkansas | T10: Pulaski | U10: County | V10: Burns Park | W10: Little Rock | X10: High density forest with little underbrush | Y10: Carya sp., red oak, bluejack oak, Carex sp., River cane, Maple leaf viburnum, Poison ivy | AC10: Quercus macrocarpa Michx. | AG10: 34.806243 | AH10: -92.33009 | AI10: 289 ft | AL10: Dimensions of Biodiversity: US/China Collaborative Research: Consequences of diversity in Asian and American tree sygameons for functional variation, adaptation and symbiont biodiversity (#2129281) | AM10: MOR | AN10: MOR<USA-IL>: Samuels, AR_BRP_417_MG | AO10: 194574 | AQ10: 0111325MOR | AR10: FA01ECD2-EC71-4492-9BEE-88595D1F0B20 | AS10: https://swbiodiversity.org/seinet/collections/individual/index.php?occid=34693742 | AT10: PRJNA1200080 | AV10: SYST-MOR-0007137 | AW10: SYST-MOR-0007137_S190_1.fq.gz | AX10: SYST-MOR-0007137_S190_2.fq.gz | BA10: subg. Quercus | BB10: Quercus | BC10: Prinoideae
A11: 3901 | B11: QUE003901 | C11: AR_BRP_418_MG | D11: AR_BRP_418_MG | K11: =IFERROR(VLOOKUP(D11,Sheet4!A$1:M$56,11,FALSE),"") | L11: =_xlfn.CONCAT(J11,K11) | M11: Quercus lyrata | N11: 44803 | O11: Leah Samuels, Mira Garner | P11: fresh, frozen | Q11: HIPP | R11: USA | S11: Arkansas | T11: Pulaski | U11: County | V11: Burns Park | W11: Little Rock | X11: Forest with low underbrush on edge of grasslands/pasture | Y11: Carya sp., Fraxinus sp., cedar elm, post oak, Possumhaw | AB11: Male flowers showing | AC11: Quercus lyrata Walt. | AG11: 34.806528 | AH11: -92.330323 | AI11: 284 ft | AL11: Dimensions of Biodiversity: US/China Collaborative Research: Consequences of diversity in Asian and American tree sygameons for functional variation, adaptation and symbiont biodiversity (#2129281) | AM11: MOR | AN11: MOR<USA-IL>: Samuels, AR_BRP_418_MG | AO11: 194236 | AQ11: 0111233MOR | AR11: E94AF73D-8B2F-4040-B82A-417BA1DEF59B | AS11: https://swbiodiversity.org/seinet/collections/individual/index.php?occid=34693729 | AT11: PRJNA1200080 | AV11: SYST-MOR-0007138 | AW11: SYST-MOR-0007138_S191_1.fq.gz | AX11: SYST-MOR-0007138_S191_2.fq.gz | BA11: subg. Quercus | BB11: Quercus | BC11: Prinoideae
A12: 3902 | B12: QUE003902 | C12: AR_BRP_419_MG | D12: AR_BRP_419_MG | K12: =IFERROR(VLOOKUP(D12,Sheet4!A$1:M$56,11,FALSE),"") | L12: =_xlfn.CONCAT(J12,K12) | M12: Quercus stellata | N12: 44803 | O12: Leah Samuels, Mira Garner | P12: fresh, frozen | Q12: HIPP | R12: USA | S12: Arkansas | T12: Pulaski | U12: County | V12: Burns Park | W12: Little Rock | X12: Forest on edge of grasslands/pasture Low/little underbrush | Y12: Carya sp., Fraxinus sp., cedar elm, Quercus lyrata, Celtis sp., Possumhaw | AC12: Quercus stellata Wangenh. | AG12: 34.806536 | AH12: -92.330338 | AI12: 302 ft | AL12: Dimensions of Biodiversity: US/China Collaborative Research: Consequences of diversity in Asian and American tree sygameons for functional variation, adaptation and symbiont biodiversity (#2129281) | AM12: MOR | AN12: MOR<USA-IL>: Samuels, AR_BRP_419_MG | AO12: 193551 | AQ12: 0111453MOR | AR12: 0CEA1600-167B-4642-A243-B4371EFB6971 | AS12: https://swbiodiversity.org/seinet/collections/individual/index.php?occid=34693174 | AT12: PRJNA1200080 | AV12: SYST-MOR-0007139 | AW12: SYST-MOR-0007139_S192_1.fq.gz | AX12: SYST-MOR-0007139_S192_2.fq.gz | BA12: subg. Quercus | BB12: Quercus | BC12: Stellatae
A13: 3903 | B13: QUE003903 | C13: AR_BRP_420_MG | D13: AR_BRP_420_MG | K13: =IFERROR(VLOOKUP(D13,Sheet4!A$1:M$56,11,FALSE),"") | L13: =_xlfn.CONCAT(J13,K13) | M13: Quercus alba | N13: 44803 | O13: Leah Samuels, Mira Garner | P13: fresh, frozen | Q13: HIPP | R13: USA | S13: Arkansas | T13: Pulaski | U13: County | V13: Burns Park | W13: Little Rock | X13: Small hilltop in forest, more underbrush than surrounding areas | Y13: Red oak, Fraxinus sp., Quercus alba, Carya sp., River cane, American jump seed, Hackberry, Smilax sp. | AC13: Quercus alba L. | AG13: 34.803473 | AH13: -92.329471 | AI13: 308 ft | AL13: Dimensions of Biodiversity: US/China Collaborative Research: Consequences of diversity in Asian and American tree sygameons for functional variation, adaptation and symbiont biodiversity (#2129281) | AM13: MOR | AN13: MOR<USA-IL>: Samuels, AR_BRP_420_MG | AO13: 194166 | AQ13: 0110980MOR | AR13: A26842E6-8E75-4581-A013-4A5546E207CB | AS13: https://swbiodiversity.org/seinet/collections/individual/index.php?occid=34693612 | AT13: PRJNA1200080 | AV13: SYST-MOR-0007140 | AW13: SYST-MOR-0007140_S193_1.fq.gz | AX13: SYST-MOR-0007140_S193_2.fq.gz | BA13: subg. Quercus | BB13: Quercus | BC13: Albae
A14: 3904 | B14: QUE003904 | C14: AR_BRP_421_MG | D14: AR_BRP_421_MG | K14: =IFERROR(VLOOKUP(D14,Sheet4!A$1:M$56,11,FALSE),"") | L14: =_xlfn.CONCAT(J14,K14) | M14: Quercus muehlenbergii | N14: 44803 | O14: Leah Samuels, Mira Garner | P14: fresh, frozen | Q14: HIPP | R14: USA | S14: Arkansas | T14: Pulaski | U14: County | V14: Burns Park | W14: Little Rock | X14: Forest with little underbrush | Y14: Carya sp., red oak group, Quercus muehlenbergii, River cane | AC14: Quercus muehlenbergii Engelm. | AG14: 34.801995 | AH14: -92.328255 | AI14: 301 ft | AL14: Dimensions of Biodiversity: US/China Collaborative Research: Consequences of diversity in Asian and American tree sygameons for functional variation, adaptation and symbiont biodiversity (#2129281) | AM14: MOR | AN14: MOR<USA-IL>: Samuels, AR_BRP_421_MG | AO14: 194498 | AQ14: 0111134MOR | AR14: 0D136631-0255-4884-9282-0FB40EC75B08 | AS14: https://swbiodiversity.org/seinet/collections/individual/index.php?occid=34693180 | AT14: PRJNA1200080 | AV14: SYST-MOR-0007141 | AW14: SYST-MOR-0007141_S194_1.fq.gz | AX14: SYST-MOR-0007141_S194_2.fq.gz | BA14: subg. Quercus | BB14: Quercus | BC14: Prinoideae
A15: 3905 | B15: QUE003905 | C15: AR_BRP_422_MG | D15: AR_BRP_422_MG | K15: =IFERROR(VLOOKUP(D15,Sheet4!A$1:M$56,11,FALSE),"") | L15: =_xlfn.CONCAT(J15,K15) | M15: Quercus muehlenbergii | N15: 44803 | O15: Leah Samuels, Mira Garner | P15: fresh, frozen | Q15: HIPP | R15: USA | S15: Arkansas | T15: Pulaski | U15: County | V15: Burns Park | W15: Little Rock | X15: Forest with dead leaves as ground cover, very little underbrush | Y15: Fraxinus sp., Quercus muehlenbergii, Carya sp., red oak group, Vitus sp., Ulmus sp. | AC15: Quercus muehlenbergii Engelm. | AG15: 34.801789 | AH15: -92.328063 | AI15: 300 ft | AL15: Dimensions of Biodiversity: US/China Collaborative Research: Consequences of diversity in Asian and American tree sygameons for functional variation, adaptation and symbiont biodiversity (#2129281) | AM15: MOR | AN15: MOR<USA-IL>: Samuels, AR_BRP_422_MG | AO15: 194499 | AQ15: 0111135MOR | AR15: FB2DFECB-BC2E-48C0-9A14-290DA019D534 | AS15: https://swbiodiversity.org/seinet/collections/individual/index.php?occid=34693778 | AT15: PRJNA1200080 | AV15: SYST-MOR-0007142 | AW15: SYST-MOR-0007142_S195_1.fq.gz | AX15: SYST-MOR-0007142_S195_2.fq.gz | BA15: subg. Quercus | BB15: Quercus | BC15: Prinoideae
A16: 3906 | B16: QUE003906 | C16: AR_BRP_423_MG | D16: AR_BRP_423_MG | K16: =IFERROR(VLOOKUP(D16,Sheet4!A$1:M$56,11,FALSE),"") | L16: =_xlfn.CONCAT(J16,K16) | M16: Quercus macrocarpa | N16: 44803 | O16: Leah Samuels, Mira Garner | P16: fresh, frozen | Q16: HIPP | R16: USA | S16: Arkansas | T16: Pulaski | U16: County | V16: Burns Park | W16: Little Rock | X16: Forest with tall sparse grasses | Y16: Carya ovata, Quercus macrocarpa, black cherry, Poison ivy, River cane, Carex sp., Bignonia sp. | AC16: Quercus macrocarpa Michx. | AG16: 34.802582 | AH16: -92.327239 | AI16: 297 ft | AL16: Dimensions of Biodiversity: US/China Collaborative Research: Consequences of diversity in Asian and American tree sygameons for functional variation, adaptation and symbiont biodiversity (#2129281) | AM16: MOR | AN16: MOR<USA-IL>: Samuels, AR_BRP_423_MG | AO16: 194573 | AQ16: 0111327MOR | AR16: B0508080-F829-4A5A-99B7-6C58647ED1A7 | AS16: https://swbiodiversity.org/seinet/collections/individual/index.php?occid=34693623 | AT16: PRJNA1200080 | AV16: SYST-MOR-0007143 | AW16: SYST-MOR-0007143_S196_1.fq.gz | AX16: SYST-MOR-0007143_S196_2.fq.gz | BA16: subg. Quercus | BB16: Quercus | BC16: Prinoideae
A17: 3907 | B17: QUE003907 | C17: AR_BRP_424_MG | D17: AR_BRP_424_MG | K17: =IFERROR(VLOOKUP(D17,Sheet4!A$1:M$56,11,FALSE),"") | L17: =_xlfn.CONCAT(J17,K17) | M17: Quercus alba | N17: 44803 | O17: Leah Samuels, Mira Garner | P17: fresh, frozen | Q17: HIPP | R17: USA | S17: Arkansas | T17: Pulaski | U17: County | V17: Burns Park | W17: Little Rock | X17: Forest with low sedge underbrush | Y17: Carya sp., Ulmus sp., Carex sp., Hackberry | AC17: Quercus alba L. | AG17: 34.803696 | AH17: -92.327312 | AI17: 289 ft | AL17: Dimensions of Biodiversity: US/China Collaborative Research: Consequences of diversity in Asian and American tree sygameons for functional variation, adaptation and symbiont biodiversity (#2129281) | AM17: MOR | AN17: MOR<USA-IL>: Samuels, AR_BRP_424_MG | AO17: 194167 | AQ17: 0110981MOR | AR17: 9794DC4E-0657-4A74-A84E-C0800CBCEC5F | AS17: https://swbiodiversity.org/seinet/collections/individual/index.php?occid=34693530 | AT17: PRJNA1200080 | AV17: SYST-MOR-0007144 | AW17: SYST-MOR-0007144_S197_1.fq.gz | AX17: SYST-MOR-0007144_S197_2.fq.gz | BA17: subg. Quercus | BB17: Quercus | BC17: Albae
A18: 3908 | B18: QUE003908 | C18: AR_BRP_425_MG | D18: AR_BRP_425_MG | K18: =IFERROR(VLOOKUP(D18,Sheet4!A$1:M$56,11,FALSE),"") | L18: =_xlfn.CONCAT(J18,K18) | M18: Quercus stellata | N18: 44803 | O18: Leah Samuels, Mira Garner | P18: fresh, frozen | Q18: HIPP | R18: USA | S18: Arkansas | T18: Pulaski | U18: County | V18: Burns Park | W18: Little Rock | X18: Forest with sedge ground cover | Y18: Carya sp., Celtis sp., Pinus sp., bluejack oak, Carex sp., Smilax sp. | AC18: Quercus stellata Wangenh. | AG18: 34.805414 | AH18: -92.324096 | AI18: 284 ft | AL18: Dimensions of Biodiversity: US/China Collaborative Research: Consequences of diversity in Asian and American tree sygameons for functional variation, adaptation and symbiont biodiversity (#2129281) | AM18: MOR | AN18: MOR<USA-IL>: Samuels, AR_BRP_425_MG | AO18: 193552 | AQ18: 0111449MOR | AR18: 03500CAB-11A2-41F9-9927-69C8F443BFE3 | AS18: https://swbiodiversity.org/seinet/collections/individual/index.php?occid=34693136 | AT18: PRJNA1200080 | AV18: SYST-MOR-0007145 | AW18: SYST-MOR-0007145_S198_1.fq.gz | AX18: SYST-MOR-0007145_S198_2.fq.gz | BA18: subg. Quercus | BB18: Quercus | BC18: Stellatae
A19: 3909 | B19: QUE003909 | C19: AR_BRP_426_MG | D19: AR_BRP_426_MG | K19: =IFERROR(VLOOKUP(D19,Sheet4!A$1:M$56,11,FALSE),"") | L19: =_xlfn.CONCAT(J19,K19) | M19: Quercus macrocarpa | N19: 44803 | O19: Leah Samuels, Mira Garner | P19: fresh, frozen | Q19: HIPP | R19: USA | S19: Arkansas | T19: Pulaski | U19: County | V19: Burns Park | W19: Little Rock | X19: Forest with mostly Carex underbrush | Y19: Bluejack oak, red oak group, Ulmus sp., Carya sp., post oak, Carex sp., Lespedeza sp. | AB19: Seeds ripening | AC19: Quercus macrocarpa Michx. | AG19: 34.80609 | AH19: -92.323036 | AI19: 283 ft | AL19: Dimensions of Biodiversity: US/China Collaborative Research: Consequences of diversity in Asian and American tree sygameons for functional variation, adaptation and symbiont biodiversity (#2129281) | AM19: MOR | AN19: MOR<USA-IL>: Samuels, AR_BRP_426_MG | AO19: 194572 | AQ19: 0111326MOR | AR19: 8F36FD54-F495-4B2F-AC90-201A13AA2F7D | AS19: https://swbiodiversity.org/seinet/collections/individual/index.php?occid=34693566 | AT19: PRJNA1200080 | AV19: SYST-MOR-0007146 | AW19: SYST-MOR-0007146_S199_1.fq.gz | AX19: SYST-MOR-0007146_S199_2.fq.gz | BA19: subg. Quercus | BB19: Quercus | BC19: Prinoideae
A20: 3910 | B20: QUE003910 | C20: AR_BRP_427_MG | D20: AR_BRP_427_MG | K20: =IFERROR(VLOOKUP(D20,Sheet4!A$1:M$56,11,FALSE),"") | L20: =_xlfn.CONCAT(J20,K20) | M20: Quercus lyrata | N20: 44803 | O20: Leah Samuels, Mira Garner | P20: fresh, frozen | Q20: HIPP | R20: USA | S20: Arkansas | T20: Pulaski | U20: County | V20: Burns Park | W20: Little Rock | X20: Forest with sedge cover | Y20: Celtis sp., Ulmus sp., Carya sp., Fraxinus sp., Carex sp. | AB20: Seeds ripening | AC20: Quercus lyrata Walt. | AG20: 34.806755 | AH20: -92.322328 | AI20: 285 ft | AL20: Dimensions of Biodiversity: US/China Collaborative Research: Consequences of diversity in Asian and American tree sygameons for functional variation, adaptation and symbiont biodiversity (#2129281) | AM20: MOR | AN20: MOR<USA-IL>: Samuels, AR_BRP_427_MG | AO20: 194237 | AQ20: 0111232MOR | AR20: 321BA220-2C68-4DF7-B432-89D45CFA559C | AS20: https://swbiodiversity.org/seinet/collections/individual/index.php?occid=34693303 | AT20: PRJNA1200080 | AV20: SYST-MOR-0007147 | AW20: SYST-MOR-0007147_S200_1.fq.gz | AX20: SYST-MOR-0007147_S200_2.fq.gz | BA20: subg. Quercus | BB20: Quercus | BC20: Prinoideae
A21: 3911 | B21: QUE003911 | C21: AR_BRP_428_MG | D21: AR_BRP_428_MG | K21: =IFERROR(VLOOKUP(D21,Sheet4!A$1:M$56,11,FALSE),"") | L21: =_xlfn.CONCAT(J21,K21) | M21: Quercus alba | N21: 44803 | O21: Leah Samuels, Mira Garner | P21: fresh, frozen | Q21: HIPP | R21: USA | S21: Arkansas | T21: Pulaski | U21: County | V21: Burns Park | W21: Little Rock | X21: Forest with minimal underbrush | Y21: Carya sp., red oak group, Muscadine, Carex sp. | AC21: Quercus alba L. | AG21: 34.808944 | AH21: -92.326111 | AI21: 320 ft | AL21: Dimensions of Biodiversity: US/China Collaborative Research: Consequences of diversity in Asian and American tree sygameons for functional variation, adaptation and symbiont biodiversity (#2129281) | AM21: MOR | AN21: MOR<USA-IL>: Samuels, AR_BRP_428_MG | AO21: 194168 | AQ21: 0110982MOR | AR21: C419FC7E-4D82-4951-B6FC-549BC084A6B8 | AS21: https://swbiodiversity.org/seinet/collections/individual/index.php?occid=34693708 | AT21: PRJNA1200080 | AV21: SYST-MOR-0007148 | AW21: SYST-MOR-0007148_S201_1.fq.gz | AX21: SYST-MOR-0007148_S201_2.fq.gz | BA21: subg. Quercus | BB21: Quercus | BC21: Albae
A22: 3912 | B22: QUE003912 | C22: AR_BRP_429_MG | D22: AR_BRP_429_MG | K22: =IFERROR(VLOOKUP(D22,Sheet4!A$1:M$56,11,FALSE),"") | L22: =_xlfn.CONCAT(J22,K22) | M22: Quercus alba | N22: 44803 | O22: Leah Samuels, Mira Garner | P22: fresh, frozen | Q22: HIPP | R22: USA | S22: Arkansas | T22: Pulaski | U22: County | V22: Burns Park | W22: Little Rock | X22: Forest minimal understory | Y22: Carya sp., post oak, red oaks, Muscodine, Smilax sp. | AC22: Quercus alba L. | AG22: 34.809268 | AH22: -92.327699 | AI22: 302 ft | AL22: Dimensions of Biodiversity: US/China Collaborative Research: Consequences of diversity in Asian and American tree sygameons for functional variation, adaptation and symbiont biodiversity (#2129281) | AM22: MOR | AN22: MOR<USA-IL>: Samuels, AR_BRP_429_MG | AO22: 194169 | AQ22: 0110983MOR | AR22: 4C826C41-81AD-4904-BDCE-7CD235BF208E | AS22: https://swbiodiversity.org/seinet/collections/individual/index.php?occid=34693334 | AT22: PRJNA1200080 | AV22: SYST-MOR-0007149 | AW22: SYST-MOR-0007149_S202_1.fq.gz | AX22: SYST-MOR-0007149_S202_2.fq.gz | BA22: subg. Quercus | BB22: Quercus | BC22: Albae
A23: 3541 | B23: QUE003541 | C23: IA_BSP_046_MG | D23: IA_BSP_046_MG | K23: =IFERROR(VLOOKUP(D23,Sheet4!A$1:M$56,11,FALSE),"") | L23: =_xlfn.CONCAT(J23,K23) | M23: Quercus macrocarpa | N23: 44720 | O23: Mira Garner, Leah Samuels, Klara Peterson, Briana Beatty | P23: fresh, frozen | Q23: HIPP | R23: USA | S23: Iowa | T23: Story | U23: County | V23: Brookside Park | X23: Wooded park | Y23: Acer negundo, Tilia Americana | AB23: Caps on the ground | AC23: Quercus macrocarpa Michx. | AG23: 42.031072 | AH23: -93.630173 | AL23: Dimensions of Biodiversity: US/China Collaborative Research: Consequences of diversity in Asian and American tree sygameons for functional variation, adaptation and symbiont biodiversity (#2129281) | AM23: MOR | AN23: MOR<USA-IL>: Garner, IA_BSP_046_MG | AO23: 192666 | AQ23: 0111345MOR | AR23: 276E3D1C-CF4D-42A9-845C-1AEA71B6A8CE | AS23: https://swbiodiversity.org/seinet/collections/individual/index.php?occid=34693239 | AT23: PRJNA1200080 | AV23: SYST-MOR-0006778 | AW23: SYST-MOR-0006778_S62_1.fq.gz | AX23: SYST-MOR-0006778_S62_2.fq.gz | BA23: subg. Quercus | BB23: Quercus | BC23: Prinoideae
A24: 3542 | B24: QUE003542 | C24: IA_BSP_047_MG | D24: IA_BSP_047_MG | K24: =IFERROR(VLOOKUP(D24,Sheet4!A$1:M$56,11,FALSE),"") | L24: =_xlfn.CONCAT(J24,K24) | M24: Quercus macrocarpa | N24: 44720 | O24: Mira Garner, Leah Samuels, Klara Peterson, Briana Beatty | P24: fresh, frozen | Q24: HIPP | R24: USA | S24: Iowa | T24: Story | U24: County | V24: Brookside Park | X24: Forested park | Y24: Morus alba | AB24: Seeds ripening,Caps on the ground | AC24: Quercus macrocarpa Michx. | AG24: 42.033714 | AH24: -93.63041 | AL24: Dimensions of Biodiversity: US/China Collaborative Research: Consequences of diversity in Asian and American tree sygameons for functional variation, adaptation and symbiont biodiversity (#2129281) | AM24: MOR | AN24: MOR<USA-IL>: Garner, IA_BSP_047_MG | AO24: 192663 | AQ24: 0111349MOR | AR24: 396CB3C3-57D2-473B-A5B4-D32EB2094244 | AS24: https://swbiodiversity.org/seinet/collections/individual/index.php?occid=34693260 | AT24: PRJNA1200080 | AV24: SYST-MOR-0006779 | AW24: SYST-MOR-0006779_S63_1.fq.gz | AX24: SYST-MOR-0006779_S63_2.fq.gz | BA24: subg. Quercus | BB24: Quercus | BC24: Prinoideae
A25: 3543 | B25: QUE003543 | C25: IA_BSP_048_MG | D25: IA_BSP_048_MG | K25: =IFERROR(VLOOKUP(D25,Sheet4!A$1:M$56,11,FALSE),"") | L25: =_xlfn.CONCAT(J25,K25) | M25: Quercus macrocarpa | N25: 44720 | O25: Mira Garner, Leah Samuels, Klara Peterson, Briana Beatty | P25: fresh, frozen | Q25: HIPP | R25: USA | S25: Iowa | T25: Story | U25: County | V25: Brookside Park | X25: Forested area, bushy foliage | Y25: Celtis occidentalis | AC25: Quercus macrocarpa Michx. | AG25: 42.034319 | AH25: -93.630245 | AL25: Dimensions of Biodiversity: US/China Collaborative Research: Consequences of diversity in Asian and American tree sygameons for functional variation, adaptation and symbiont biodiversity (#2129281) | AM25: MOR | AN25: MOR<USA-IL>: Garner, IA_BSP_048_MG | AO25: 194191 | AQ25: 0111348MOR | AR25: 426482CF-F41E-4FF3-B2E0-86B97C45165D | AS25: https://swbiodiversity.org/seinet/collections/individual/index.php?occid=34693269 | AT25: PRJNA1200080 | AV25: SYST-MOR-0006780 | AW25: SYST-MOR-0006780_S64_1.fq.gz | AX25: SYST-MOR-0006780_S64_2.fq.gz | BA25: subg. Quercus | BB25: Quercus | BC25: Prinoideae
A26: 3544 | B26: QUE003544 | C26: IA_BSP_049_MG | D26: IA_BSP_049_MG | K26: =IFERROR(VLOOKUP(D26,Sheet4!A$1:M$56,11,FALSE),"") | L26: =_xlfn.CONCAT(J26,K26) | M26: Quercus macrocarpa | N26: 44720 | O26: Mira Garner, Leah Samuels, Klara Peterson, Briana Beatty | P26: fresh, frozen | Q26: HIPP | R26: USA | S26: Iowa | T26: Story | U26: County | V26: Brookside Park | X26: Wooded area, hillside, near park | Y26: Celtis occidentalis, Tilia americana | AC26: Quercus macrocarpa Michx. | AG26: 42.029397 | AH26: -93.628202 | AL26: Dimensions of Biodiversity: US/China Collaborative Research: Consequences of diversity in Asian and American tree sygameons for functional variation, adaptation and symbiont biodiversity (#2129281) | AM26: MOR | AN26: MOR<USA-IL>: Garner, IA_BSP_049_MG | AO26: 194192 | AQ26: 0111347MOR | AR26: 98F33DE9-4EC7-43C1-84EB-646E1D779D5B | AS26: https://swbiodiversity.org/seinet/collections/individual/index.php?occid=34693555 | AT26: PRJNA1200080 | AV26: SYST-MOR-0006781 | AW26: SYST-MOR-0006781_S65_1.fq.gz | AX26: SYST-MOR-0006781_S65_2.fq.gz | BA26: subg. Quercus | BB26: Quercus | BC26: Prinoideae
A27: 3545 | B27: QUE003545 | C27: IA_BSP_050_MG | D27: IA_BSP_050_MG | K27: =IFERROR(VLOOKUP(D27,Sheet4!A$1:M$56,11,FALSE),"") | L27: =_xlfn.CONCAT(J27,K27) | M27: Quercus macrocarpa | N27: 44720 | O27: Mira Garner, Leah Samuels, Klara Peterson, Briana Beatty | P27: fresh, frozen | Q27: HIPP | R27: USA | S27: Iowa | T27: Story | U27: County | V27: Brookside Park | X27: Wooded park | Y27: Honey locus | AC27: Quercus macrocarpa Michx. | AG27: 42.028731 | AH27: -93.628245 | AL27: Dimensions of Biodiversity: US/China Collaborative Research: Consequences of diversity in Asian and American tree sygameons for functional variation, adaptation and symbiont biodiversity (#2129281) | AM27: MOR | AN27: MOR<USA-IL>: Garner, IA_BSP_050_MG | AO27: 194193 | AQ27: 0111346MOR | AR27: 42629ECF-1115-4C39-96CE-25BD40BDC4D6 | AS27: https://swbiodiversity.org/seinet/collections/individual/index.php?occid=34693268 | AT27: PRJNA1200080 | AV27: SYST-MOR-0006782 | AW27: SYST-MOR-0006782_S66_1.fq.gz | AX27: SYST-MOR-0006782_S66_2.fq.gz | BA27: subg. Quercus | BB27: Quercus | BC27: Prinoideae
A28: 3561 | B28: QUE003561 | C28: IA_CHP_066_MG | D28: IA_CHP_066_MG | K28: =IFERROR(VLOOKUP(D28,Sheet4!A$1:M$56,11,FALSE),"") | L28: =_xlfn.CONCAT(J28,K28) | M28: Quercus macrocarpa | N28: 44721 | O28: Mira Garner, Leah Samuels, Klara Peterson, Briana Beatty | P28: fresh, frozen | Q28: HIPP | R28: USA | S28: Iowa | T28: Linn | U28: County | V28: Cherokee Park | X28: Park area | Y28: Grass, dandelion | AB28: Seeds ripening,Male flowers showing | AC28: Quercus macrocarpa Michx. | AG28: 41.974717 | AH28: -91.721693 | AL28: Dimensions of Biodiversity: US/China Collaborative Research: Consequences of diversity in Asian and American tree sygameons for functional variation, adaptation and symbiont biodiversity (#2129281) | AM28: MOR | AN28: MOR<USA-IL>: Garner, IA_CHP_066_MG | AO28: 194196 | AQ28: 0111353MOR | AR28: 2C07C76B-53F7-4FA1-802E-3D088CA851F2 | AS28: https://swbiodiversity.org/seinet/collections/individual/index.php?occid=34693240 | AT28: PRJNA1200080 | AV28: SYST-MOR-0006798 | AW28: SYST-MOR-0006798_S82_1.fq.gz | AX28: SYST-MOR-0006798_S82_2.fq.gz | BA28: subg. Quercus | BB28: Quercus | BC28: Prinoideae
A29: 3562 | B29: QUE003562 | C29: IA_CHP_067_MG | D29: IA_CHP_067_MG | K29: =IFERROR(VLOOKUP(D29,Sheet4!A$1:M$56,11,FALSE),"") | L29: =_xlfn.CONCAT(J29,K29) | M29: Quercus macrocarpa | N29: 44721 | O29: Mira Garner, Leah Samuels, Klara Peterson, Briana Beatty | P29: fresh, frozen | Q29: HIPP | R29: USA | S29: Iowa | T29: Linn | U29: County | V29: Cherokee Park | X29: Open park area | Y29: Grass, clover and dandelions | AB29: Seeds ripening,Male flowers showing | AC29: Quercus macrocarpa Michx. | AG29: 41.973659 | AH29: -91.725383 | AL29: Dimensions of Biodiversity: US/China Collaborative Research: Consequences of diversity in Asian and American tree sygameons for functional variation, adaptation and symbiont biodiversity (#2129281) | AM29: MOR | AN29: MOR<USA-IL>: Garner, IA_CHP_067_MG | AO29: 194197 | AQ29: 0111352MOR | AR29: A56CAA2F-3F44-4C18-A70B-B7FA62665432 | AS29: https://swbiodiversity.org/seinet/collections/individual/index.php?occid=34693614 | AT29: PRJNA1200080 | AV29: SYST-MOR-0006799 | AW29: SYST-MOR-0006799_S83_1.fq.gz | AX29: SYST-MOR-0006799_S83_2.fq.gz | BA29: subg. Quercus | BB29: Quercus | BC29: Prinoideae
A30: 3563 | B30: QUE003563 | C30: IA_CHP_068_MG | D30: IA_CHP_068_MG | F30: Quercus bicolor | G30: trace 5% macrocarpa | H30: trace | K30: =IFERROR(VLOOKUP(D30,Sheet4!A$1:M$56,11,FALSE),"") -> Based on ADMIXTURE results of 78,187 SNPs, may be trace admixed with Quercus macrocarpa | L30: =_xlfn.CONCAT(J30,K30) -> Based on ADMIXTURE results of 78,187 SNPs, may be trace admixed with Quercus macrocarpa | M30: Quercus bicolor | N30: 44721 | O30: Mira Garner, Leah Samuels, Klara Peterson, Briana Beatty | P30: fresh, frozen | Q30: HIPP | R30: USA | S30: Iowa | T30: Linn | U30: County | V30: Cherokee Park | X30: Open park area | Y30: grass, clover | AB30: Seeds ripening | AC30: Quercus bicolor Willd. | AG30: 41.973334 | AH30: -91.724764 | AL30: Dimensions of Biodiversity: US/China Collaborative Research: Consequences of diversity in Asian and American tree sygameons for functional variation, adaptation and symbiont biodiversity (#2129281) | AM30: MOR | AN30: MOR<USA-IL>: Garner, IA_CHP_068_MG | AO30: 192564 | AQ30: 0111108MOR | AR30: C2BBC054-1979-4B05-AB34-A7563A2D2E90 | AS30: https://swbiodiversity.org/seinet/collections/individual/index.php?occid=34693692 | AT30: PRJNA1200080 | AV30: SYST-MOR-0006800 | AW30: SYST-MOR-0006800_S84_1.fq.gz | AX30: SYST-MOR-0006800_S84_2.fq.gz | BA30: subg. Quercus | BB30: Quercus | BC30: Prinoideae
A31: 3564 | B31: QUE003564 | C31: IA_CHP_069_MG | D31: IA_CHP_069_MG | K31: =IFERROR(VLOOKUP(D31,Sheet4!A$1:M$56,11,FALSE),"") | L31: =_xlfn.CONCAT(J31,K31) | M31: Quercus macrocarpa | N31: 44721 | O31: Mira Garner, Leah Samuels, Klara Peterson, Briana Beatty | P31: fresh, frozen | Q31: HIPP | R31: USA | S31: Iowa | T31: Linn | U31: County | V31: Cherokee Park | X31: Open park | Y31: Grass, common plantain, dandelion | AC31: Quercus macrocarpa Michx. | AG31: 41.973906 | AH31: -91.722929 | AI31: 857 ft | AL31: Dimensions of Biodiversity: US/China Collaborative Research: Consequences of diversity in Asian and American tree sygameons for functional variation, adaptation and symbiont biodiversity (#2129281) | AM31: MOR | AN31: MOR<USA-IL>: Garner, IA_CHP_069_MG | AO31: 194198 | AQ31: 0111351MOR | AR31: FEFF77F1-6820-476C-931A-8F24CC2E21EE | AS31: https://swbiodiversity.org/seinet/collections/individual/index.php?occid=34693794 | AT31: PRJNA1200080 | AV31: SYST-MOR-0006801 | AW31: SYST-MOR-0006801_S85_1.fq.gz | AX31: SYST-MOR-0006801_S85_2.fq.gz | BA31: subg. Quercus | BB31: Quercus | BC31: Prinoideae
A32: 3565 | B32: QUE003565 | C32: IA_CHP_070_MG | D32: IA_CHP_070_MG | K32: =IFERROR(VLOOKUP(D32,Sheet4!A$1:M$56,11,FALSE),"") | L32: =_xlfn.CONCAT(J32,K32) | M32: Quercus macrocarpa | N32: 44721 | O32: Mira Garner, Leah Samuels, Klara Peterson, Briana Beatty | P32: fresh, frozen | Q32: HIPP | R32: USA | S32: Iowa | T32: Linn | U32: County | V32: Cherokee Park | X32: Open park | Y32: Pine, Grass, dandelion | AB32: Male flowers showing,Seeds ripening | AC32: Quercus macrocarpa Michx. | AG32: 41.983481 | AH32: -91.797435 | AI32: 842 ft | AL32: Dimensions of Biodiversity: US/China Collaborative Research: Consequences of diversity in Asian and American tree sygameons for functional variation, adaptation and symbiont biodiversity (#2129281) | AM32: MOR | AN32: MOR<USA-IL>: Garner, IA_CHP_070_MG | AO32: 194199 | AQ32: 0111350MOR | AR32: 1FBF8A6B-CB43-46EC-88E9-224F2BBB8E30 | AS32: https://swbiodiversity.org/seinet/collections/individual/index.php?occid=34693236 | AT32: PRJNA1200080 | AV32: SYST-MOR-0006802 | AW32: SYST-MOR-0006802_S86_1.fq.gz | AX32: SYST-MOR-0006802_S86_2.fq.gz | BA32: subg. Quercus | BB32: Quercus | BC32: Prinoideae
A33: 3546 | B33: QUE003546 | C33: IA_LNW_051_MG | D33: IA_LNW_051_MG | K33: =IFERROR(VLOOKUP(D33,Sheet4!A$1:M$56,11,FALSE),"") | L33: =_xlfn.CONCAT(J33,K33) | M33: Quercus alba | N33: 44721 | O33: Mira Garner, Leah Samuels, Klara Peterson, Briana Beatty | P33: fresh, frozen | Q33: HIPP | R33: USA | S33: Iowa | T33: Van Buren | U33: County | V33: Lindsay Wilderness | X33: Thicker forested area, lots of shrubby bushes and other trees | Y33: 0 | AC33: Quercus alba L. | AG33: 40.710377 | AH33: -91.797389 | AL33: Dimensions of Biodiversity: US/China Collaborative Research: Consequences of diversity in Asian and American tree sygameons for functional variation, adaptation and symbiont biodiversity (#2129281) | AM33: MOR | AN33: MOR<USA-IL>: Garner, IA_LNW_051_MG | AO33: 193753 | AQ33: 0111058MOR | AR33: F99B0A65-9D7E-44B4-AA07-7649EA5952F0 | AS33: https://swbiodiversity.org/seinet/collections/individual/index.php?occid=34693758 | AT33: PRJNA1200080 | AV33: SYST-MOR-0006783 | AW33: SYST-MOR-0006783_S67_1.fq.gz | AX33: SYST-MOR-0006783_S67_2.fq.gz | BA33: subg. Quercus | BB33: Quercus | BC33: Albae
A34: 3547 | B34: QUE003547 | C34: IA_LNW_052_MG | D34: IA_LNW_052_MG | K34: =IFERROR(VLOOKUP(D34,Sheet4!A$1:M$56,11,FALSE),"") | L34: =_xlfn.CONCAT(J34,K34) | M34: Quercus alba | N34: 44721 | O34: Mira Garner, Leah Samuels, Klara Peterson, Briana Beatty | P34: fresh, frozen | Q34: HIPP | R34: USA | S34: Iowa | T34: Van Buren | U34: County | V34: Lindsay Wilderness | X34: Worded area, dense foliage | Y34: Ironwood, Arrow wood, Blackberry | AC34: Quercus alba L. | AG34: 40.709859 | AH34: -91.796245 | AL34: Dimensions of Biodiversity: US/China Collaborative Research: Consequences of diversity in Asian and American tree sygameons for functional variation, adaptation and symbiont biodiversity (#2129281) | AM34: MOR | AN34: MOR<USA-IL>: Garner, IA_LNW_052_MG | AO34: 193755 | AQ34: 0111059MOR | AR34: 931D28AA-0B57-43CF-8D39-A93FB248595F | AS34: https://swbiodiversity.org/seinet/collections/individual/index.php?occid=34693568 | AT34: PRJNA1200080 | AV34: SYST-MOR-0006784 | AW34: SYST-MOR-0006784_S68_1.fq.gz | AX34: SYST-MOR-0006784_S68_2.fq.gz | BA34: subg. Quercus | BB34: Quercus | BC34: Albae
A35: 3548 | B35: QUE003548 | C35: IA_LNW_053_MG | D35: IA_LNW_053_MG | K35: =IFERROR(VLOOKUP(D35,Sheet4!A$1:M$56,11,FALSE),"") | L35: =_xlfn.CONCAT(J35,K35) | M35: Quercus alba | N35: 44721 | O35: Mira Garner, Leah Samuels, Klara Peterson, Briana Beatty | P35: fresh, frozen | Q35: HIPP | R35: USA | S35: Iowa | T35: Van Buren | U35: County | V35: Lindsay Wilderness | X35: Wooded area, bushy foliage | Y35: Ironwood | AC35: Quercus alba L. | AG35: 40.710201 | AH35: -91.794682 | AL35: Dimensions of Biodiversity: US/China Collaborative Research: Consequences of diversity in Asian and American tree sygameons for functional variation, adaptation and symbiont biodiversity (#2129281) | AM35: MOR | AN35: MOR<USA-IL>: Garner, IA_LNW_053_MG | AO35: 192540 | AQ35: 0111057MOR | AR35: 31219238-02D0-4BDE-97DB-EEBA523B5CE5 | AS35: https://swbiodiversity.org/seinet/collections/individual/index.php?occid=34693278 | AT35: PRJNA1200080 | AV35: SYST-MOR-0006785 | AW35: SYST-MOR-0006785_S69_1.fq.gz | AX35: SYST-MOR-0006785_S69_2.fq.gz | BA35: subg. Quercus | BB35: Quercus | BC35: Albae
A36: 3549 | B36: QUE003549 | C36: IA_LNW_054_MG | D36: IA_LNW_054_MG | K36: =IFERROR(VLOOKUP(D36,Sheet4!A$1:M$56,11,FALSE),"") | L36: =_xlfn.CONCAT(J36,K36) | M36: Quercus alba | N36: 44721 | O36: Mira Garner, Leah Samuels, Klara Peterson, Briana Beatty | P36: fresh, frozen | Q36: HIPP | R36: USA | S36: Iowa | T36: Van Buren | U36: County | V36: Lindsay Wilderness | X36: Dry forested area, foliage | Y36: Quercus alba, shagbark hickory, hackberry, Blackberry, Ironwood, Virginia creeper, Water horhound, Creeping Charlie | AC36: Quercus alba L. | AG36: 40.710553 | AH36: -91.792546 | AL36: Dimensions of Biodiversity: US/China Collaborative Research: Consequences of diversity in Asian and American tree sygameons for functional variation, adaptation and symbiont biodiversity (#2129281) | AM36: MOR | AN36: MOR<USA-IL>: Garner, IA_LNW_054_MG | AO36: 193756 | AQ36: 0111060MOR | AR36: 58DCFE86-C47A-42F9-A619-C24C14417834 | AS36: https://swbiodiversity.org/seinet/collections/individual/index.php?occid=34693380 | AT36: PRJNA1200080 | AV36: SYST-MOR-0006786 | AW36: SYST-MOR-0006786_S70_1.fq.gz | AX36: SYST-MOR-0006786_S70_2.fq.gz | BA36: subg. Quercus | BB36: Quercus | BC36: Albae
A37: 3550 | B37: QUE003550 | C37: IA_LNW_055_MG | D37: IA_LNW_055_MG | J37: May have genomic admixture with Q. prinoides | K37: =IFERROR(VLOOKUP(D37,Sheet4!A$1:M$56,11,FALSE),"") | L37: =_xlfn.CONCAT(J37,K37) -> May have genomic admixture with Q. prinoides | M37: Quercus muehlenbergii | N37: 44721 | O37: Mira Garner, Leah Samuels, Klara Peterson, Briana Beatty | P37: fresh, frozen | Q37: HIPP | R37: USA | S37: Iowa | T37: Van Buren | U37: County | V37: Lindsay Wilderness | X37: Lower land, dry forest. Dense brush | Y37: Red oak, Acer sp., hickory, Hog-peanut, Yellow violet, Virginia creeper | AC37: Quercus muehlenbergii Engelm. | AG37: 40.708616 | AH37: -91.787231 | AI37: 652 ft | AL37: Dimensions of Biodiversity: US/China Collaborative Research: Consequences of diversity in Asian and American tree sygameons for functional variation, adaptation and symbiont biodiversity (#2129281) | AM37: MOR | AN37: MOR<USA-IL>: Garner, IA_LNW_055_MG | AO37: 194513 | AQ37: 0111153MOR | AR37: B8A35AEF-E022-4DE5-9462-1127D906AA21 | AS37: https://swbiodiversity.org/seinet/collections/individual/index.php?occid=34693603 | AT37: PRJNA1200080 | AV37: SYST-MOR-0006787 | AW37: SYST-MOR-0006787_S71_1.fq.gz | AX37: SYST-MOR-0006787_S71_2.fq.gz | BA37: subg. Quercus | BB37: Quercus | BC37: Prinoideae
A38: 3551 | B38: QUE003551 | C38: IA_LNW_056_MG | D38: IA_LNW_056_MG | K38: =IFERROR(VLOOKUP(D38,Sheet4!A$1:M$56,11,FALSE),"") | L38: =_xlfn.CONCAT(J38,K38) | M38: Quercus muehlenbergii | N38: 44721 | O38: Mira Garner, Leah Samuels, Klara Peterson, Briana Beatty | P38: fresh, frozen | Q38: HIPP | R38: USA | S38: Iowa | T38: Van Buren | U38: County | V38: Lindsay Wilderness | X38: Forested area, lots of underbrush | Y38: American elm, black maple, ironwood, Rubus sp., Jack in the pulpit, Mustard, Gooseberry | AC38: Quercus muehlenbergii Engelm. | AG38: 40.707865 | AH38: -91.788325 | AI38: 651 ft | AL38: Dimensions of Biodiversity: US/China Collaborative Research: Consequences of diversity in Asian and American tree sygameons for functional variation, adaptation and symbiont biodiversity (#2129281) | AM38: MOR | AN38: MOR<USA-IL>: Garner, IA_LNW_056_MG | AO38: 194514 | AQ38: 0111152MOR | AR38: E4B0C8F4-F11C-4FB0-9803-28BC5DA0CC7D | AS38: https://swbiodiversity.org/seinet/collections/individual/index.php?occid=34693761 | AT38: PRJNA1200080 | AV38: SYST-MOR-0006788 | AW38: SYST-MOR-0006788_S72_1.fq.gz | AX38: SYST-MOR-0006788_S72_2.fq.gz | BA38: subg. Quercus | BB38: Quercus | BC38: Prinoideae
A39: 3552 | B39: QUE003552 | C39: IA_LNW_057_MG | D39: IA_LNW_057_MG | J39: May have genomic admixture with Q. prinoides | K39: =IFERROR(VLOOKUP(D39,Sheet4!A$1:M$56,11,FALSE),"") | L39: =_xlfn.CONCAT(J39,K39) -> May have genomic admixture with Q. prinoides | M39: Quercus muehlenbergii | N39: 44721 | O39: Mira Garner, Leah Samuels, Klara Peterson, Briana Beatty | P39: fresh, frozen | Q39: HIPP | R39: USA | S39: Iowa | T39: Van Buren | U39: County | V39: Lindsay Wilderness | X39: Woody, forest, dry | Y39: red maple, red oak, hickory, Redbud | AC39: Quercus muehlenbergii Engelm. | AG39: 40.707006 | AH39: -91.789441 | AI39: 642 ft | AL39: Dimensions of Biodiversity: US/China Collaborative Research: Consequences of diversity in Asian and American tree sygameons for functional variation, adaptation and symbiont biodiversity (#2129281) | AM39: MOR | AN39: MOR<USA-IL>: Garner, IA_LNW_057_MG | AO39: 194515 | AQ39: 0111151MOR | AR39: 3F20650C-5498-4FEE-875A-EB28A778D464 | AS39: https://swbiodiversity.org/seinet/collections/individual/index.php?occid=34693283 | AT39: PRJNA1200080 | AV39: SYST-MOR-0006789 | AW39: SYST-MOR-0006789_S73_1.fq.gz | AX39: SYST-MOR-0006789_S73_2.fq.gz | BA39: subg. Quercus | BB39: Quercus | BC39: Prinoideae
A40: 3553 | B40: QUE003553 | C40: IA_LNW_058_MG | D40: IA_LNW_058_MG | K40: =IFERROR(VLOOKUP(D40,Sheet4!A$1:M$56,11,FALSE),"") | L40: =_xlfn.CONCAT(J40,K40) | M40: Quercus muehlenbergii | N40: 44721 | O40: Mira Garner, Leah Samuels, Klara Peterson, Briana Beatty | P40: fresh, frozen | Q40: HIPP | R40: USA | S40: Iowa | T40: Van Buren | U40: County | V40: Lindsay Wilderness | X40: Woody forest, bluff hillside | Y40: red maple, hackberry, Quercus muehlenbergii, Hickory, Red maple, Barberry, Redbud, Ironwood, Rubus sp., Poison ivy | AC40: Quercus muehlenbergii Engelm. | AG40: 40.706792 | AH40: -91.79075 | AI40: 646 ft | AL40: Dimensions of Biodiversity: US/China Collaborative Research: Consequences of diversity in Asian and American tree sygameons for functional variation, adaptation and symbiont biodiversity (#2129281) | AM40: MOR | AN40: MOR<USA-IL>: Garner, IA_LNW_058_MG | AO40: 194516 | AQ40: 0111150MOR | AR40: CE8BFC2B-F0A5-4A37-BE48-57A51F831670 | AS40: https://swbiodiversity.org/seinet/collections/individual/index.php?occid=34693668 | AT40: PRJNA1200080 | AV40: SYST-MOR-0006790 | AW40: SYST-MOR-0006790_S74_1.fq.gz | AX40: SYST-MOR-0006790_S74_2.fq.gz | BA40: subg. Quercus | BB40: Quercus | BC40: Prinoideae
A41: 3554 | B41: QUE003554 | C41: IA_LNW_059_MG | D41: IA_LNW_059_MG | K41: =IFERROR(VLOOKUP(D41,Sheet4!A$1:M$56,11,FALSE),"") | L41: =_xlfn.CONCAT(J41,K41) | M41: Quercus macrocarpa | N41: 44721 | O41: Mira Garner, Leah Samuels, Klara Peterson, Briana Beatty | P41: fresh, frozen | Q41: HIPP | R41: USA | S41: Iowa | T41: Van Buren | U41: County | V41: Lindsay Wilderness | X41: Forest, low underbrush, more open, dry | Y41: Quercus alba, Quercus macrocarpa, red maple, shagbark hickory, Mayapple, Poison ivy, Ash, Virginia creeper | AC41: Quercus macrocarpa Michx. | AG41: 40.707564 | AH41: -91.792402 | AI41: 652 ft | AL41: Dimensions of Biodiversity: US/China Collaborative Research: Consequences of diversity in Asian and American tree sygameons for functional variation, adaptation and symbiont biodiversity (#2129281) | AM41: MOR | AN41: MOR<USA-IL>: Garner, IA_LNW_059_MG | AO41: 194194 | AQ41: 0111355MOR | AR41: 69C164C3-5DDA-4117-8AB0-0A4C6BC91E6B | AS41: https://swbiodiversity.org/seinet/collections/individual/index.php?occid=34693432 | AT41: PRJNA1200080 | AV41: SYST-MOR-0006791 | AW41: SYST-MOR-0006791_S75_1.fq.gz | AX41: SYST-MOR-0006791_S75_2.fq.gz | BA41: subg. Quercus | BB41: Quercus | BC41: Prinoideae
A42: 3555 | B42: QUE003555 | C42: IA_LNW_060_MG | D42: IA_LNW_060_MG | K42: =IFERROR(VLOOKUP(D42,Sheet4!A$1:M$56,11,FALSE),"") | L42: =_xlfn.CONCAT(J42,K42) | M42: Quercus macrocarpa | N42: 44721 | O42: Mira Garner, Leah Samuels, Klara Peterson, Briana Beatty | P42: fresh, frozen | Q42: HIPP | R42: USA | S42: Iowa | T42: Van Buren | U42: County | V42: Lindsay Wilderness | X42: Forest, lower brush but still a thick, a little open | Y42: Fraxinus americana, hackberry, linden, Virginia creeper, Rose, Redbud | AC42: Quercus macrocarpa Michx. | AG42: 40.70735 | AH42: -91.793153 | AI42: 651 ft | AL42: Dimensions of Biodiversity: US/China Collaborative Research: Consequences of diversity in Asian and American tree sygameons for functional variation, adaptation and symbiont biodiversity (#2129281) | AM42: MOR | AN42: MOR<USA-IL>: Garner, IA_LNW_060_MG | AO42: 194195 | AQ42: 0111354MOR | AR42: EB76E7D8-4BF7-4A4F-87DA-712A1998A3E3 | AS42: https://swbiodiversity.org/seinet/collections/individual/index.php?occid=34693765 | AT42: PRJNA1200080 | AV42: SYST-MOR-0006792 | AW42: SYST-MOR-0006792_S76_1.fq.gz | AX42: SYST-MOR-0006792_S76_2.fq.gz | BA42: subg. Quercus | BB42: Quercus | BC42: Prinoideae
A43: 3556 | B43: QUE003556 | C43: IA_LNW_061_MG | D43: IA_LNW_061_MG | K43: =IFERROR(VLOOKUP(D43,Sheet4!A$1:M$56,11,FALSE),"") | L43: =_xlfn.CONCAT(J43,K43) | M43: Quercus alba | N43: 44721 | O43: Mira Garner, Leah Samuels, Klara Peterson, Briana Beatty | P43: fresh, frozen | Q43: HIPP | R43: USA | S43: Iowa | T43: Van Buren | U43: County | V43: Lindsay Wilderness | X43: Woodland, bluff lands | Y43: Quercus alba, Shagbark hickory, Fraxinus americana, Ironwood, Virginia creeper | AC43: Quercus alba L. | AG43: 40.706728 | AH43: -91.793218 | AI43: 642 ft | AL43: Dimensions of Biodiversity: US/China Collaborative Research: Consequences of diversity in Asian and American tree sygameons for functional variation, adaptation and symbiont biodiversity (#2129281) | AM43: MOR | AN43: MOR<USA-IL>: Garner, IA_LNW_061_MG | AO43: 193757 | AQ43: 0111061MOR | AR43: 2DD9EC23-ADB2-402A-9A7E-59597D707AED | AS43: https://swbiodiversity.org/seinet/collections/individual/index.php?occid=34693274 | AT43: PRJNA1200080 | AV43: SYST-MOR-0006793 | AW43: SYST-MOR-0006793_S77_1.fq.gz | AX43: SYST-MOR-0006793_S77_2.fq.gz | BA43: subg. Quercus | BB43: Quercus | BC43: Albae
A44: 3557 | B44: QUE003557 | C44: IA_LNW_062_MG | D44: IA_LNW_062_MG | K44: =IFERROR(VLOOKUP(D44,Sheet4!A$1:M$56,11,FALSE),"") | L44: =_xlfn.CONCAT(J44,K44) | M44: Quercus muehlenbergii | N44: 44721 | O44: Mira Garner, Leah Samuels, Klara Peterson, Briana Beatty | P44: fresh, frozen | Q44: HIPP | R44: USA | S44: Iowa | T44: Van Buren | U44: County | V44: Lindsay Wilderness | X44: Woodland, bluff hills | Y44: Quercus alba, shagbark hickory, red oak, Rose sp., Virginia creeper, Ironwood | AC44: Quercus muehlenbergii Engelm. | AG44: 40.706856 | AH44: -91.79369 | AI44: 652 ft | AL44: Dimensions of Biodiversity: US/China Collaborative Research: Consequences of diversity in Asian and American tree sygameons for functional variation, adaptation and symbiont biodiversity (#2129281) | AM44: MOR | AN44: MOR<USA-IL>: Garner, IA_LNW_062_MG | AO44: 194517 | AQ44: 0111149MOR | AR44: C50EB5CE-14A8-471C-A307-6CF9BF4B4F96 | AS44: https://swbiodiversity.org/seinet/collections/individual/index.php?occid=34693675 | AT44: PRJNA1200080 | AV44: SYST-MOR-0006794 | AW44: SYST-MOR-0006794_S78_1.fq.gz | AX44: SYST-MOR-0006794_S78_2.fq.gz | BA44: subg. Quercus | BB44: Quercus | BC44: Prinoideae
A45: 3558 | B45: QUE003558 | C45: IA_LNW_063_MG | D45: IA_LNW_063_MG | F45: Quercus muehlenbergii | K45: =IFERROR(VLOOKUP(D45,Sheet4!A$1:M$56,11,FALSE),"") | L45: =_xlfn.CONCAT(J45,K45) | M45: Quercus bicolor | N45: 44721 | O45: Mira Garner, Leah Samuels, Klara Peterson, Briana Beatty | P45: fresh, frozen | Q45: HIPP | R45: USA | S45: Iowa | T45: Van Buren | U45: County | V45: Lindsay Wilderness | X45: Woodland, bluff hills | Y45: red maple, ironwood, Quercus bicolor, hickory, Barberry, Virginia creeper, Chokeberry | AC45: Quercus bicolor Willd. | AG45: 40.704425 | AH45: -91.796592 | AI45: 649 ft | AL45: Dimensions of Biodiversity: US/China Collaborative Research: Consequences of diversity in Asian and American tree sygameons for functional variation, adaptation and symbiont biodiversity (#2129281) | AM45: MOR | AN45: MOR<USA-IL>: Garner, IA_LNW_063_MG | AO45: 192674 | AQ45: 0111097MOR | AR45: F2A4F3F1-93A2-4E02-874E-5AC464ED2327 | AS45: https://swbiodiversity.org/seinet/collections/individual/index.php?occid=34693770 | AT45: PRJNA1200080 | AV45: SYST-MOR-0006795 | AW45: SYST-MOR-0006795_S79_1.fq.gz | AX45: SYST-MOR-0006795_S79_2.fq.gz | BA45: subg. Quercus | BB45: Quercus | BC45: Prinoideae
A46: 3559 | B46: QUE003559 | C46: IA_LNW_064_MG | D46: IA_LNW_064_MG | K46: =IFERROR(VLOOKUP(D46,Sheet4!A$1:M$56,11,FALSE),"") | L46: =_xlfn.CONCAT(J46,K46) | M46: Quercus bicolor | N46: 44721 | O46: Mira Garner, Leah Samuels, Klara Peterson, Briana Beatty | P46: fresh, frozen | Q46: HIPP | R46: USA | S46: Iowa | T46: Van Buren | U46: County | V46: Lindsay Wilderness | X46: Woodland, bluff hills | Y46: ash, Rose sp., Chokeberry, Virginia creeper | AC46: Quercus bicolor Willd. | AG46: 40.703988 | AH46: -91.796584 | AI46: 646 ft | AL46: Dimensions of Biodiversity: US/China Collaborative Research: Consequences of diversity in Asian and American tree sygameons for functional variation, adaptation and symbiont biodiversity (#2129281) | AM46: MOR | AN46: MOR<USA-IL>: Garner, IA_LNW_064_MG | AO46: 192662 | AQ46: 0111095MOR | AR46: 658EFC81-95C8-4D39-88EA-18DF2553171D | AS46: https://swbiodiversity.org/seinet/collections/individual/index.php?occid=34693411 | AT46: PRJNA1200080 | AV46: SYST-MOR-0006796 | AW46: SYST-MOR-0006796_S80_1.fq.gz | AX46: SYST-MOR-0006796_S80_2.fq.gz | BA46: subg. Quercus | BB46: Quercus | BC46: Prinoideae
A47: 3560 | B47: QUE003560 | C47: IA_LNW_065_MG | D47: IA_LNW_065_MG | K47: =IFERROR(VLOOKUP(D47,Sheet4!A$1:M$56,11,FALSE),"") | L47: =_xlfn.CONCAT(J47,K47) | M47: Quercus bicolor | N47: 44721 | O47: Mira Garner, Leah Samuels, Klara Peterson, Briana Beatty | P47: fresh, frozen | Q47: HIPP | R47: USA | S47: Iowa | T47: Van Buren | U47: County | V47: Lindsay Wilderness | X47: Woodlands, bluff hills | Y47: Quercus muehlenbergii, walnut, Virginia creeper, Rose sp., Autumn olive | AB47: Seeds ripening | AC47: Quercus bicolor Willd. | AG47: 40.703502 | AH47: -91.796851 | AI47: 646 ft | AL47: Dimensions of Biodiversity: US/China Collaborative Research: Consequences of diversity in Asian and American tree sygameons for functional variation, adaptation and symbiont biodiversity (#2129281) | AM47: MOR | AN47: MOR<USA-IL>: Garner, IA_LNW_065_MG | AO47: 192655 | AQ47: 0111096MOR | AR47: B740CC91-DB6C-48E5-9C6E-95F9D9DF1560 | AS47: https://swbiodiversity.org/seinet/collections/individual/index.php?occid=34693627 | AT47: PRJNA1200080 | AV47: SYST-MOR-0006797 | AW47: SYST-MOR-0006797_S81_1.fq.gz | AX47: SYST-MOR-0006797_S81_2.fq.gz | BA47: subg. Quercus | BB47: Quercus | BC47: Prinoideae
A48: 4004 | B48: QUE004004 | C48: IL_CHB_521_MG | D48: IL_CHB_521_MG | K48: =IFERROR(VLOOKUP(D48,Sheet4!A$1:M$56,11,FALSE),"") | L48: =_xlfn.CONCAT(J48,K48) | M48: Quercus macrocarpa | N48: 44840 | O48: Leah Samuels | P48: fresh, frozen | Q48: HIPP | R48: USA | S48: Illinois | T48: Douglas | U48: County | V48: Chickenbristle | X48: Pasture | Y48: Quercus macrocarpa, Juglans sp. | AB48: Caps on the ground | AC48: Quercus macrocarpa Michx. | AG48: 39.839267 | AH48: -88.367814 | AI48: 706 ft | AL48: Dimensions of Biodiversity: US/China Collaborative Research: Consequences of diversity in Asian and American tree sygameons for functional variation, adaptation and symbiont biodiversity (#2129281) | AM48: MOR | AN48: MOR<USA-IL>: Samuels, IL_CHB_521_MG | AO48: 194616 | AQ48: 0111285MOR | AR48: DAED4A0C-1FE1-4841-9303-E679A3119C64 | AS48: https://swbiodiversity.org/seinet/collections/individual/index.php?occid=34693162 | AT48: PRJNA1200080 | AV48: SYST-MOR-0007241 | AW48: SYST-MOR-0007241_S63_1.fq.gz | AX48: SYST-MOR-0007241_S63_2.fq.gz | BA48: subg. Quercus | BB48: Quercus | BC48: Prinoideae
A49: 4005 | B49: QUE004005 | C49: IL_CHB_522_MG | D49: IL_CHB_522_MG | K49: =IFERROR(VLOOKUP(D49,Sheet4!A$1:M$56,11,FALSE),"") | L49: =_xlfn.CONCAT(J49,K49) | M49: Quercus macrocarpa | N49: 44840 | O49: Leah Samuels | P49: fresh, frozen | Q49: HIPP | R49: USA | S49: Illinois | T49: Douglas | U49: County | V49: Chickenbristle | X49: Pasture | Y49: Quercus macrocarpa, Juglans sp., Celtis sp., Osage orange, Ulmus sp. | AB49: Caps on the ground | AC49: Quercus macrocarpa Michx. | AG49: 39.839403 | AH49: -88.367954 | AI49: 720 ft | AL49: Dimensions of Biodiversity: US/China Collaborative Research: Consequences of diversity in Asian and American tree sygameons for functional variation, adaptation and symbiont biodiversity (#2129281) | AM49: MOR | AN49: MOR<USA-IL>: Samuels, IL_CHB_522_MG | AO49: 194617 | AQ49: 0111286MOR | AR49: 696D4296-6682-4459-814F-54C541D9389A | AS49: https://swbiodiversity.org/seinet/collections/individual/index.php?occid=34693416 | AT49: PRJNA1200080 | AV49: SYST-MOR-0007242 | AW49: SYST-MOR-0007242_S64_1.fq.gz | AX49: SYST-MOR-0007242_S64_2.fq.gz | BA49: subg. Quercus | BB49: Quercus | BC49: Prinoideae
A50: 4006 | B50: QUE004006 | C50: IL_CHB_523_MG | D50: IL_CHB_523_MG | K50: =IFERROR(VLOOKUP(D50,Sheet4!A$1:M$56,11,FALSE),"") | L50: =_xlfn.CONCAT(J50,K50) | M50: Quercus macrocarpa | N50: 44840 | O50: Leah Samuels | P50: fresh, frozen | Q50: HIPP | R50: USA | S50: Illinois | T50: Douglas | U50: County | V50: Chickenbristle | X50: Pasture/lawn | Y50: Juglans sp., Quercus macrocarpa, Carya ovata, Celtis sp., Osage orange | AB50: Seeds mature,Seeds ripening,Caps on the ground | AC50: Quercus macrocarpa Michx. | AG50: 39.839037 | AH50: -88.368016 | AI50: 662 ft | AL50: Dimensions of Biodiversity: US/China Collaborative Research: Consequences of diversity in Asian and American tree sygameons for functional variation, adaptation and symbiont biodiversity (#2129281) | AM50: MOR | AN50: MOR<USA-IL>: Samuels, IL_CHB_523_MG | AO50: 194618 | AQ50: 0111287MOR | AR50: FA56B892-9118-4A3D-A9A8-2152966AE572 | AS50: https://swbiodiversity.org/seinet/collections/individual/index.php?occid=34693744 | AT50: PRJNA1200080 | AV50: SYST-MOR-0007243 | AW50: SYST-MOR-0007243_S65_1.fq.gz | AX50: SYST-MOR-0007243_S65_2.fq.gz | BA50: subg. Quercus | BB50: Quercus | BC50: Prinoideae
A51: 4007 | B51: QUE004007 | C51: IL_CHB_524_MG | D51: IL_CHB_524_MG | K51: =IFERROR(VLOOKUP(D51,Sheet4!A$1:M$56,11,FALSE),"") | L51: =_xlfn.CONCAT(J51,K51) | M51: Quercus alba | N51: 44840 | O51: Leah Samuels | P51: fresh, frozen | Q51: HIPP | R51: USA | S51: Illinois | T51: Douglas | U51: County | V51: Chickenbristle | X51: Field/pasture/lawn | Y51: Quercus alba | AB51: Caps on the ground,Seeds mature | AC51: Quercus alba L. | AG51: 39.839322 | AH51: -88.368376 | AI51: 682 ft | AL51: Dimensions of Biodiversity: US/China Collaborative Research: Consequences of diversity in Asian and American tree sygameons for functional variation, adaptation and symbiont biodiversity (#2129281) | AM51: MOR | AN51: MOR<USA-IL>: Samuels, IL_CHB_524_MG | AO51: 194142 | AQ51: 0111012MOR | AR51: 85B7F75C-9973-4CB5-AD13-2F33667242DF | AS51: https://swbiodiversity.org/seinet/collections/individual/index.php?occid=34693518 | AT51: PRJNA1200080 | AV51: SYST-MOR-0007244 | AW51: SYST-MOR-0007244_S66_1.fq.gz | AX51: SYST-MOR-0007244_S66_2.fq.gz | BA51: subg. Quercus | BB51: Quercus | BC51: Albae
A52: 4008 | B52: QUE004008 | C52: IL_CHB_525_MG | D52: IL_CHB_525_MG | K52: =IFERROR(VLOOKUP(D52,Sheet4!A$1:M$56,11,FALSE),"") | L52: =_xlfn.CONCAT(J52,K52) | M52: Quercus alba | N52: 44840 | O52: Leah Samuels | P52: fresh, frozen | Q52: HIPP | R52: USA | S52: Illinois | T52: Douglas | U52: County | V52: Chickenbristle | X52: Pasture/lawn | Y52: Carya ovata, Quercus macrocarpa | AB52: Caps on the ground,Seeds mature | AC52: Quercus alba L. | AG52: 39.839318 | AH52: -88.36863 | AI52: 676 ft | AL52: Dimensions of Biodiversity: US/China Collaborative Research: Consequences of diversity in Asian and American tree sygameons for functional variation, adaptation and symbiont biodiversity (#2129281) | AM52: MOR | AN52: MOR<USA-IL>: Samuels, IL_CHB_525_MG | AO52: 194137 | AQ52: 0111016MOR | AR52: 83FD1E2B-0837-4A4A-A18D-44E42072232C | AS52: https://swbiodiversity.org/seinet/collections/individual/index.php?occid=34693498 | AT52: PRJNA1200080 | AV52: SYST-MOR-0007245 | AW52: SYST-MOR-0007245_S67_1.fq.gz | AX52: SYST-MOR-0007245_S67_2.fq.gz | BA52: subg. Quercus | BB52: Quercus | BC52: Albae
A53: 4009 | B53: QUE004009 | C53: IL_CHB_526_MG | D53: IL_CHB_526_MG | K53: =IFERROR(VLOOKUP(D53,Sheet4!A$1:M$56,11,FALSE),"") | L53: =_xlfn.CONCAT(J53,K53) | M53: Quercus macrocarpa | N53: 44840 | O53: Leah Samuels | P53: fresh, frozen | Q53: HIPP | R53: USA | S53: Illinois | T53: Douglas | U53: County | V53: Chickenbristle | X53: Pasture/lawn | Y53: Quercus macrocarpa, Quercus alba | AB53: Seeds mature,Caps on the ground | AC53: Quercus macrocarpa Michx. | AG53: 39.839492 | AH53: -88.368621 | AI53: 712 ft | AL53: Dimensions of Biodiversity: US/China Collaborative Research: Consequences of diversity in Asian and American tree sygameons for functional variation, adaptation and symbiont biodiversity (#2129281) | AM53: MOR | AN53: MOR<USA-IL>: Samuels, IL_CHB_526_MG | AO53: 194619 | AQ53: 0111288MOR | AR53: 03BAD493-31A5-4D10-ACA9-8581DE78189B | AS53: https://swbiodiversity.org/seinet/collections/individual/index.php?occid=34693131 | AT53: PRJNA1200080 | AV53: SYST-MOR-0007246 | AW53: SYST-MOR-0007246_S68_1.fq.gz | AX53: SYST-MOR-0007246_S68_2.fq.gz | BA53: subg. Quercus | BB53: Quercus | BC53: Prinoideae
A54: 4010 | B54: QUE004010 | C54: IL_CHB_527_MG | D54: IL_CHB_527_MG | K54: =IFERROR(VLOOKUP(D54,Sheet4!A$1:M$56,11,FALSE),"") | L54: =_xlfn.CONCAT(J54,K54) | M54: Quercus macrocarpa | N54: 44840 | O54: Leah Samuels | P54: fresh, frozen | Q54: HIPP | R54: USA | S54: Illinois | T54: Douglas | U54: County | V54: Chickenbristle | X54: Pasture/yard | Y54: Quercus macrocarpa, Quercus alba | AB54: Seeds mature,Caps on the ground | AC54: Quercus macrocarpa Michx. | AG54: 39.839765 | AH54: -88.369114 | AI54: 677 ft | AL54: Dimensions of Biodiversity: US/China Collaborative Research: Consequences of diversity in Asian and American tree sygameons for functional variation, adaptation and symbiont biodiversity (#2129281) | AM54: MOR | AN54: MOR<USA-IL>: Samuels, IL_CHB_527_MG | AO54: 194620 | AQ54: 0111289MOR | AR54: E92A05D0-E148-424E-B0D5-1C0C2CA3ECDA | AS54: https://swbiodiversity.org/seinet/collections/individual/index.php?occid=34693728 | AT54: PRJNA1200080 | AV54: SYST-MOR-0007247 | AW54: SYST-MOR-0007247_S69_1.fq.gz | AX54: SYST-MOR-0007247_S69_2.fq.gz | BA54: subg. Quercus | BB54: Quercus | BC54: Prinoideae
A55: 4011 | B55: QUE004011 | C55: IL_CHB_528_MG | D55: IL_CHB_528_MG | K55: =IFERROR(VLOOKUP(D55,Sheet4!A$1:M$56,11,FALSE),"") | L55: =_xlfn.CONCAT(J55,K55) | M55: Quercus alba | N55: 44840 | O55: Leah Samuels | P55: fresh, frozen | Q55: HIPP | R55: USA | S55: Illinois | T55: Douglas | U55: County | V55: Chickenbristle | X55: Pasture/ yard | Y55: Quercus macrocarpa, Quercus alba | AB55: Seeds mature,Caps on the ground | AC55: Quercus alba L. | AG55: 39.839716 | AH55: -88.36911 | AI55: 669 ft | AL55: Dimensions of Biodiversity: US/China Collaborative Research: Consequences of diversity in Asian and American tree sygameons for functional variation, adaptation and symbiont biodiversity (#2129281) | AM55: MOR | AN55: MOR<USA-IL>: Samuels, IL_CHB_528_MG | AO55: 194139 | AQ55: 0111014MOR | AR55: D8FBEF48-A29A-411D-B452-51C9DE46C0F1 | AS55: https://swbiodiversity.org/seinet/collections/individual/index.php?occid=34693156 | AT55: PRJNA1200080 | AV55: SYST-MOR-0007248 | AW55: SYST-MOR-0007248_S70_1.fq.gz | AX55: SYST-MOR-0007248_S70_2.fq.gz | BA55: subg. Quercus | BB55: Quercus | BC55: Albae
A56: 4012 | B56: QUE004012 | C56: IL_CHB_529_MG | D56: IL_CHB_529_MG | K56: =IFERROR(VLOOKUP(D56,Sheet4!A$1:M$56,11,FALSE),"") | L56: =_xlfn.CONCAT(J56,K56) | M56: Quercus alba | N56: 44840 | O56: Leah Samuels | P56: fresh, frozen | Q56: HIPP | R56: USA | S56: Illinois | T56: Douglas | U56: County | V56: Chickenbristle | X56: Yard/ pasture | Y56: Quercus macrocarpa | AB56: Seeds mature,Caps on the ground | AC56: Quercus alba L. | AG56: 39.839183 | AH56: -88.369716 | AI56: 664 ft | AL56: Dimensions of Biodiversity: US/China Collaborative Research: Consequences of diversity in Asian and American tree sygameons for functional variation, adaptation and symbiont biodiversity (#2129281) | AM56: MOR | AN56: MOR<USA-IL>: Samuels, IL_CHB_529_MG | AO56: 194138 | AQ56: 0111015MOR | AR56: C2975B70-A449-4548-9FC0-811F6AEF4406 | AS56: https://swbiodiversity.org/seinet/collections/individual/index.php?occid=34693691 | AT56: PRJNA1200080 | AV56: SYST-MOR-0007249 | AW56: SYST-MOR-0007249_S71_1.fq.gz | AX56: SYST-MOR-0007249_S71_2.fq.gz | BA56: subg. Quercus | BB56: Quercus | BC56: Albae
A57: 4013 | B57: QUE004013 | C57: IL_CHB_530_MG | D57: IL_CHB_530_MG | K57: =IFERROR(VLOOKUP(D57,Sheet4!A$1:M$56,11,FALSE),"") | L57: =_xlfn.CONCAT(J57,K57) | M57: Quercus alba | N57: 44840 | O57: Leah Samuels | P57: fresh, frozen | Q57: HIPP | R57: USA | S57: Illinois | T57: Douglas | U57: County | V57: Chickenbristle | X57: Pasture/yard | Y57: Quercus alba, Mulberry | AB57: Seeds mature,Caps on the ground | AC57: Quercus alba L. | AG57: 39.839107 | AH57: -88.369207 | AI57: 664 ft | AL57: Dimensions of Biodiversity: US/China Collaborative Research: Consequences of diversity in Asian and American tree sygameons for functional variation, adaptation and symbiont biodiversity (#2129281) | AM57: MOR | AN57: MOR<USA-IL>: Samuels, IL_CHB_530_MG | AO57: 194140 | AQ57: 0111013MOR | AR57: DC7C6626-9689-47AB-9BA2-7D081A28C890 | AS57: https://swbiodiversity.org/seinet/collections/individual/index.php?occid=34693166 | AT57: PRJNA1200080 | AV57: SYST-MOR-0007250 | AW57: SYST-MOR-0007250_S72_1.fq.gz | AX57: SYST-MOR-0007250_S72_2.fq.gz | BA57: subg. Quercus | BB57: Quercus | BC57: Albae
A58: 3287 | B58: QUE003287 | C58: IL_HP_MG919_MG | D58: IL_HP_MG919_MG | E58: MG919 | K58: =IFERROR(VLOOKUP(D58,Sheet4!A$1:M$56,11,FALSE),"") | L58: =_xlfn.CONCAT(J58,K58) | M58: Quercus michauxii | N58: 44715 | O58: Alan Whittemore, Andrew Hipp, Brett Fredericksen, Heather McCarthy, Klara Peterson, Leah Samuels, Mira Garner, Paul Manos | P58: fresh frozen | Q58: HIPP-CAVENDER-BARES | R58: USA | S58: Illinois | T58: Johnson | U58: County | V58: Little Black Slough Nature Preserve | W58: Heron Pond | X58: Bottom woodlands, forested, dense understory | Y58: Hickory, Redbud, Pawpaw | AC58: Quercus michauxii Nutt. | AG58: 37.359717 | AH58: -88.91752 | AI58: 366 ft | AL58: Dimensions of Biodiversity: US/China Collaborative Research: Consequences of diversity in Asian and American tree sygameons for functional variation, adaptation and symbiont biodiversity (#2129281) | AM58: MOR | AN58: MOR<USA-IL>: Whittemore, IL_HP_MG919_MG | AO58: 193760 | AQ58: 0111214MOR | AR58: F14AEE9F-3190-419C-96E8-E9E14DE8DBC9 | AS58: https://swbiodiversity.org/seinet/collections/individual/index.php?occid=34693788 | AT58: PRJNA1200080 | AV58: SYST-MOR-0006717 | AW58: SYST-MOR-0006717_S1_1.fq.gz | AX58: SYST-MOR-0006717_S1_2.fq.gz | BA58: subg. Quercus | BB58: Quercus | BC58: Albae
A59: 3288 | B59: QUE003288 | C59: IL_HP_MG920_MG | D59: IL_HP_MG920_MG | E59: MG920 | K59: =IFERROR(VLOOKUP(D59,Sheet4!A$1:M$56,11,FALSE),"") | L59: =_xlfn.CONCAT(J59,K59) | M59: Quercus michauxii | N59: 44715 | O59: Alan Whittemore, Andrew Hipp, Brett Fredericksen, Heather McCarthy, Klara Peterson, Leah Samuels, Mira Garner, Paul Manos | P59: fresh frozen | Q59: HIPP-CAVENDER-BARES | R59: USA | S59: Illinois | T59: Johnson | U59: County | V59: Little Black Slough Nature Preserve | W59: Heron Pond | X59: Wet forest adjacent to creek | Y59: Acer rubrum, Ulmus alata, Morus rubra | AC59: Quercus michauxii Nutt. | AG59: 37.358862 | AH59: -88.917535 | AI59: 369 ft | AL59: Dimensions of Biodiversity: US/China Collaborative Research: Consequences of diversity in Asian and American tree sygameons for functional variation, adaptation and symbiont biodiversity (#2129281) | AM59: MOR | AN59: MOR<USA-IL>: Whittemore, IL_HP_MG920_MG | AO59: 193761 | AQ59: 0111215MOR | AR59: 9EF1F0C4-1E4F-4703-B268-88667C254FF7 | AS59: https://swbiodiversity.org/seinet/collections/individual/index.php?occid=34693610 | AT59: PRJNA1200080 | AV59: SYST-MOR-0006718 | AW59: SYST-MOR-0006718_S2_1.fq.gz | AX59: SYST-MOR-0006718_S2_2.fq.gz | BA59: subg. Quercus | BB59: Quercus | BC59: Albae
A60: 3289 | B60: QUE003289 | C60: IL_HP_MG921_MG | D60: IL_HP_MG921_MG | E60: MG921 | K60: =IFERROR(VLOOKUP(D60,Sheet4!A$1:M$56,11,FALSE),"") | L60: =_xlfn.CONCAT(J60,K60) | M60: Quercus michauxii | N60: 44715 | O60: Alan Whittemore, Andrew Hipp, Brett Fredericksen, Heather McCarthy, Klara Peterson, Leah Samuels, Mira Garner, Paul Manos | P60: fresh frozen | Q60: HIPP-CAVENDER-BARES | R60: USA | S60: Illinois | T60: Johnson | U60: County | V60: Little Black Slough Nature Preserve | W60: Heron Pond | X60: Bottomlands, dense forest, near river | Y60: Deciduous holly | AC60: Quercus michauxii Nutt. | AG60: 37.357105 | AH60: -88.91694 | AI60: 403 ft | AL60: Dimensions of Biodiversity: US/China Collaborative Research: Consequences of diversity in Asian and American tree sygameons for functional variation, adaptation and symbiont biodiversity (#2129281) | AM60: MOR | AN60: MOR<USA-IL>: Whittemore, IL_HP_MG921_MG | AO60: 193762 | AQ60: 0111216MOR | AR60: 787CB785-D447-47BA-B336-C198D8E128CB | AS60: https://swbiodiversity.org/seinet/collections/individual/index.php?occid=34693443 | AT60: PRJNA1200080 | AV60: SYST-MOR-0006719 | AW60: SYST-MOR-0006719_S3_1.fq.gz | AX60: SYST-MOR-0006719_S3_2.fq.gz | BA60: subg. Quercus | BB60: Quercus | BC60: Albae
A61: 3528 | B61: QUE003528 | C61: IL_MOR_135_MG | D61: IL_MOR_135_MG | E61: MG906 | K61: =IFERROR(VLOOKUP(D61,Sheet4!A$1:M$56,11,FALSE),"") | L61: =_xlfn.CONCAT(J61,K61) | M61: Quercus macrocarpa | N61: 44705 | O61: Mira Garner, Keion Mackay, Andrew Hipp | P61: fresh, frozen | Q61: HIPP | R61: USA | S61: Illinois | T61: DuPage | U61: County | V61: The Morton Arboretum | X61: Oak savanna | Y61: Quercus ellipsoidalis, Quercus macrocarpa, Clover, bottlebrush grass | AB61: Seeds ripening | AC61: Quercus macrocarpa Michx. | AG61: 41.81383 | AH61: -88.062933 | AI61: 731 ft | AL61: Dimensions of Biodiversity: US/China Collaborative Research: Consequences of diversity in Asian and American tree sygameons for functional variation, adaptation and symbiont biodiversity (#2129281) | AM61: MOR | AN61: MOR<USA-IL>: Garner, IL_MOR_135_MG | AO61: 194200 | AQ61: 0111271MOR | AR61: 7B2C60F8-6257-48AC-9329-11D2916598AC | AS61: https://swbiodiversity.org/seinet/collections/individual/index.php?occid=34693445 | AT61: PRJNA1200080 | AV61: SYST-MOR-0006729 | AW61: SYST-MOR-0006729_S13_1.fq.gz | AX61: SYST-MOR-0006729_S13_2.fq.gz | BA61: subg. Quercus | BB61: Quercus | BC61: Prinoideae
A62: 3531 | B62: QUE003531 | C62: IL_MOR_136_MG | D62: IL_MOR_136_MG | E62: MG909 | K62: =IFERROR(VLOOKUP(D62,Sheet4!A$1:M$56,11,FALSE),"") | L62: =_xlfn.CONCAT(J62,K62) | M62: Quercus alba | N62: 44705 | O62: Mira Garner, Keion Mackay, Andrew Hipp | P62: fresh, frozen | Q62: HIPP | R62: USA | S62: Illinois | T62: DuPage | U62: County | V62: The Morton Arboretum | X62: Oak savanna | Y62: Quercus macrocarpa, Poison ivy, Virginia creeper, Rubus sp., Symphyotrichum sp., sweet joe pye weed, goldenrod | AC62: Quercus alba L. | AG62: 41.813846 | AH62: -88.063775 | AI62: 722 ft | AL62: Dimensions of Biodiversity: US/China Collaborative Research: Consequences of diversity in Asian and American tree sygameons for functional variation, adaptation and symbiont biodiversity (#2129281) | AM62: MOR | AN62: MOR<USA-IL>: Garner, IL_MOR_136_MG | AO62: 193918 | AQ62: 0111007MOR | AR62: 9F037EA5-EA74-4937-97D1-D0A0CFA89F4A | AS62: https://swbiodiversity.org/seinet/collections/individual/index.php?occid=34693611 | AT62: PRJNA1200080 | AV62: SYST-MOR-0006732 | AW62: SYST-MOR-0006732_S16_1.fq.gz | AX62: SYST-MOR-0006732_S16_2.fq.gz | BA62: subg. Quercus | BB62: Quercus | BC62: Albae
A63: 3530 | B63: QUE003530 | C63: IL_MOR_137_MG | D63: IL_MOR_137_MG | E63: MG908 | K63: =IFERROR(VLOOKUP(D63,Sheet4!A$1:M$56,11,FALSE),"") | L63: =_xlfn.CONCAT(J63,K63) | M63: Quercus macrocarpa | N63: 44705 | O63: Mira Garner, Keion Mackay, Andrew Hipp | P63: fresh, frozen | Q63: HIPP | R63: USA | S63: Illinois | T63: DuPage | U63: County | V63: The Morton Arboretum | X63: Oak savanna | Y63: Celtis occidentalis, Rubus sp., sassafras, grasses, poison ivy, Virginia creeper | AC63: Quercus macrocarpa Michx. | AG63: 41.813961 | AH63: -88.063804 | AI63: 719 ft | AL63: Dimensions of Biodiversity: US/China Collaborative Research: Consequences of diversity in Asian and American tree sygameons for functional variation, adaptation and symbiont biodiversity (#2129281) | AM63: MOR | AN63: MOR<USA-IL>: Garner, IL_MOR_137_MG | AO63: 194203 | AQ63: 0111277MOR | AR63: DFF2851E-6DDB-41CB-8552-B4B9A5D2909A | AS63: https://swbiodiversity.org/seinet/collections/individual/index.php?occid=34693177 | AT63: PRJNA1200080 | AV63: SYST-MOR-0006731 | AW63: SYST-MOR-0006731_S15_1.fq.gz | AX63: SYST-MOR-0006731_S15_2.fq.gz | BA63: subg. Quercus | BB63: Quercus | BC63: Prinoideae
A64: 3529 | B64: QUE003529 | C64: IL_MOR_138_MG | D64: IL_MOR_138_MG | E64: MG907 | K64: =IFERROR(VLOOKUP(D64,Sheet4!A$1:M$56,11,FALSE),"") | L64: =_xlfn.CONCAT(J64,K64) | M64: Quercus alba | N64: 44705 | O64: Mira Garner, Keion Mackay, Andrew Hipp | P64: fresh, frozen | Q64: HIPP | R64: USA | S64: Illinois | T64: DuPage | U64: County | V64: The Morton Arboretum | X64: Oak savanna | Y64: Quercus rubra, Goldenrod, reed canary grass, hackberry, Virginia creeper | AC64: Quercus alba L. | AG64: 41.813922 | AH64: -88.062902 | AI64: 718 ft | AL64: Dimensions of Biodiversity: US/China Collaborative Research: Consequences of diversity in Asian and American tree sygameons for functional variation, adaptation and symbiont biodiversity (#2129281) | AM64: MOR | AN64: MOR<USA-IL>: Garner, IL_MOR_138_MG | AO64: 192541 | AQ64: 0111006MOR | AR64: 64A21DEC-515D-4C7E-97C3-D74D567670FB | AS64: https://swbiodiversity.org/seinet/collections/individual/index.php?occid=34693408 | AT64: PRJNA1200080 | AV64: SYST-MOR-0006730 | AW64: SYST-MOR-0006730_S14_1.fq.gz | AX64: SYST-MOR-0006730_S14_2.fq.gz | BA64: subg. Quercus | BB64: Quercus | BC64: Albae
A65: 3532 | B65: QUE003532 | C65: IL_MOR_139_MG | D65: IL_MOR_139_MG | E65: MG910 | F65: Quercus bicolor | K65: =IFERROR(VLOOKUP(D65,Sheet4!A$1:M$56,11,FALSE),"") | L65: =_xlfn.CONCAT(J65,K65) | M65: Quercus macrocarpa (aff. Q. bicolor) | N65: 44705 | O65: Mira Garner, Keion Mackay, Andrew Hipp | P65: fresh, frozen | Q65: HIPP | R65: USA | S65: Illinois | T65: DuPage | U65: County | V65: The Morton Arboretum | X65: Oak savanna | Y65: Quercus bicolor, Honeysuckle, lawn grass, gooseberries, Symphyotrichum sp., Viburnum sp. | AB65: Male flowers showing,Seeds ripening | AC65: Quercus macrocarpa Michx. (aff. Q. bicolor) | AG65: 41.815709 | AH65: -88.06144 | AI65: 736 ft | AL65: Dimensions of Biodiversity: US/China Collaborative Research: Consequences of diversity in Asian and American tree sygameons for functional variation, adaptation and symbiont biodiversity (#2129281) | AM65: MOR | AN65: MOR<USA-IL>: Garner, IL_MOR_139_MG | AO65: 192568 | AQ65: 0111263MOR | AR65: BADF2CF4-5769-4642-AB4D-67B8CA48CBD1 | AS65: https://swbiodiversity.org/seinet/collections/individual/index.php?occid=34693672 | AT65: PRJNA1200080 | AV65: SYST-MOR-0006733 | AW65: SYST-MOR-0006733_S17_1.fq.gz | AX65: SYST-MOR-0006733_S17_2.fq.gz | BA65: #N/A | BB65: #N/A | BC65: #N/A
A66: 3533 | B66: QUE003533 | C66: IL_MOR_140_MG | D66: IL_MOR_140_MG | E66: MG911 | K66: =IFERROR(VLOOKUP(D66,Sheet4!A$1:M$56,11,FALSE),"") | L66: =_xlfn.CONCAT(J66,K66) | M66: Quercus alba | N66: 44705 | O66: Mira Garner, Keion Mackay, Andrew Hipp | P66: fresh, frozen | Q66: HIPP | R66: USA | S66: Illinois | T66: DuPage | U66: County | V66: The Morton Arboretum | X66: Oak forest, dense understory | Y66: Quercus rubra, Acer saccharum, Quercus alba, Solomon's seal, honeysuckle, Virginia creeper, Amur honeysuckle, oak seedlings, common buckthorn | AB66: Male flowers showing | AC66: Quercus alba L. | AG66: 41.815707 | AH66: -88.0612 | AI66: 742 ft | AL66: Dimensions of Biodiversity: US/China Collaborative Research: Consequences of diversity in Asian and American tree sygameons for functional variation, adaptation and symbiont biodiversity (#2129281) | AM66: MOR | AN66: MOR<USA-IL>: Garner, IL_MOR_140_MG | AO66: 193919 | AQ66: 0111008MOR | AR66: 64380F64-C4AB-4E7A-8128-5055B24A4C7B | AS66: https://swbiodiversity.org/seinet/collections/individual/index.php?occid=34693391 | AT66: PRJNA1200080 | AV66: SYST-MOR-0006734 | AW66: SYST-MOR-0006734_S18_1.fq.gz | AX66: SYST-MOR-0006734_S18_2.fq.gz | BA66: subg. Quercus | BB66: Quercus | BC66: Albae
A67: 3535 | B67: QUE003535 | C67: IL_MOR_141_MG | D67: IL_MOR_141_MG | E67: MG913 | K67: =IFERROR(VLOOKUP(D67,Sheet4!A$1:M$56,11,FALSE),"") | L67: =_xlfn.CONCAT(J67,K67) | M67: Quercus alba | N67: 44705 | O67: Mira Garner, Keion Mackay, Andrew Hipp | P67: fresh, frozen | Q67: HIPP | R67: USA | S67: Illinois | T67: DuPage | U67: County | V67: The Morton Arboretum | X67: Oak forest, tall dense foliage | Y67: Quercus macrocarpa, Aesculus glabra, Acer saccharum, Virginia creeper, American lopseed, enchanters nightshades, sweet joe pye-weed, garlic mustard, Solomon's plume, broad leafed helleboirne | AB67: Male flowers showing | AC67: Quercus alba L. | AG67: 41.815892 | AH67: -88.060242 | AI67: 743 ft | AL67: Dimensions of Biodiversity: US/China Collaborative Research: Consequences of diversity in Asian and American tree sygameons for functional variation, adaptation and symbiont biodiversity (#2129281) | AM67: MOR | AN67: MOR<USA-IL>: Garner, IL_MOR_141_MG | AO67: 193920 | AQ67: 0111009MOR | AR67: 289ACA8D-74D3-456D-8D80-BC11F3821328 | AS67: https://swbiodiversity.org/seinet/collections/individual/index.php?occid=34693250 | AT67: PRJNA1200080 | AV67: SYST-MOR-0006736 | AW67: SYST-MOR-0006736_S20_1.fq.gz | AX67: SYST-MOR-0006736_S20_2.fq.gz | BA67: subg. Quercus | BB67: Quercus | BC67: Albae
A68: 3534 | B68: QUE003534 | C68: IL_MOR_142_MG | D68: IL_MOR_142_MG | E68: MG912 | K68: =IFERROR(VLOOKUP(D68,Sheet4!A$1:M$56,11,FALSE),"") | L68: =_xlfn.CONCAT(J68,K68) | M68: Quercus macrocarpa | N68: 44705 | O68: Mira Garner, Keion Mackay, Andrew Hipp | P68: fresh, frozen | Q68: HIPP | R68: USA | S68: Illinois | T68: DuPage | U68: County | V68: The Morton Arboretum | X68: Oak forest, tall dense foliage | Y68: Quercus alba, Aesculus glabra, Acer saccharum, Virginia creeper, American lopseed, enchanters nightshades, sweet joe pye-weed, garlic mustard, Solomon's plume, broad leafed helleboirne | AC68: Quercus macrocarpa Michx. | AG68: 41.815863 | AH68: -88.06017 | AI68: 743 ft | AL68: Dimensions of Biodiversity: US/China Collaborative Research: Consequences of diversity in Asian and American tree sygameons for functional variation, adaptation and symbiont biodiversity (#2129281) | AM68: MOR | AN68: MOR<USA-IL>: Garner, IL_MOR_142_MG | AO68: 194204 | AQ68: 0111279MOR | AR68: 63D3BD8C-14E3-48CB-AB2D-8E76B09A12E3 | AS68: https://swbiodiversity.org/seinet/collections/individual/index.php?occid=34693389 | AT68: PRJNA1200080 | AV68: SYST-MOR-0006735 | AW68: SYST-MOR-0006735_S19_1.fq.gz | AX68: SYST-MOR-0006735_S19_2.fq.gz | BA68: subg. Quercus | BB68: Quercus | BC68: Prinoideae
A69: 3536 | B69: QUE003536 | C69: IL_MOR_143_MG | D69: IL_MOR_143_MG | E69: MG914 | K69: =IFERROR(VLOOKUP(D69,Sheet4!A$1:M$56,11,FALSE),"") | L69: =_xlfn.CONCAT(J69,K69) | M69: Quercus macrocarpa | N69: 44705 | O69: Mira Garner, Keion Mackay, Andrew Hipp | P69: fresh, frozen | Q69: HIPP | R69: USA | S69: Illinois | T69: DuPage | U69: County | V69: The Morton Arboretum | X69: Open lawn area, old savanna oak | Y69: Lawn grass, Erythranthe sp., dandelion | AB69: Seeds ripening | AC69: Quercus macrocarpa Michx. | AG69: 41.814978 | AH69: -88.061147 | AI69: 742 ft | AL69: Dimensions of Biodiversity: US/China Collaborative Research: Consequences of diversity in Asian and American tree sygameons for functional variation, adaptation and symbiont biodiversity (#2129281) | AM69: MOR | AN69: MOR<USA-IL>: Garner, IL_MOR_143_MG | AO69: 194205 | AQ69: 0111269MOR | AR69: 40E58F70-F851-41B4-AAA1-43B54C69A839 | AS69: https://swbiodiversity.org/seinet/collections/individual/index.php?occid=34693323 | AT69: PRJNA1200080 | AV69: SYST-MOR-0006737 | AW69: SYST-MOR-0006737_S21_1.fq.gz | AX69: SYST-MOR-0006737_S21_2.fq.gz | BA69: subg. Quercus | BB69: Quercus | BC69: Prinoideae
A70: 3538 | B70: QUE003538 | C70: IL_MOR_144_MG | D70: IL_MOR_144_MG | E70: MG916 | K70: =IFERROR(VLOOKUP(D70,Sheet4!A$1:M$56,11,FALSE),"") | L70: =_xlfn.CONCAT(J70,K70) | M70: Quercus alba | N70: 44705 | O70: Mira Garner, Keion Mackay, Andrew Hipp | P70: fresh, frozen | Q70: HIPP | R70: USA | S70: Illinois | T70: DuPage | U70: County | V70: The Morton Arboretum | X70: Forest, thick tall underbrush | Y70: Quercus alba, Ostrya virginiana, Tilia americana, Sweet cicely, Symphyotrichum sp., Virginia creeper, avens, Solomon's seal, buckthorn | AC70: Quercus alba L. | AG70: 41.819198 | AH70: -88.051046 | AI70: 761 ft | AL70: Dimensions of Biodiversity: US/China Collaborative Research: Consequences of diversity in Asian and American tree sygameons for functional variation, adaptation and symbiont biodiversity (#2129281) | AM70: MOR | AN70: MOR<USA-IL>: Garner, IL_MOR_144_MG | AO70: 193921 | AQ70: 0111010MOR | AR70: 9D6E3855-0E6E-42FC-99EA-BFA436FE45C2 | AS70: https://swbiodiversity.org/seinet/collections/individual/index.php?occid=34693577 | AT70: PRJNA1200080 | AV70: SYST-MOR-0006739 | AW70: SYST-MOR-0006739_S23_1.fq.gz | AX70: SYST-MOR-0006739_S23_2.fq.gz | BA70: subg. Quercus | BB70: Quercus | BC70: Albae
A71: 3537 | B71: QUE003537 | C71: IL_MOR_145_MG | D71: IL_MOR_145_MG | E71: MG915 | K71: =IFERROR(VLOOKUP(D71,Sheet4!A$1:M$56,11,FALSE),"") | L71: =_xlfn.CONCAT(J71,K71) | M71: Quercus macrocarpa | N71: 44705 | O71: Mira Garner, Keion Mackay, Andrew Hipp | P71: fresh, frozen | Q71: HIPP | R71: USA | S71: Illinois | T71: DuPage | U71: County | V71: The Morton Arboretum | X71: Forest, dense tall underbrush | Y71: Ulmus americana, Ostrya virginiana, Tilia Americana, Hairy sweet cicely, Virginia creeper, honeysuckle, knotweed, bottlebrush grass, Symphyotrichum sp., wild grape | AC71: Quercus macrocarpa Michx. | AG71: 41.819275 | AH71: -88.050902 | AI71: 759 ft | AL71: Dimensions of Biodiversity: US/China Collaborative Research: Consequences of diversity in Asian and American tree sygameons for functional variation, adaptation and symbiont biodiversity (#2129281) | AM71: MOR | AN71: MOR<USA-IL>: Garner, IL_MOR_145_MG | AO71: 194206 | AQ71: 0111280MOR | AR71: A95D3E46-F9DA-448D-9CD6-C1811D161D22 | AS71: https://swbiodiversity.org/seinet/collections/individual/index.php?occid=34693619 | AT71: PRJNA1200080 | AV71: SYST-MOR-0006738 | AW71: SYST-MOR-0006738_S22_1.fq.gz | AX71: SYST-MOR-0006738_S22_2.fq.gz | BA71: subg. Quercus | BB71: Quercus | BC71: Prinoideae
A72: 3539 | B72: QUE003539 | C72: IL_MOR_146_MG | D72: IL_MOR_146_MG | E72: MG917 | K72: =IFERROR(VLOOKUP(D72,Sheet4!A$1:M$56,11,FALSE),"") | L72: =_xlfn.CONCAT(J72,K72) | M72: Quercus macrocarpa | N72: 44705 | O72: Mira Garner, Keion Mackay, Andrew Hipp | P72: fresh, frozen | Q72: HIPP | R72: USA | S72: Illinois | T72: DuPage | U72: County | V72: The Morton Arboretum | X72: Oak forest, thick underbrush | Y72: Quercus macrocarpa, Quercus alba, Poison ivy, Virginia creeper, ash, sunflower, bottlebrush grass, black cherry | AC72: Quercus macrocarpa Michx. | AG72: 41.820968 | AH72: -88.052361 | AI72: 770 ft | AL72: Dimensions of Biodiversity: US/China Collaborative Research: Consequences of diversity in Asian and American tree sygameons for functional variation, adaptation and symbiont biodiversity (#2129281) | AM72: MOR | AN72: MOR<USA-IL>: Garner, IL_MOR_146_MG | AO72: 194415 | AQ72: 0111281MOR | AR72: 57768F5F-3B9D-4EEB-8203-F72B7E8DD0F6 | AS72: https://swbiodiversity.org/seinet/collections/individual/index.php?occid=34693346 | AT72: PRJNA1200080 | AV72: SYST-MOR-0006740 | AW72: SYST-MOR-0006740_S24_1.fq.gz | AX72: SYST-MOR-0006740_S24_2.fq.gz | BA72: subg. Quercus | BB72: Quercus | BC72: Prinoideae
A73: 3540 | B73: QUE003540 | C73: IL_MOR_147_MG | D73: IL_MOR_147_MG | E73: MG918 | K73: =IFERROR(VLOOKUP(D73,Sheet4!A$1:M$56,11,FALSE),"") | L73: =_xlfn.CONCAT(J73,K73) | M73: Quercus alba | N73: 44705 | O73: Mira Garner, Keion Mackay, Andrew Hipp | P73: fresh, frozen | Q73: HIPP | R73: USA | S73: Illinois | T73: DuPage | U73: County | V73: The Morton Arboretum | X73: Oak forest, thick underbrush | Y73: Quercus alba, Sweet joe-pye weed, goldenrod, Virginia creeper, Rubus sp., poison ivy | AB73: Male flowers showing | AC73: Quercus alba L. | AG73: 41.820901 | AH73: -88.052707 | AI73: 765 ft | AL73: Dimensions of Biodiversity: US/China Collaborative Research: Consequences of diversity in Asian and American tree sygameons for functional variation, adaptation and symbiont biodiversity (#2129281) | AM73: MOR | AN73: MOR<USA-IL>: Garner, IL_MOR_147_MG | AO73: 193922 | AQ73: 0111011MOR | AR73: 7D9510E8-7921-4A05-AA4F-7809A8F7B67D | AS73: https://swbiodiversity.org/seinet/collections/individual/index.php?occid=34693428 | AT73: PRJNA1200080 | AV73: SYST-MOR-0006741 | AW73: SYST-MOR-0006741_S25_1.fq.gz | AX73: SYST-MOR-0006741_S25_2.fq.gz | BA73: subg. Quercus | BB73: Quercus | BC73: Albae
A74: 3310 | B74: QUE003310 | C74: IL_OB_021_All | D74: IL_OB_021_All | K74: =IFERROR(VLOOKUP(D74,Sheet4!A$1:M$56,11,FALSE),"") | L74: =_xlfn.CONCAT(J74,K74) | M74: Quercus macrocarpa | N74: 44714 | O74: Alan Whittemore, Andrew Hipp, Brett Fredericksen, Heather McCarthy, Jeannine Cavender-Bares, Klara Peterson, Leah Samuels, Mira Garner, Paul Manos | P74: fresh frozen | Q74: HIPP-CAVENDER-BARES | R74: USA | S74: Illinois | T74: Jackson | U74: County | V74: Oakwood Bottoms, Shawnee National Forest | X74: Bottomland forest, floodplain | Y74: Acer saccharinum, sweetgum, pin oak, Ulmus sp., hackberry | AC74: Quercus macrocarpa Michx. | AL74: Dimensions of Biodiversity: US/China Collaborative Research: Consequences of diversity in Asian and American tree sygameons for functional variation, adaptation and symbiont biodiversity (#2129281) | AM74: MOR | AN74: MOR<USA-IL>: Whittemore, IL_OB_021_All | AO74: 192558 | AQ74: 0111274MOR | AR74: 4A2037EC-13C3-43B3-9BA8-949480BAC66E | AS74: https://swbiodiversity.org/seinet/collections/individual/index.php?occid=34693358 | AT74: PRJNA1200080 | AV74: SYST-MOR-0006753 | AW74: SYST-MOR-0006753_S37_1.fq.gz | AX74: SYST-MOR-0006753_S37_2.fq.gz | BA74: subg. Quercus | BB74: Quercus | BC74: Prinoideae
A75: 3311 | B75: QUE003311 | C75: IL_OB_022_All | D75: IL_OB_022_All | F75: Quercus lyrata | G75: trace bicolor | H75: based on subset STR | J75: Genomically some admixture with Q. bicolor | K75: =IFERROR(VLOOKUP(D75,Sheet4!A$1:M$56,11,FALSE),"") | L75: =_xlfn.CONCAT(J75,K75) -> Genomically some admixture with Q. bicolor | M75: Quercus lyrata | N75: 44714 | O75: Alan Whittemore, Andrew Hipp, Brett Fredericksen, Heather McCarthy, Jeannine Cavender-Bares, Klara Peterson, Leah Samuels, Mira Garner, Paul Manos | P75: fresh frozen | Q75: HIPP-CAVENDER-BARES | R75: USA | S75: Illinois | T75: Jackson | U75: County | V75: Oakwood Bottoms, Shawnee National Forest | X75: Bottomland | Y75: Quercus lyrata, Quercus palustris, Fraxinus sp., Liquidambar styraciflua, Quercus macrocarpa | AC75: Quercus lyrata Walt. | AK75: IL_OB_022_All and IL_OB_023_ALL sample identity and SPMCODE got mixed up in some original DNA extraction sheets. These are now corrected. [1-15-2024] | AL75: Dimensions of Biodiversity: US/China Collaborative Research: Consequences of diversity in Asian and American tree sygameons for functional variation, adaptation and symbiont biodiversity (#2129281) | AM75: MOR | AN75: MOR<USA-IL>: Whittemore, IL_OB_022_All | AO75: 194223 | AQ75: 0111243MOR | AR75: A60655FE-D14C-4F4E-B500-6E452EE925A7 | AS75: https://swbiodiversity.org/seinet/collections/individual/index.php?occid=34693632 | AT75: PRJNA1200080 | AV75: SYST-MOR-0006754 | AW75: SYST-MOR-0006754_S38_1.fq.gz | AX75: SYST-MOR-0006754_S38_2.fq.gz | BA75: subg. Quercus | BB75: Quercus | BC75: Prinoideae
A76: 3523 | B76: QUE003523 | C76: IL_OB_023_All | D76: IL_OB_023_All | F76: Quercus macrocarpa | K76: =IFERROR(VLOOKUP(D76,Sheet4!A$1:M$56,11,FALSE),"") | L76: =_xlfn.CONCAT(J76,K76) | M76: Quercus macrocarpa | N76: 44714 | O76: Alan Whittemore, Andrew Hipp, Brett Fredericksen, Heather McCarthy, Jeannine Cavender-Bares, Klara Peterson, Leah Samuels, Mira Garner, Paul Manos | P76: fresh frozen | Q76: HIPP-CAVENDER-BARES | R76: USA | S76: Illinois | T76: Jackson | U76: County | V76: Oakwood Bottoms, Shawnee National Forest | X76: Bottomlands forest, floodplains | Y76: Black oak, American elm, hackberry | AC76: Quercus macrocarpa | AG76: 37.676004 | AH76: -89.412965 | AK76: IL_OB_022_All and IL_OB_023_ALL sample identity and SPMCODE got mixed up in some original DNA extraction sheets. These are now corrected. [1-15-2024] | AL76: Dimensions of Biodiversity: US/China Collaborative Research: Consequences of diversity in Asian and American tree sygameons for functional variation, adaptation and symbiont biodiversity (#2129281) | AM76: MOR | AN76: MOR<USA-IL>: Whittemore, IL_OB_023_All | AO76: 192550 | AQ76: 0111278MOR | AR76: 4D37AAD9-A373-4B9F-A444-17BB984FFE6B | AS76: https://swbiodiversity.org/seinet/collections/individual/index.php?occid=34693359 | AT76: PRJNA1200080 | AV76: SYST-MOR-0006755 | AW76: SYST-MOR-0006755_S39_1.fq.gz | AX76: SYST-MOR-0006755_S39_2.fq.gz | BA76: subg. Quercus | BB76: Quercus | BC76: Prinoideae
A77: 3312 | B77: QUE003312 | C77: IL_OB_024_All | D77: IL_OB_024_All | K77: =IFERROR(VLOOKUP(D77,Sheet4!A$1:M$56,11,FALSE),"") | L77: =_xlfn.CONCAT(J77,K77) | M77: Quercus lyrata | N77: 44714 | O77: Alan Whittemore, Andrew Hipp, Brett Fredericksen, Heather McCarthy, Jeannine Cavender-Bares, Klara Peterson, Leah Samuels, Mira Garner, Paul Manos | P77: fresh frozen | Q77: HIPP-CAVENDER-BARES | R77: USA | S77: Illinois | T77: Jackson | U77: County | V77: Oakwood Bottoms, Shawnee National Forest | X77: Bottomland-flats | Y77: Quercus macrocarpa, Quercus palustris, Liquidambar styraciflua | AC77: Quercus lyrata Walt. | AL77: Dimensions of Biodiversity: US/China Collaborative Research: Consequences of diversity in Asian and American tree sygameons for functional variation, adaptation and symbiont biodiversity (#2129281) | AM77: MOR | AN77: MOR<USA-IL>: Whittemore, IL_OB_024_All | AO77: 194224 | AQ77: 0111242MOR | AR77: 20DB99D8-F3A7-48B9-8416-7105417C16A8 | AS77: https://swbiodiversity.org/seinet/collections/individual/index.php?occid=34693247 | AT77: PRJNA1200080 | AV77: SYST-MOR-0006756 | AW77: SYST-MOR-0006756_S40_1.fq.gz | AX77: SYST-MOR-0006756_S40_2.fq.gz | BA77: subg. Quercus | BB77: Quercus | BC77: Prinoideae
A78: 3313 | B78: QUE003313 | C78: IL_OB_025_All | D78: IL_OB_025_All | F78: Quercus lyrata | G78: BC1 bicolor | J78: Genomically some admixture with Q. bicolor | K78: =IFERROR(VLOOKUP(D78,Sheet4!A$1:M$56,11,FALSE),"") | L78: =_xlfn.CONCAT(J78,K78) -> Genomically some admixture with Q. bicolor | M78: Quercus lyrata | N78: 44714 | O78: Alan Whittemore, Andrew Hipp, Brett Fredericksen, Heather McCarthy, Jeannine Cavender-Bares, Klara Peterson, Leah Samuels, Mira Garner, Paul Manos | P78: fresh frozen | Q78: HIPP-CAVENDER-BARES | R78: USA | S78: Illinois | T78: Jackson | U78: County | V78: Oakwood Bottoms, Shawnee National Forest | X78: Forest bottomlands, floodplain | Y78: Quercus lyrata, Pin oak, American elm, Ash | AC78: Quercus lyrata Walt. | AL78: Dimensions of Biodiversity: US/China Collaborative Research: Consequences of diversity in Asian and American tree sygameons for functional variation, adaptation and symbiont biodiversity (#2129281) | AM78: MOR | AN78: MOR<USA-IL>: Whittemore, IL_OB_025_All | AO78: 194225 | AQ78: 0111241MOR | AR78: 5F52B83B-16BA-4123-BC70-CC1370822184 | AS78: https://swbiodiversity.org/seinet/collections/individual/index.php?occid=34693351 | AT78: PRJNA1200080 | AV78: SYST-MOR-0006757 | AW78: SYST-MOR-0006757_S41_1.fq.gz | AX78: SYST-MOR-0006757_S41_2.fq.gz | BA78: subg. Quercus | BB78: Quercus | BC78: Prinoideae
A79: 3314 | B79: QUE003314 | C79: IL_OB_026_All | D79: IL_OB_026_All | K79: =IFERROR(VLOOKUP(D79,Sheet4!A$1:M$56,11,FALSE),"") | L79: =_xlfn.CONCAT(J79,K79) | M79: Quercus macrocarpa | N79: 44714 | O79: Alan Whittemore, Andrew Hipp, Brett Fredericksen, Heather McCarthy, Jeannine Cavender-Bares, Klara Peterson, Leah Samuels, Mira Garner, Paul Manos | P79: fresh frozen | Q79: HIPP-CAVENDER-BARES | R79: USA | S79: Illinois | T79: Jackson | U79: County | V79: Oakwood Bottoms, Shawnee National Forest | X79: Bottomland floodplain | Y79: Quercus lyrata, Liquidambar styraciflua, Diospyros virginiana, Quercus macrocarpa, Rhus radicans | AC79: Quercus macrocarpa Michx. | AL79: Dimensions of Biodiversity: US/China Collaborative Research: Consequences of diversity in Asian and American tree sygameons for functional variation, adaptation and symbiont biodiversity (#2129281) | AM79: MOR | AN79: MOR<USA-IL>: Whittemore, IL_OB_026_All | AO79: 192551 | AQ79: 0111273MOR | AR79: ABB99F9C-A8AE-434E-B771-D257AC915F3F | AS79: https://swbiodiversity.org/seinet/collections/individual/index.php?occid=34693655 | AT79: PRJNA1200080 | AV79: SYST-MOR-0006758 | AW79: SYST-MOR-0006758_S42_1.fq.gz | AX79: SYST-MOR-0006758_S42_2.fq.gz | BA79: subg. Quercus | BB79: Quercus | BC79: Prinoideae
A80: 3315 | B80: QUE003315 | C80: IL_OB_027_All | D80: IL_OB_027_All | K80: =IFERROR(VLOOKUP(D80,Sheet4!A$1:M$56,11,FALSE),"") | L80: =_xlfn.CONCAT(J80,K80) | M80: Quercus macrocarpa | N80: 44714 | O80: Alan Whittemore, Andrew Hipp, Brett Fredericksen, Heather McCarthy, Jeannine Cavender-Bares, Klara Peterson, Leah Samuels, Mira Garner, Paul Manos | P80: fresh frozen | Q80: HIPP-CAVENDER-BARES | R80: USA | S80: Illinois | T80: Jackson | U80: County | V80: Oakwood Bottoms, Shawnee National Forest | X80: Camp site Ã¢â‚¬â€ floodplain | Y80: Ulmus americana, Quercus falcata | AC80: Quercus macrocarpa Michx. | AL80: Dimensions of Biodiversity: US/China Collaborative Research: Consequences of diversity in Asian and American tree sygameons for functional variation, adaptation and symbiont biodiversity (#2129281) | AM80: MOR | AN80: MOR<USA-IL>: Whittemore, IL_OB_027_All | AO80: 192557 | AQ80: 0111272MOR | AR80: 8140798E-18A3-470E-8B59-D81C917E4014 | AS80: https://swbiodiversity.org/seinet/collections/individual/index.php?occid=34693429 | AT80: PRJNA1200080 | AV80: SYST-MOR-0006759 | AW80: SYST-MOR-0006759_S43_1.fq.gz | AX80: SYST-MOR-0006759_S43_2.fq.gz | BA80: subg. Quercus | BB80: Quercus | BC80: Prinoideae
A81: 3316 | B81: QUE003316 | C81: IL_OB_028_All | D81: IL_OB_028_All | F81: Quercus lyrata | G81: BC bicolor | J81: Genomically some admixture with Q. bicolor | K81: =IFERROR(VLOOKUP(D81,Sheet4!A$1:M$56,11,FALSE),"") | L81: =_xlfn.CONCAT(J81,K81) -> Genomically some admixture with Q. bicolor | M81: Quercus lyrata | N81: 44714 | O81: Alan Whittemore, Andrew Hipp, Brett Fredericksen, Heather McCarthy, Jeannine Cavender-Bares, Klara Peterson, Leah Samuels, Mira Garner, Paul Manos | P81: fresh frozen | Q81: HIPP-CAVENDER-BARES | R81: USA | S81: Illinois | T81: Jackson | U81: County | V81: Oakwood Bottoms, Shawnee National Forest | X81: Floodplain | Y81: Quercus lyrata, Celtis occidentalis, Ulmus rubra, Fraxinus pennsylvanica | AC81: Quercus lyrata Walt. | AL81: Dimensions of Biodiversity: US/China Collaborative Research: Consequences of diversity in Asian and American tree sygameons for functional variation, adaptation and symbiont biodiversity (#2129281) | AM81: MOR | AN81: MOR<USA-IL>: Whittemore, IL_OB_028_All | AO81: 194226 | AQ81: 0111231MOR | AR81: D4F2E08E-8EED-4473-995C-CD88AE389118 | AS81: https://swbiodiversity.org/seinet/collections/individual/index.php?occid=34693703 | AT81: PRJNA1200080 | AV81: SYST-MOR-0006760 | AW81: SYST-MOR-0006760_S44_1.fq.gz | AX81: SYST-MOR-0006760_S44_2.fq.gz | BA81: subg. Quercus | BB81: Quercus | BC81: Prinoideae
A82: 3317 | B82: QUE003317 | C82: IL_OB_029_All | D82: IL_OB_029_All | K82: =IFERROR(VLOOKUP(D82,Sheet4!A$1:M$56,11,FALSE),"") | L82: =_xlfn.CONCAT(J82,K82) | M82: Quercus macrocarpa | N82: 44714 | O82: Alan Whittemore, Andrew Hipp, Brett Fredericksen, Heather McCarthy, Jeannine Cavender-Bares, Klara Peterson, Leah Samuels, Mira Garner, Paul Manos | P82: fresh frozen | Q82: HIPP-CAVENDER-BARES | R82: USA | S82: Illinois | T82: Jackson | U82: County | V82: Oakwood Bottoms, Shawnee National Forest | X82: Bottomlands forest, floodplains | Y82: Celtis laevigata, Liquidambar stryraciflua, Ulmas rubra | AC82: Quercus macrocarpa Michx. | AL82: Dimensions of Biodiversity: US/China Collaborative Research: Consequences of diversity in Asian and American tree sygameons for functional variation, adaptation and symbiont biodiversity (#2129281) | AM82: MOR | AN82: MOR<USA-IL>: Whittemore, IL_OB_029_All | AO82: 192559 | AQ82: 0111282MOR | AR82: 098A417B-32F3-42FD-9452-8BBDE30EFCED | AS82: https://swbiodiversity.org/seinet/collections/individual/index.php?occid=34693167 | AT82: PRJNA1200080 | AV82: SYST-MOR-0006761 | AW82: SYST-MOR-0006761_S45_1.fq.gz | AX82: SYST-MOR-0006761_S45_2.fq.gz | BA82: subg. Quercus | BB82: Quercus | BC82: Prinoideae
A83: 3318 | B83: QUE003318 | C83: IL_OB_030_All | D83: IL_OB_030_All | F83: Quercus lyrata x Quercus macrocarpa | I83: Quercus lyrata (~52%) x Quercus macrocarpa (~48%) | K83: =IFERROR(VLOOKUP(D83,Sheet4!A$1:M$56,11,FALSE),"") | L83: =_xlfn.CONCAT(J83,K83) | M83: Quercus lyrata (aff. Q. macrocarpa) | N83: 44714 | O83: Alan Whittemore, Andrew Hipp, Brett Fredericksen, Heather McCarthy, Jeannine Cavender-Bares, Klara Peterson, Leah Samuels, Mira Garner, Paul Manos | P83: fresh frozen | Q83: HIPP-CAVENDER-BARES | R83: USA | S83: Illinois | T83: Jackson | U83: County | V83: Oakwood Bottoms, Shawnee National Forest | X83: Forest bottomlands, floodplains | Y83: pin oak, Ulmus americana, Celtis laevigata | AC83: Quercus lyrata Walt. (aff. Q. macrocarpa Mich.) | AL83: Dimensions of Biodiversity: US/China Collaborative Research: Consequences of diversity in Asian and American tree sygameons for functional variation, adaptation and symbiont biodiversity (#2129281) | AM83: MOR | AN83: MOR<USA-IL>: Whittemore, IL_OB_030_All | AO83: 192573 | AQ83: 0111499MOR | AR83: 4C5BF1C5-9520-4CC0-AB16-4226E1A8C86F | AS83: https://swbiodiversity.org/seinet/collections/individual/index.php?occid=34693332 | AT83: PRJNA1200080 | AV83: SYST-MOR-0006762 | AW83: SYST-MOR-0006762_S46_1.fq.gz | AX83: SYST-MOR-0006762_S46_2.fq.gz | BA83: #N/A | BB83: #N/A | BC83: #N/A
A84: 3943 | B84: QUE003943 | C84: IL_RCA_460_MG | D84: IL_RCA_460_MG | K84: =IFERROR(VLOOKUP(D84,Sheet4!A$1:M$56,11,FALSE),"") | L84: =_xlfn.CONCAT(J84,K84) | M84: Quercus alba | N84: 44812 | O84: Leah Samuels, Mira Garner | P84: fresh, frozen | Q84: HIPP | R84: USA | S84: Illinois | T84: Lake | U84: County | V84: Ryerson Conservation Area | X84: Dense underbrush forest | Y84: Quercus macrocarpa, Quercus alba, Acer, Carya sp., American hog peanut, Wild geranium, Poison ivy, Goldenrods, Ribes sp., Virginia creeper, Solomon's seal, Ulmus sp., Carex sp. | AC84: Quercus alba L. | AG84: 42.182388 | AH84: -87.911775 | AI84: 689 ft | AL84: Dimensions of Biodiversity: US/China Collaborative Research: Consequences of diversity in Asian and American tree sygameons for functional variation, adaptation and symbiont biodiversity (#2129281) | AM84: MOR | AN84: MOR<USA-IL>: Samuels, IL_RCA_460_MG | AO84: 194158 | AQ84: 0111021MOR | AR84: E6CCF4D0-FDD7-427E-AF5C-DD027AEDD40E | AS84: https://swbiodiversity.org/seinet/collections/individual/index.php?occid=34693783 | AT84: PRJNA1200080 | AV84: SYST-MOR-0007180 | AW84: SYST-MOR-0007180_S3_1.fq.gz | AX84: SYST-MOR-0007180_S3_2.fq.gz | BA84: subg. Quercus | BB84: Quercus | BC84: Albae
A85: 3944 | B85: QUE003944 | C85: IL_RCA_461_MG | D85: IL_RCA_461_MG | K85: =IFERROR(VLOOKUP(D85,Sheet4!A$1:M$56,11,FALSE),"") | L85: =_xlfn.CONCAT(J85,K85) | M85: Quercus macrocarpa | N85: 44812 | O85: Leah Samuels, Mira Garner | P85: fresh, frozen | Q85: HIPP | R85: USA | S85: Illinois | T85: Lake | U85: County | V85: Ryerson Conservation Area | X85: Dense underbrush, forest | Y85: Acer sp., Quercus macrocarpa, Goldenrods, American hog peanut, Poison ivy, Virginia creeper, Wild geranium, Erigeron sp., Great blue lobelia, Carex sp., Rosa sp., Elymus sp., Common jewel weed | AC85: Quercus macrocarpa Michx. | AG85: 42.182007 | AH85: -87.911914 | AI85: 687 ft | AL85: Dimensions of Biodiversity: US/China Collaborative Research: Consequences of diversity in Asian and American tree sygameons for functional variation, adaptation and symbiont biodiversity (#2129281) | AM85: MOR | AN85: MOR<USA-IL>: Samuels, IL_RCA_461_MG | AO85: 192647 | AQ85: 0111283MOR | AR85: FC9C4281-BC6D-4FCC-B9CA-005FF88B4B17 | AS85: https://swbiodiversity.org/seinet/collections/individual/index.php?occid=34693759 | AT85: PRJNA1200080 | AV85: SYST-MOR-0007181 | AW85: SYST-MOR-0007181_S4_1.fq.gz | AX85: SYST-MOR-0007181_S4_2.fq.gz | BA85: subg. Quercus | BB85: Quercus | BC85: Prinoideae
A86: 3945 | B86: QUE003945 | C86: IL_RCA_462_MG | D86: IL_RCA_462_MG | K86: =IFERROR(VLOOKUP(D86,Sheet4!A$1:M$56,11,FALSE),"") | L86: =_xlfn.CONCAT(J86,K86) | M86: Quercus bicolor | N86: 44812 | O86: Leah Samuels, Mira Garner | P86: fresh, frozen | Q86: HIPP | R86: USA | S86: Illinois | T86: Lake | U86: County | V86: Ryerson Conservation Area | X86: Dense underbrush, forest | Y86: Carya sp., Quercus macrocarpa, Ulmus sp., Tilia sp., Juglans sp., Poison ivy, Goldenrods, Dogwood, Virginia creeper, Carex sp., Coneflower, Apioideae | AC86: Quercus bicolor Willd. | AG86: 42.182293 | AH86: -87.911027 | AI86: 686 ft | AL86: Dimensions of Biodiversity: US/China Collaborative Research: Consequences of diversity in Asian and American tree sygameons for functional variation, adaptation and symbiont biodiversity (#2129281) | AM86: MOR | AN86: MOR<USA-IL>: Samuels, IL_RCA_462_MG | AO86: 192597 | AQ86: 0111107MOR | AR86: 877A06C9-61E3-4150-8CE4-58871B6F3490 | AS86: https://swbiodiversity.org/seinet/collections/individual/index.php?occid=34693560 | AT86: PRJNA1200080 | AV86: SYST-MOR-0007182 | AW86: SYST-MOR-0007182_S5_1.fq.gz | AX86: SYST-MOR-0007182_S5_2.fq.gz | BA86: subg. Quercus | BB86: Quercus | BC86: Prinoideae
