Workbook

Sheet s8_hyb_wide_v3_RMnotes
B1: sample | C1: alb | D1: biclyr | E1: lob | F1: mac | G1: micmon | H1: muepri | I1: sinstemar | J1: pureCount | K1: hybCount | L1: hyb | N1: sinstemar_1 | O1: muepri_1 | P1: alb_1 | Q1: biclyr_1 | R1: lob_1 | S1: mac1_1 | T1: mac2_1 | U1: micmon_1 | V1: macComb | X1: collectionNumber | Y1: genomeID | Z1: genomeID | AA1: Parent1 | AB1: P1% | AC1: Parent2 | AD1: P2% | AF1: Parent3 | AG1: P3%
A2: 430 | B2: SYST-MOR-0007129 | C2: none | D2: pure? | E2: none | F2: none | G2: none | H2: none | I2: none | J2: 1 | K2: 0 | L2: pure | M2: =IF(AND(W2<0.58,W2>0.2),"F1",IF(W2<0.74,"BC1?",">0.74")) -> >0.74 | N2: 0 | O2: 0 | P2: 0 | Q2: 0.9999 | R2: 0 | S2: 0 | T2: 0 | U2: 0 | V2: 2e-05 | W2: =MAX(N2:R2,U2,V2) -> 0.9999 | X2: AR_BRP_409_MG | Y2: =VLOOKUP(X2,Sheet1!A:B,2,FALSE) -> Quercus lyrata Walt. | Z2: Quercus lyrata Walt. | AB2: =MAX(N2:R2,U2,V2) -> 0.9999 | AD2: =IF(W2<0.99,LARGE((N2:R2,U2,V2),2),"0") -> 0 | AE2: =IF(AND(AB2<0.99,AD2>0.1),"admixed with",IF(AND(AB2<0.99,AD2>0.01),"trace admixed with ","")) | AH2: =_xlfn.CONCAT("Based on ADMIXTURE results of 78,187 SNPs, ",AE2,AC2) -> Based on ADMIXTURE results of 78,187 SNPs,
A3: 431 | B3: SYST-MOR-0007130 | C3: none | D3: none | E3: none | F3: pure? | G3: none | H3: none | I3: none | J3: 1 | K3: 0 | L3: pure | M3: =IF(AND(W3<0.58,W3>0.2),"F1",IF(W3<0.74,"BC1?",">0.74")) -> >0.74 | N3: 0 | O3: 0 | P3: 0 | Q3: 0 | R3: 0 | S3: 0.9999 | T3: 0 | U3: 0 | V3: 0.99994 | W3: =MAX(N3:R3,U3,V3) -> 0.99994 | X3: AR_BRP_410_MG | Y3: =VLOOKUP(X3,Sheet1!A:B,2,FALSE) -> Quercus macrocarpa Michx. | Z3: Quercus macrocarpa Michx. | AB3: =MAX(N3:R3,U3,V3) -> 0.99994 | AD3: =IF(W3<0.99,LARGE((N3:R3,U3,V3),2),"0") -> 0 | AE3: =IF(AND(AB3<0.99,AD3>0.1),"admixed with",IF(AND(AB3<0.99,AD3>0.01),"trace admixed with ","")) | AH3: =_xlfn.CONCAT("Based on ADMIXTURE results of 78,187 SNPs, ",AE3,AC3) -> Based on ADMIXTURE results of 78,187 SNPs,
A4: 432 | B4: SYST-MOR-0007131 | C4: none | D4: none | E4: none | F4: none | G4: none | H4: none | I4: pure? | J4: 1 | K4: 0 | L4: pure | M4: =IF(AND(W4<0.58,W4>0.2),"F1",IF(W4<0.74,"BC1?",">0.74")) -> >0.74 | N4: 0.9999 | O4: 0 | P4: 0 | Q4: 0 | R4: 0 | S4: 0 | T4: 0 | U4: 0 | V4: 2e-05 | W4: =MAX(N4:R4,U4,V4) -> 0.9999 | X4: AR_BRP_411_MG | Y4: =VLOOKUP(X4,Sheet1!A:B,2,FALSE) -> Quercus stellata Wangenh. | Z4: Quercus stellata Wangenh. | AB4: =MAX(N4:R4,U4,V4) -> 0.9999 | AD4: =IF(W4<0.99,LARGE((N4:R4,U4,V4),2),"0") -> 0 | AE4: =IF(AND(AB4<0.99,AD4>0.1),"admixed with",IF(AND(AB4<0.99,AD4>0.01),"trace admixed with ","")) | AH4: =_xlfn.CONCAT("Based on ADMIXTURE results of 78,187 SNPs, ",AE4,AC4) -> Based on ADMIXTURE results of 78,187 SNPs,
A5: 433 | B5: SYST-MOR-0007132 | C5: none | D5: none | E5: none | F5: pure? | G5: none | H5: none | I5: none | J5: 1 | K5: 0 | L5: pure | M5: =IF(AND(W5<0.58,W5>0.2),"F1",IF(W5<0.74,"BC1?",">0.74")) -> >0.74 | N5: 0 | O5: 0 | P5: 0 | Q5: 0 | R5: 0 | S5: 0.9999 | T5: 0 | U5: 0 | V5: 0.99994 | W5: =MAX(N5:R5,U5,V5) -> 0.99994 | X5: AR_BRP_412_MG | Y5: =VLOOKUP(X5,Sheet1!A:B,2,FALSE) -> Quercus macrocarpa Michx. | Z5: Quercus macrocarpa Michx. | AB5: =MAX(N5:R5,U5,V5) -> 0.99994 | AD5: =IF(W5<0.99,LARGE((N5:R5,U5,V5),2),"0") -> 0 | AE5: =IF(AND(AB5<0.99,AD5>0.1),"admixed with",IF(AND(AB5<0.99,AD5>0.01),"trace admixed with ","")) | AH5: =_xlfn.CONCAT("Based on ADMIXTURE results of 78,187 SNPs, ",AE5,AC5) -> Based on ADMIXTURE results of 78,187 SNPs,
A6: 434 | B6: SYST-MOR-0007133 | C6: none | D6: none | E6: none | F6: none | G6: none | H6: none | I6: pure? | J6: 1 | K6: 0 | L6: pure | M6: =IF(AND(W6<0.58,W6>0.2),"F1",IF(W6<0.74,"BC1?",">0.74")) -> >0.74 | N6: 0.9999 | O6: 0 | P6: 0 | Q6: 0 | R6: 0 | S6: 0 | T6: 0 | U6: 0 | V6: 2e-05 | W6: =MAX(N6:R6,U6,V6) -> 0.9999 | X6: AR_BRP_413_MG | Y6: =VLOOKUP(X6,Sheet1!A:B,2,FALSE) -> Quercus stellata Wangenh. | Z6: Quercus stellata Wangenh. | AB6: =MAX(N6:R6,U6,V6) -> 0.9999 | AD6: =IF(W6<0.99,LARGE((N6:R6,U6,V6),2),"0") -> 0 | AE6: =IF(AND(AB6<0.99,AD6>0.1),"admixed with",IF(AND(AB6<0.99,AD6>0.01),"trace admixed with ","")) | AH6: =_xlfn.CONCAT("Based on ADMIXTURE results of 78,187 SNPs, ",AE6,AC6) -> Based on ADMIXTURE results of 78,187 SNPs,
A7: 435 | B7: SYST-MOR-0007134 | C7: none | D7: pure? | E7: none | F7: none | G7: none | H7: none | I7: none | J7: 1 | K7: 0 | L7: pure | M7: =IF(AND(W7<0.58,W7>0.2),"F1",IF(W7<0.74,"BC1?",">0.74")) -> >0.74 | N7: 0 | O7: 0 | P7: 0 | Q7: 0.9999 | R7: 0 | S7: 0 | T7: 0 | U7: 0 | V7: 2e-05 | W7: =MAX(N7:R7,U7,V7) -> 0.9999 | X7: AR_BRP_414_MG | Y7: =VLOOKUP(X7,Sheet1!A:B,2,FALSE) -> Quercus lyrata Walt. | Z7: Quercus lyrata Walt. | AB7: =MAX(N7:R7,U7,V7) -> 0.9999 | AD7: =IF(W7<0.99,LARGE((N7:R7,U7,V7),2),"0") -> 0 | AE7: =IF(AND(AB7<0.99,AD7>0.1),"admixed with",IF(AND(AB7<0.99,AD7>0.01),"trace admixed with ","")) | AH7: =_xlfn.CONCAT("Based on ADMIXTURE results of 78,187 SNPs, ",AE7,AC7) -> Based on ADMIXTURE results of 78,187 SNPs,
A8: 436 | B8: SYST-MOR-0007135 | C8: pure? | D8: none | E8: none | F8: none | G8: none | H8: none | I8: none | J8: 1 | K8: 0 | L8: pure | M8: =IF(AND(W8<0.58,W8>0.2),"F1",IF(W8<0.74,"BC1?",">0.74")) -> >0.74 | N8: 0 | O8: 0 | P8: 0.9999 | Q8: 0 | R8: 0 | S8: 0 | T8: 0 | U8: 0 | V8: 2e-05 | W8: =MAX(N8:R8,U8,V8) -> 0.9999 | X8: AR_BRP_415_MG | Y8: =VLOOKUP(X8,Sheet1!A:B,2,FALSE) -> Quercus alba L. | Z8: Quercus alba L. | AB8: =MAX(N8:R8,U8,V8) -> 0.9999 | AD8: =IF(W8<0.99,LARGE((N8:R8,U8,V8),2),"0") -> 0 | AE8: =IF(AND(AB8<0.99,AD8>0.1),"admixed with",IF(AND(AB8<0.99,AD8>0.01),"trace admixed with ","")) | AH8: =_xlfn.CONCAT("Based on ADMIXTURE results of 78,187 SNPs, ",AE8,AC8) -> Based on ADMIXTURE results of 78,187 SNPs,
A9: 437 | B9: SYST-MOR-0007136 | C9: none | D9: none | E9: none | F9: none | G9: none | H9: none | I9: pure? | J9: 1 | K9: 0 | L9: pure | M9: =IF(AND(W9<0.58,W9>0.2),"F1",IF(W9<0.74,"BC1?",">0.74")) -> >0.74 | N9: 0.9999 | O9: 0 | P9: 0 | Q9: 0 | R9: 0 | S9: 0 | T9: 0 | U9: 0 | V9: 2e-05 | W9: =MAX(N9:R9,U9,V9) -> 0.9999 | X9: AR_BRP_416_MG | Y9: =VLOOKUP(X9,Sheet1!A:B,2,FALSE) -> Quercus stellata Wangenh. | Z9: Quercus stellata Wangenh. | AB9: =MAX(N9:R9,U9,V9) -> 0.9999 | AD9: =IF(W9<0.99,LARGE((N9:R9,U9,V9),2),"0") -> 0 | AE9: =IF(AND(AB9<0.99,AD9>0.1),"admixed with",IF(AND(AB9<0.99,AD9>0.01),"trace admixed with ","")) | AH9: =_xlfn.CONCAT("Based on ADMIXTURE results of 78,187 SNPs, ",AE9,AC9) -> Based on ADMIXTURE results of 78,187 SNPs,
A10: 438 | B10: SYST-MOR-0007137 | C10: none | D10: hybrid? | E10: none | F10: pure? | G10: none | H10: none | I10: none | J10: 1 | K10: 1 | L10: uncertain hybrid | M10: =IF(AND(W10<0.58,W10>0.2),"F1",IF(W10<0.74,"BC1?",">0.74")) -> >0.74 | N10: 0 | O10: 0 | P10: 0 | Q10: 0.0243 | R10: 0 | S10: 0.9545 | T10: 0.0212 | U10: 0 | V10: 0.975677 | W10: =MAX(N10:R10,U10,V10) -> 0.975677 | X10: AR_BRP_417_MG | Y10: =VLOOKUP(X10,Sheet1!A:B,2,FALSE) -> Quercus macrocarpa Michx. | Z10: Quercus macrocarpa Michx. | AB10: =MAX(N10:R10,U10,V10) -> 0.975677 | AC10: Quercus bicolor | AD10: =IF(W10<0.99,LARGE((N10:R10,U10,V10),2),"0") -> 0.0243 | AE10: =IF(AND(AB10<0.99,AD10>0.1,AB10>0.6),"admixed with ",IF(AND(AB10<0.99,AD10>0.01,AD10<0.4),"may be trace admixed with ","")) -> may be trace admixed with | AH10: =_xlfn.CONCAT("Based on ADMIXTURE results of 78,187 SNPs, ",AE10,AC10) -> Based on ADMIXTURE results of 78,187 SNPs, may be trace admixed with Quercus bicolor
A11: 439 | B11: SYST-MOR-0007138 | C11: none | D11: pure? | E11: none | F11: none | G11: none | H11: none | I11: none | J11: 1 | K11: 0 | L11: pure | M11: =IF(AND(W11<0.58,W11>0.2),"F1",IF(W11<0.74,"BC1?",">0.74")) -> >0.74 | N11: 0 | O11: 0 | P11: 0 | Q11: 0.9999 | R11: 0 | S11: 0 | T11: 0 | U11: 0 | V11: 2e-05 | W11: =MAX(N11:R11,U11,V11) -> 0.9999 | X11: AR_BRP_418_MG | Y11: =VLOOKUP(X11,Sheet1!A:B,2,FALSE) -> Quercus lyrata Walt. | Z11: Quercus lyrata Walt. | AB11: =MAX(N11:R11,U11,V11) -> 0.9999 | AD11: =IF(W11<0.99,LARGE((N11:R11,U11,V11),2),"0") -> 0 | AE11: =IF(AND(AB11<0.99,AD11>0.1),"admixed with",IF(AND(AB11<0.99,AD11>0.01),"trace admixed with ","")) | AH11: =_xlfn.CONCAT("Based on ADMIXTURE results of 78,187 SNPs, ",AE11,AC11) -> Based on ADMIXTURE results of 78,187 SNPs,
A12: 440 | B12: SYST-MOR-0007139 | C12: none | D12: none | E12: none | F12: none | G12: none | H12: none | I12: pure? | J12: 1 | K12: 0 | L12: pure | M12: =IF(AND(W12<0.58,W12>0.2),"F1",IF(W12<0.74,"BC1?",">0.74")) -> >0.74 | N12: 0.9999 | O12: 0 | P12: 0 | Q12: 0 | R12: 0 | S12: 0 | T12: 0 | U12: 0 | V12: 2e-05 | W12: =MAX(N12:R12,U12,V12) -> 0.9999 | X12: AR_BRP_419_MG | Y12: =VLOOKUP(X12,Sheet1!A:B,2,FALSE) -> Quercus stellata Wangenh. | Z12: Quercus stellata Wangenh. | AB12: =MAX(N12:R12,U12,V12) -> 0.9999 | AD12: =IF(W12<0.99,LARGE((N12:R12,U12,V12),2),"0") -> 0 | AE12: =IF(AND(AB12<0.99,AD12>0.1),"admixed with",IF(AND(AB12<0.99,AD12>0.01),"trace admixed with ","")) | AH12: =_xlfn.CONCAT("Based on ADMIXTURE results of 78,187 SNPs, ",AE12,AC12) -> Based on ADMIXTURE results of 78,187 SNPs,
A13: 441 | B13: SYST-MOR-0007140 | C13: pure? | D13: none | E13: none | F13: none | G13: none | H13: none | I13: none | J13: 1 | K13: 0 | L13: pure | M13: =IF(AND(W13<0.58,W13>0.2),"F1",IF(W13<0.74,"BC1?",">0.74")) -> >0.74 | N13: 0 | O13: 0 | P13: 0.9999 | Q13: 0 | R13: 0 | S13: 0 | T13: 0 | U13: 0 | V13: 2e-05 | W13: =MAX(N13:R13,U13,V13) -> 0.9999 | X13: AR_BRP_420_MG | Y13: =VLOOKUP(X13,Sheet1!A:B,2,FALSE) -> Quercus alba L. | Z13: Quercus alba L. | AB13: =MAX(N13:R13,U13,V13) -> 0.9999 | AD13: =IF(W13<0.99,LARGE((N13:R13,U13,V13),2),"0") -> 0 | AE13: =IF(AND(AB13<0.99,AD13>0.1),"admixed with",IF(AND(AB13<0.99,AD13>0.01),"trace admixed with ","")) | AH13: =_xlfn.CONCAT("Based on ADMIXTURE results of 78,187 SNPs, ",AE13,AC13) -> Based on ADMIXTURE results of 78,187 SNPs,
A14: 442 | B14: SYST-MOR-0007141 | C14: none | D14: none | E14: none | F14: none | G14: none | H14: pure? | I14: none | J14: 1 | K14: 0 | L14: pure | M14: =IF(AND(W14<0.58,W14>0.2),"F1",IF(W14<0.74,"BC1?",">0.74")) -> >0.74 | N14: 0 | O14: 0.9999 | P14: 0 | Q14: 0 | R14: 0 | S14: 0 | T14: 0 | U14: 0 | V14: 2e-05 | W14: =MAX(N14:R14,U14,V14) -> 0.9999 | X14: AR_BRP_421_MG | Y14: =VLOOKUP(X14,Sheet1!A:B,2,FALSE) -> Quercus muehlenbergii Engelm. | Z14: Quercus muehlenbergii Engelm. | AB14: =MAX(N14:R14,U14,V14) -> 0.9999 | AD14: =IF(W14<0.99,LARGE((N14:R14,U14,V14),2),"0") -> 0 | AE14: =IF(AND(AB14<0.99,AD14>0.1),"admixed with",IF(AND(AB14<0.99,AD14>0.01),"trace admixed with ","")) | AH14: =_xlfn.CONCAT("Based on ADMIXTURE results of 78,187 SNPs, ",AE14,AC14) -> Based on ADMIXTURE results of 78,187 SNPs,
A15: 443 | B15: SYST-MOR-0007142 | C15: none | D15: none | E15: none | F15: none | G15: none | H15: pure? | I15: none | J15: 1 | K15: 0 | L15: pure | M15: =IF(AND(W15<0.58,W15>0.2),"F1",IF(W15<0.74,"BC1?",">0.74")) -> >0.74 | N15: 0 | O15: 0.9999 | P15: 0 | Q15: 0 | R15: 0 | S15: 0 | T15: 0 | U15: 0 | V15: 2e-05 | W15: =MAX(N15:R15,U15,V15) -> 0.9999 | X15: AR_BRP_422_MG | Y15: =VLOOKUP(X15,Sheet1!A:B,2,FALSE) -> Quercus muehlenbergii Engelm. | Z15: Quercus muehlenbergii Engelm. | AB15: =MAX(N15:R15,U15,V15) -> 0.9999 | AD15: =IF(W15<0.99,LARGE((N15:R15,U15,V15),2),"0") -> 0 | AE15: =IF(AND(AB15<0.99,AD15>0.1),"admixed with",IF(AND(AB15<0.99,AD15>0.01),"trace admixed with ","")) | AH15: =_xlfn.CONCAT("Based on ADMIXTURE results of 78,187 SNPs, ",AE15,AC15) -> Based on ADMIXTURE results of 78,187 SNPs,
A16: 444 | B16: SYST-MOR-0007143 | C16: none | D16: none | E16: none | F16: pure? | G16: none | H16: none | I16: none | J16: 1 | K16: 0 | L16: pure | M16: =IF(AND(W16<0.58,W16>0.2),"F1",IF(W16<0.74,"BC1?",">0.74")) -> >0.74 | N16: 0 | O16: 0 | P16: 0 | Q16: 0 | R16: 0 | S16: 0.9999 | T16: 0 | U16: 0 | V16: 0.99994 | W16: =MAX(N16:R16,U16,V16) -> 0.99994 | X16: AR_BRP_423_MG | Y16: =VLOOKUP(X16,Sheet1!A:B,2,FALSE) -> Quercus macrocarpa Michx. | Z16: Quercus macrocarpa Michx. | AB16: =MAX(N16:R16,U16,V16) -> 0.99994 | AD16: =IF(W16<0.99,LARGE((N16:R16,U16,V16),2),"0") -> 0 | AE16: =IF(AND(AB16<0.99,AD16>0.1),"admixed with",IF(AND(AB16<0.99,AD16>0.01),"trace admixed with ","")) | AH16: =_xlfn.CONCAT("Based on ADMIXTURE results of 78,187 SNPs, ",AE16,AC16) -> Based on ADMIXTURE results of 78,187 SNPs,
A17: 445 | B17: SYST-MOR-0007144 | C17: pure? | D17: none | E17: none | F17: none | G17: none | H17: none | I17: none | J17: 1 | K17: 0 | L17: pure | M17: =IF(AND(W17<0.58,W17>0.2),"F1",IF(W17<0.74,"BC1?",">0.74")) -> >0.74 | N17: 0 | O17: 0 | P17: 0.9999 | Q17: 0 | R17: 0 | S17: 0 | T17: 0 | U17: 0 | V17: 2e-05 | W17: =MAX(N17:R17,U17,V17) -> 0.9999 | X17: AR_BRP_424_MG | Y17: =VLOOKUP(X17,Sheet1!A:B,2,FALSE) -> Quercus alba L. | Z17: Quercus alba L. | AB17: =MAX(N17:R17,U17,V17) -> 0.9999 | AD17: =IF(W17<0.99,LARGE((N17:R17,U17,V17),2),"0") -> 0 | AE17: =IF(AND(AB17<0.99,AD17>0.1),"admixed with",IF(AND(AB17<0.99,AD17>0.01),"trace admixed with ","")) | AH17: =_xlfn.CONCAT("Based on ADMIXTURE results of 78,187 SNPs, ",AE17,AC17) -> Based on ADMIXTURE results of 78,187 SNPs,
A18: 446 | B18: SYST-MOR-0007145 | C18: none | D18: none | E18: none | F18: none | G18: none | H18: none | I18: pure? | J18: 1 | K18: 0 | L18: pure | M18: =IF(AND(W18<0.58,W18>0.2),"F1",IF(W18<0.74,"BC1?",">0.74")) -> >0.74 | N18: 0.9999 | O18: 0 | P18: 0 | Q18: 0 | R18: 0 | S18: 0 | T18: 0 | U18: 0 | V18: 2e-05 | W18: =MAX(N18:R18,U18,V18) -> 0.9999 | X18: AR_BRP_425_MG | Y18: =VLOOKUP(X18,Sheet1!A:B,2,FALSE) -> Quercus stellata Wangenh. | Z18: Quercus stellata Wangenh. | AB18: =MAX(N18:R18,U18,V18) -> 0.9999 | AD18: =IF(W18<0.99,LARGE((N18:R18,U18,V18),2),"0") -> 0 | AE18: =IF(AND(AB18<0.99,AD18>0.1),"admixed with",IF(AND(AB18<0.99,AD18>0.01),"trace admixed with ","")) | AH18: =_xlfn.CONCAT("Based on ADMIXTURE results of 78,187 SNPs, ",AE18,AC18) -> Based on ADMIXTURE results of 78,187 SNPs,
A19: 447 | B19: SYST-MOR-0007146 | C19: none | D19: none | E19: none | F19: pure? | G19: none | H19: none | I19: none | J19: 1 | K19: 0 | L19: pure | M19: =IF(AND(W19<0.58,W19>0.2),"F1",IF(W19<0.74,"BC1?",">0.74")) -> >0.74 | N19: 0 | O19: 0 | P19: 0 | Q19: 0.0173 | R19: 0 | S19: 0.9827 | T19: 0 | U19: 0 | V19: 0.982681 | W19: =MAX(N19:R19,U19,V19) -> 0.982681 | X19: AR_BRP_426_MG | Y19: =VLOOKUP(X19,Sheet1!A:B,2,FALSE) -> Quercus macrocarpa Michx. | Z19: Quercus macrocarpa Michx. | AB19: =MAX(N19:R19,U19,V19) -> 0.982681 | AD19: =IF(W19<0.99,LARGE((N19:R19,U19,V19),2),"0") -> 0.0173 | AE19: =IF(AND(AB19<0.99,AD19>0.1),"admixed with",IF(AND(AB19<0.99,AD19>0.01),"trace admixed with ","")) -> trace admixed with | AH19: =_xlfn.CONCAT("Based on ADMIXTURE results of 78,187 SNPs, ",AE19,AC19) -> Based on ADMIXTURE results of 78,187 SNPs, trace admixed with
A20: 448 | B20: SYST-MOR-0007147 | C20: none | D20: pure? | E20: none | F20: none | G20: none | H20: none | I20: none | J20: 1 | K20: 0 | L20: pure | M20: =IF(AND(W20<0.58,W20>0.2),"F1",IF(W20<0.74,"BC1?",">0.74")) -> >0.74 | N20: 0 | O20: 0 | P20: 0 | Q20: 0.9999 | R20: 0 | S20: 0 | T20: 0 | U20: 0 | V20: 2e-05 | W20: =MAX(N20:R20,U20,V20) -> 0.9999 | X20: AR_BRP_427_MG | Y20: =VLOOKUP(X20,Sheet1!A:B,2,FALSE) -> Quercus lyrata Walt. | Z20: Quercus lyrata Walt. | AB20: =MAX(N20:R20,U20,V20) -> 0.9999 | AD20: =IF(W20<0.99,LARGE((N20:R20,U20,V20),2),"0") -> 0 | AE20: =IF(AND(AB20<0.99,AD20>0.1),"admixed with",IF(AND(AB20<0.99,AD20>0.01),"trace admixed with ","")) | AH20: =_xlfn.CONCAT("Based on ADMIXTURE results of 78,187 SNPs, ",AE20,AC20) -> Based on ADMIXTURE results of 78,187 SNPs,
A21: 449 | B21: SYST-MOR-0007148 | C21: pure? | D21: none | E21: none | F21: none | G21: none | H21: none | I21: none | J21: 1 | K21: 0 | L21: pure | M21: =IF(AND(W21<0.58,W21>0.2),"F1",IF(W21<0.74,"BC1?",">0.74")) -> >0.74 | N21: 0 | O21: 0 | P21: 0.9999 | Q21: 0 | R21: 0 | S21: 0 | T21: 0 | U21: 0 | V21: 2e-05 | W21: =MAX(N21:R21,U21,V21) -> 0.9999 | X21: AR_BRP_428_MG | Y21: =VLOOKUP(X21,Sheet1!A:B,2,FALSE) -> Quercus alba L. | Z21: Quercus alba L. | AB21: =MAX(N21:R21,U21,V21) -> 0.9999 | AD21: =IF(W21<0.99,LARGE((N21:R21,U21,V21),2),"0") -> 0 | AE21: =IF(AND(AB21<0.99,AD21>0.1),"admixed with",IF(AND(AB21<0.99,AD21>0.01),"trace admixed with ","")) | AH21: =_xlfn.CONCAT("Based on ADMIXTURE results of 78,187 SNPs, ",AE21,AC21) -> Based on ADMIXTURE results of 78,187 SNPs,
A22: 450 | B22: SYST-MOR-0007149 | C22: pure? | D22: none | E22: none | F22: none | G22: none | H22: none | I22: none | J22: 1 | K22: 0 | L22: pure | M22: =IF(AND(W22<0.58,W22>0.2),"F1",IF(W22<0.74,"BC1?",">0.74")) -> >0.74 | N22: 0 | O22: 0 | P22: 0.9999 | Q22: 0 | R22: 0 | S22: 0 | T22: 0 | U22: 0 | V22: 2e-05 | W22: =MAX(N22:R22,U22,V22) -> 0.9999 | X22: AR_BRP_429_MG | Y22: =VLOOKUP(X22,Sheet1!A:B,2,FALSE) -> Quercus alba L. | Z22: Quercus alba L. | AB22: =MAX(N22:R22,U22,V22) -> 0.9999 | AD22: =IF(W22<0.99,LARGE((N22:R22,U22,V22),2),"0") -> 0 | AE22: =IF(AND(AB22<0.99,AD22>0.1),"admixed with",IF(AND(AB22<0.99,AD22>0.01),"trace admixed with ","")) | AH22: =_xlfn.CONCAT("Based on ADMIXTURE results of 78,187 SNPs, ",AE22,AC22) -> Based on ADMIXTURE results of 78,187 SNPs,
... A29: 100 | B29: SYST-MOR-0006799 | C29: none | D29: none | E29: none | F29: pure? | G29: none | H29: none | I29: none | J29: 1 | K29: 0 | L29: pure | M29: =IF(AND(W29<0.58,W29>0.2),"F1",IF(W29<0.74,"BC1?",">0.74")) -> >0.74 | N29: 0 | O29: 0 | P29: 0.0044 | Q29: 0 | R29: 0 | S29: 0.1306 | T29: 0.8649 | U29: 0 | V29: 0.995545 | W29: =MAX(N29:R29,U29,V29) -> 0.995545 | X29: IA_CHP_067_MG | Y29: =VLOOKUP(X29,Sheet1!A:B,2,FALSE) -> Quercus macrocarpa Michx. | Z29: Quercus macrocarpa Michx. | AB29: =MAX(N29:R29,U29,V29) -> 0.995545 | AD29: =IF(W29<0.99,LARGE((N29:R29,U29,V29),2),"0") -> 0 | AE29: =IF(AND(AB29<0.99,AD29>0.1),"admixed with",IF(AND(AB29<0.99,AD29>0.01),"trace admixed with ","")) | AH29: =_xlfn.CONCAT("Based on ADMIXTURE results of 78,187 SNPs, ",AE29,AC29) -> Based on ADMIXTURE results of 78,187 SNPs,
A30: 101 | B30: SYST-MOR-0006800 | C30: none | D30: pure? | E30: none | F30: hybrid? | G30: none | H30: none | I30: none | J30: 1 | K30: 1 | L30: uncertain hybrid | M30: =IF(AND(W30<0.58,W30>0.2),"F1",IF(W30<0.74,"BC1?",">0.74")) -> >0.74 | N30: 0 | O30: 0 | P30: 0 | Q30: 0.9473 | R30: 0 | S30: 0 | T30: 0.0526 | U30: 0 | V30: 0.052613 | W30: =MAX(N30:R30,U30,V30) -> 0.9473 | X30: IA_CHP_068_MG | Y30: =VLOOKUP(X30,Sheet1!A:B,2,FALSE) -> Quercus bicolor Willd. | Z30: Quercus bicolor Willd. | AB30: =MAX(N30:R30,U30,V30) -> 0.9473 | AC30: Quercus macrocarpa | AD30: =IF(W30<0.99,LARGE((N30:R30,U30,V30),2),"0") -> 0.052613 | AE30: =IF(AND(AB30<0.99,AD30>0.1,AB30>0.6),"admixed with ",IF(AND(AB30<0.99,AD30>0.01,AD30<0.4),"may be trace admixed with ","")) -> may be trace admixed with | AH30: =_xlfn.CONCAT("Based on ADMIXTURE results of 78,187 SNPs, ",AE30,AC30) -> Based on ADMIXTURE results of 78,187 SNPs, may be trace admixed with Quercus macrocarpa
A31: 102 | B31: SYST-MOR-0006801 | C31: none | D31: none | E31: none | F31: pure? | G31: none | H31: none | I31: none | J31: 1 | K31: 0 | L31: pure | M31: =IF(AND(W31<0.58,W31>0.2),"F1",IF(W31<0.74,"BC1?",">0.74")) -> >0.74 | N31: 0 | O31: 0 | P31: 0 | Q31: 0 | R31: 0 | S31: 0 | T31: 0.9999 | U31: 0 | V31: 0.99994 | W31: =MAX(N31:R31,U31,V31) -> 0.99994 | X31: IA_CHP_069_MG | Y31: =VLOOKUP(X31,Sheet1!A:B,2,FALSE) -> Quercus macrocarpa Michx. | Z31: Quercus macrocarpa Michx. | AB31: =MAX(N31:R31,U31,V31) -> 0.99994 | AD31: =IF(W31<0.99,LARGE((N31:R31,U31,V31),2),"0") -> 0 | AE31: =IF(AND(AB31<0.99,AD31>0.1),"admixed with",IF(AND(AB31<0.99,AD31>0.01),"trace admixed with ","")) | AH31: =_xlfn.CONCAT("Based on ADMIXTURE results of 78,187 SNPs, ",AE31,AC31) -> Based on ADMIXTURE results of 78,187 SNPs,
A32: 103 | B32: SYST-MOR-0006802 | C32: none | D32: none | E32: none | F32: pure? | G32: none | H32: none | I32: none | J32: 1 | K32: 0 | L32: pure | M32: =IF(AND(W32<0.58,W32>0.2),"F1",IF(W32<0.74,"BC1?",">0.74")) -> >0.74 | N32: 0 | O32: 0 | P32: 0 | Q32: 0 | R32: 0 | S32: 0.1112 | T32: 0.8887 | U32: 0 | V32: 0.99994 | W32: =MAX(N32:R32,U32,V32) -> 0.99994 | X32: IA_CHP_070_MG | Y32: =VLOOKUP(X32,Sheet1!A:B,2,FALSE) -> Quercus macrocarpa Michx. | Z32: Quercus macrocarpa Michx. | AB32: =MAX(N32:R32,U32,V32) -> 0.99994 | AD32: =IF(W32<0.99,LARGE((N32:R32,U32,V32),2),"0") -> 0 | AE32: =IF(AND(AB32<0.99,AD32>0.1),"admixed with",IF(AND(AB32<0.99,AD32>0.01),"trace admixed with ","")) | AH32: =_xlfn.CONCAT("Based on ADMIXTURE results of 78,187 SNPs, ",AE32,AC32) -> Based on ADMIXTURE results of 78,187 SNPs,
A33: 84 | B33: SYST-MOR-0006783 | C33: pure? | D33: none | E33: none | F33: none | G33: none | H33: none | I33: none | J33: 1 | K33: 0 | L33: pure | M33: =IF(AND(W33<0.58,W33>0.2),"F1",IF(W33<0.74,"BC1?",">0.74")) -> >0.74 | N33: 0 | O33: 0 | P33: 0.9862 | Q33: 0.0036 | R33: 0 | S33: 0 | T33: 0.0101 | U33: 0 | V33: 0.010103 | W33: =MAX(N33:R33,U33,V33) -> 0.9862 | X33: IA_LNW_051_MG | Y33: =VLOOKUP(X33,Sheet1!A:B,2,FALSE) -> Quercus alba L. | Z33: Quercus alba L. | AB33: =MAX(N33:R33,U33,V33) -> 0.9862 | AD33: =IF(W33<0.99,LARGE((N33:R33,U33,V33),2),"0") -> 0.010103 | AE33: =IF(AND(AB33<0.99,AD33>0.1),"admixed with",IF(AND(AB33<0.99,AD33>0.01),"trace admixed with ","")) -> trace admixed with | AH33: =_xlfn.CONCAT("Based on ADMIXTURE results of 78,187 SNPs, ",AE33,AC33) -> Based on ADMIXTURE results of 78,187 SNPs, trace admixed with
A34: 85 | B34: SYST-MOR-0006784 | C34: pure? | D34: none | E34: none | F34: none | G34: none | H34: none | I34: none | J34: 1 | K34: 0 | L34: pure | M34: =IF(AND(W34<0.58,W34>0.2),"F1",IF(W34<0.74,"BC1?",">0.74")) -> >0.74 | N34: 0 | O34: 0 | P34: 0.9999 | Q34: 0 | R34: 0 | S34: 0 | T34: 0 | U34: 0 | V34: 2e-05 | W34: =MAX(N34:R34,U34,V34) -> 0.9999 | X34: IA_LNW_052_MG | Y34: =VLOOKUP(X34,Sheet1!A:B,2,FALSE) -> Quercus alba L. | Z34: Quercus alba L. | AB34: =MAX(N34:R34,U34,V34) -> 0.9999 | AD34: =IF(W34<0.99,LARGE((N34:R34,U34,V34),2),"0") -> 0 | AE34: =IF(AND(AB34<0.99,AD34>0.1),"admixed with",IF(AND(AB34<0.99,AD34>0.01),"trace admixed with ","")) | AH34: =_xlfn.CONCAT("Based on ADMIXTURE results of 78,187 SNPs, ",AE34,AC34) -> Based on ADMIXTURE results of 78,187 SNPs,
A35: 86 | B35: SYST-MOR-0006785 | C35: pure? | D35: none | E35: none | F35: none | G35: none | H35: none | I35: none | J35: 1 | K35: 0 | L35: pure | M35: =IF(AND(W35<0.58,W35>0.2),"F1",IF(W35<0.74,"BC1?",">0.74")) -> >0.74 | N35: 0 | O35: 0 | P35: 0.9999 | Q35: 0 | R35: 0 | S35: 0 | T35: 0 | U35: 0 | V35: 2e-05 | W35: =MAX(N35:R35,U35,V35) -> 0.9999 | X35: IA_LNW_053_MG | Y35: =VLOOKUP(X35,Sheet1!A:B,2,FALSE) -> Quercus alba L. | Z35: Quercus alba L. | AB35: =MAX(N35:R35,U35,V35) -> 0.9999 | AD35: =IF(W35<0.99,LARGE((N35:R35,U35,V35),2),"0") -> 0 | AE35: =IF(AND(AB35<0.99,AD35>0.1),"admixed with",IF(AND(AB35<0.99,AD35>0.01),"trace admixed with ","")) | AH35: =_xlfn.CONCAT("Based on ADMIXTURE results of 78,187 SNPs, ",AE35,AC35) -> Based on ADMIXTURE results of 78,187 SNPs,
A36: 87 | B36: SYST-MOR-0006786 | C36: pure? | D36: none | E36: none | F36: none | G36: none | H36: none | I36: none | J36: 1 | K36: 0 | L36: pure | M36: =IF(AND(W36<0.58,W36>0.2),"F1",IF(W36<0.74,"BC1?",">0.74")) -> >0.74 | N36: 0 | O36: 0 | P36: 0.9999 | Q36: 0 | R36: 0 | S36: 0 | T36: 0 | U36: 0 | V36: 2e-05 | W36: =MAX(N36:R36,U36,V36) -> 0.9999 | X36: IA_LNW_054_MG | Y36: =VLOOKUP(X36,Sheet1!A:B,2,FALSE) -> Quercus alba L. | Z36: Quercus alba L. | AB36: =MAX(N36:R36,U36,V36) -> 0.9999 | AD36: =IF(W36<0.99,LARGE((N36:R36,U36,V36),2),"0") -> 0 | AE36: =IF(AND(AB36<0.99,AD36>0.1),"admixed with",IF(AND(AB36<0.99,AD36>0.01),"trace admixed with ","")) | AH36: =_xlfn.CONCAT("Based on ADMIXTURE results of 78,187 SNPs, ",AE36,AC36) -> Based on ADMIXTURE results of 78,187 SNPs,
A37: 88 | B37: SYST-MOR-0006787 | C37: none | D37: none | E37: none | F37: none | G37: none | H37: pure? | I37: none | J37: 1 | K37: 0 | L37: pure | M37: =IF(AND(W37<0.58,W37>0.2),"F1",IF(W37<0.74,"BC1?",">0.74")) -> >0.74 | N37: 0 | O37: 0.9966 | P37: 0 | Q37: 0 | R37: 0 | S37: 0.0034 | T37: 0 | U37: 0 | V37: 0.003373 | W37: =MAX(N37:R37,U37,V37) -> 0.9966 | X37: IA_LNW_055_MG | Y37: =VLOOKUP(X37,Sheet1!A:B,2,FALSE) -> Quercus muehlenbergii Engelm. | Z37: Quercus muehlenbergii Engelm. | AB37: =MAX(N37:R37,U37,V37) -> 0.9966 | AD37: =IF(W37<0.99,LARGE((N37:R37,U37,V37),2),"0") -> 0 | AE37: =IF(AND(AB37<0.99,AD37>0.1),"admixed with",IF(AND(AB37<0.99,AD37>0.01),"trace admixed with ","")) | AH37: =_xlfn.CONCAT("Based on ADMIXTURE results of 78,187 SNPs, ",AE37,AC37) -> Based on ADMIXTURE results of 78,187 SNPs,
A38: 89 | B38: SYST-MOR-0006788 | C38: none | D38: none | E38: none | F38: none | G38: none | H38: pure? | I38: none | J38: 1 | K38: 0 | L38: pure | M38: =IF(AND(W38<0.58,W38>0.2),"F1",IF(W38<0.74,"BC1?",">0.74")) -> >0.74 | N38: 0 | O38: 0.9999 | P38: 0 | Q38: 0 | R38: 0 | S38: 0 | T38: 0 | U38: 0 | V38: 2e-05 | W38: =MAX(N38:R38,U38,V38) -> 0.9999 | X38: IA_LNW_056_MG | Y38: =VLOOKUP(X38,Sheet1!A:B,2,FALSE) -> Quercus muehlenbergii Engelm. | Z38: Quercus muehlenbergii Engelm. | AB38: =MAX(N38:R38,U38,V38) -> 0.9999 | AD38: =IF(W38<0.99,LARGE((N38:R38,U38,V38),2),"0") -> 0 | AE38: =IF(AND(AB38<0.99,AD38>0.1),"admixed with",IF(AND(AB38<0.99,AD38>0.01),"trace admixed with ","")) | AH38: =_xlfn.CONCAT("Based on ADMIXTURE results of 78,187 SNPs, ",AE38,AC38) -> Based on ADMIXTURE results of 78,187 SNPs,
A39: 90 | B39: SYST-MOR-0006789 | C39: none | D39: none | E39: none | F39: none | G39: none | H39: pure? | I39: none | J39: 1 | K39: 0 | L39: pure | M39: =IF(AND(W39<0.58,W39>0.2),"F1",IF(W39<0.74,"BC1?",">0.74")) -> >0.74 | N39: 0 | O39: 0.9881 | P39: 0.0118 | Q39: 0 | R39: 0 | S39: 0 | T39: 0 | U39: 0 | V39: 2e-05 | W39: =MAX(N39:R39,U39,V39) -> 0.9881 | X39: IA_LNW_057_MG | Y39: =VLOOKUP(X39,Sheet1!A:B,2,FALSE) -> Quercus muehlenbergii Engelm. | Z39: Quercus muehlenbergii Engelm. | AB39: =MAX(N39:R39,U39,V39) -> 0.9881 | AD39: =IF(W39<0.99,LARGE((N39:R39,U39,V39),2),"0") -> 0.0118 | AE39: =IF(AND(AB39<0.99,AD39>0.1),"admixed with",IF(AND(AB39<0.99,AD39>0.01),"trace admixed with ","")) -> trace admixed with | AH39: =_xlfn.CONCAT("Based on ADMIXTURE results of 78,187 SNPs, ",AE39,AC39) -> Based on ADMIXTURE results of 78,187 SNPs, trace admixed with
A40: 91 | B40: SYST-MOR-0006790 | C40: none | D40: none | E40: none | F40: none | G40: none | H40: pure? | I40: none | J40: 1 | K40: 0 | L40: pure | M40: =IF(AND(W40<0.58,W40>0.2),"F1",IF(W40<0.74,"BC1?",">0.74")) -> >0.74 | N40: 0 | O40: 0.9999 | P40: 0 | Q40: 0 | R40: 0 | S40: 0 | T40: 0 | U40: 0 | V40: 2e-05 | W40: =MAX(N40:R40,U40,V40) -> 0.9999 | X40: IA_LNW_058_MG | Y40: =VLOOKUP(X40,Sheet1!A:B,2,FALSE) -> Quercus muehlenbergii Engelm. | Z40: Quercus muehlenbergii Engelm. | AB40: =MAX(N40:R40,U40,V40) -> 0.9999 | AD40: =IF(W40<0.99,LARGE((N40:R40,U40,V40),2),"0") -> 0 | AE40: =IF(AND(AB40<0.99,AD40>0.1),"admixed with",IF(AND(AB40<0.99,AD40>0.01),"trace admixed with ","")) | AH40: =_xlfn.CONCAT("Based on ADMIXTURE results of 78,187 SNPs, ",AE40,AC40) -> Based on ADMIXTURE results of 78,187 SNPs,
A41: 92 | B41: SYST-MOR-0006791 | C41: none | D41: none | E41: none | F41: pure? | G41: none | H41: none | I41: none | J41: 1 | K41: 0 | L41: pure | M41: =IF(AND(W41<0.58,W41>0.2),"F1",IF(W41<0.74,"BC1?",">0.74")) -> >0.74 | N41: 0 | O41: 0 | P41: 0 | Q41: 0 | R41: 0 | S41: 0.2169 | T41: 0.783 | U41: 0 | V41: 0.99994 | W41: =MAX(N41:R41,U41,V41) -> 0.99994 | X41: IA_LNW_059_MG | Y41: =VLOOKUP(X41,Sheet1!A:B,2,FALSE) -> Quercus macrocarpa Michx. | Z41: Quercus macrocarpa Michx. | AB41: =MAX(N41:R41,U41,V41) -> 0.99994 | AD41: =IF(W41<0.99,LARGE((N41:R41,U41,V41),2),"0") -> 0 | AE41: =IF(AND(AB41<0.99,AD41>0.1),"admixed with",IF(AND(AB41<0.99,AD41>0.01),"trace admixed with ","")) | AH41: =_xlfn.CONCAT("Based on ADMIXTURE results of 78,187 SNPs, ",AE41,AC41) -> Based on ADMIXTURE results of 78,187 SNPs,
A42: 93 | B42: SYST-MOR-0006792 | C42: none | D42: none | E42: none | F42: pure? | G42: none | H42: none | I42: none | J42: 1 | K42: 0 | L42: pure | M42: =IF(AND(W42<0.58,W42>0.2),"F1",IF(W42<0.74,"BC1?",">0.74")) -> >0.74 | N42: 0 | O42: 0 | P42: 0 | Q42: 0 | R42: 0.0001 | S42: 0.1785 | T42: 0.8213 | U42: 0 | V42: 0.999857 | W42: =MAX(N42:R42,U42,V42) -> 0.999857 | X42: IA_LNW_060_MG | Y42: =VLOOKUP(X42,Sheet1!A:B,2,FALSE) -> Quercus macrocarpa Michx. | Z42: Quercus macrocarpa Michx. | AB42: =MAX(N42:R42,U42,V42) -> 0.999857 | AD42: =IF(W42<0.99,LARGE((N42:R42,U42,V42),2),"0") -> 0 | AE42: =IF(AND(AB42<0.99,AD42>0.1),"admixed with",IF(AND(AB42<0.99,AD42>0.01),"trace admixed with ","")) | AH42: =_xlfn.CONCAT("Based on ADMIXTURE results of 78,187 SNPs, ",AE42,AC42) -> Based on ADMIXTURE results of 78,187 SNPs,
... A57: 551 | B57: SYST-MOR-0007250 | C57: pure? | D57: none | E57: none | F57: none | G57: none | H57: none | I57: none | J57: 1 | K57: 0 | L57: pure | M57: =IF(AND(W57<0.58,W57>0.2),"F1",IF(W57<0.74,"BC1?",">0.74")) -> >0.74 | N57: 0 | O57: 0 | P57: 0.9999 | Q57: 0 | R57: 0 | S57: 0 | T57: 0 | U57: 0 | V57: 2e-05 | W57: =MAX(N57:R57,U57,V57) -> 0.9999 | X57: IL_CHB_530_MG | Y57: =VLOOKUP(X57,Sheet1!A:B,2,FALSE) -> Quercus alba L. | Z57: Quercus alba L. | AB57: =MAX(N57:R57,U57,V57) -> 0.9999 | AD57: =IF(W57<0.99,LARGE((N57:R57,U57,V57),2),"0") -> 0 | AE57: =IF(AND(AB57<0.99,AD57>0.1),"admixed with",IF(AND(AB57<0.99,AD57>0.01),"trace admixed with ","")) | AH57: =_xlfn.CONCAT("Based on ADMIXTURE results of 78,187 SNPs, ",AE57,AC57) -> Based on ADMIXTURE results of 78,187 SNPs,
A58: 18 | B58: SYST-MOR-0006717 | C58: hybrid? | D58: none | E58: none | F58: none | G58: hybrid? | H58: none | I58: none | J58: 0 | K58: 2 | L58: editedpure | M58: =IF(AND(W58<0.58,W58>0.2),"F1",IF(W58<0.74,"BC1?",">0.74")) -> >0.74 | N58: 0 | O58: 0 | P58: 0.0584 | Q58: 0 | R58: 0 | S58: 0 | T58: 0 | U58: 0.9416 | V58: 2e-05 | W58: =MAX(N58:R58,U58,V58) -> 0.9416 | X58: IL_HP_MG919_MG | Y58: =VLOOKUP(X58,Sheet1!A:B,2,FALSE) -> Quercus michauxii Nutt. | Z58: Quercus michauxii Nutt. | AB58: =MAX(N58:R58,U58,V58) -> 0.9416 | AC58: Quercus alba | AD58: =IF(W58<0.99,LARGE((N58:R58,U58,V58),2),"0") -> 0.0584 | AE58: =IF(AND(AB58<0.99,AD58>0.1,AB58>0.6),"admixed with ",IF(AND(AB58<0.99,AD58>0.01,AD58<0.4),"trace admixed with ","")) -> trace admixed with | AG58: =IF(AB58+AD58<0.99,LARGE((N58:R58,U58,V58),3),"") | AH58: Overwrite
A59: 19 | B59: SYST-MOR-0006718 | C59: none | D59: none | E59: none | F59: none | G59: pure? | H59: none | I59: none | J59: 1 | K59: 0 | L59: pure | M59: =IF(AND(W59<0.58,W59>0.2),"F1",IF(W59<0.74,"BC1?",">0.74")) -> >0.74 | N59: 0 | O59: 0 | P59: 0.0529 | Q59: 0 | R59: 0 | S59: 0 | T59: 0 | U59: 0.947 | V59: 2e-05 | W59: =MAX(N59:R59,U59,V59) -> 0.947 | X59: IL_HP_MG920_MG | Y59: =VLOOKUP(X59,Sheet1!A:B,2,FALSE) -> Quercus michauxii Nutt. | Z59: Quercus michauxii Nutt. | AB59: =MAX(N59:R59,U59,V59) -> 0.947 | AD59: =IF(W59<0.99,LARGE((N59:R59,U59,V59),2),"0") -> 0.0529 | AE59: =IF(AND(AB59<0.99,AD59>0.1),"admixed with",IF(AND(AB59<0.99,AD59>0.01),"trace admixed with ","")) -> trace admixed with | AH59: =_xlfn.CONCAT("Based on ADMIXTURE results of 78,187 SNPs, ",AE59,AC59) -> Based on ADMIXTURE results of 78,187 SNPs, trace admixed with
A60: 20 | B60: SYST-MOR-0006719 | C60: none | D60: none | E60: none | F60: none | G60: pure? | H60: none | I60: none | J60: 1 | K60: 0 | L60: pure | M60: =IF(AND(W60<0.58,W60>0.2),"F1",IF(W60<0.74,"BC1?",">0.74")) -> >0.74 | N60: 0 | O60: 0 | P60: 0.0486 | Q60: 0 | R60: 0 | S60: 0 | T60: 0 | U60: 0.9513 | V60: 2e-05 | W60: =MAX(N60:R60,U60,V60) -> 0.9513 | X60: IL_HP_MG921_MG | Y60: =VLOOKUP(X60,Sheet1!A:B,2,FALSE) -> Quercus michauxii Nutt. | Z60: Quercus michauxii Nutt. | AB60: =MAX(N60:R60,U60,V60) -> 0.9513 | AD60: =IF(W60<0.99,LARGE((N60:R60,U60,V60),2),"0") -> 0.0486 | AE60: =IF(AND(AB60<0.99,AD60>0.1),"admixed with",IF(AND(AB60<0.99,AD60>0.01),"trace admixed with ","")) -> trace admixed with | AH60: =_xlfn.CONCAT("Based on ADMIXTURE results of 78,187 SNPs, ",AE60,AC60) -> Based on ADMIXTURE results of 78,187 SNPs, trace admixed with
A61: 30 | B61: SYST-MOR-0006729 | C61: none | D61: none | E61: none | F61: pure? | G61: none | H61: none | I61: none | J61: 1 | K61: 0 | L61: pure | M61: =IF(AND(W61<0.58,W61>0.2),"F1",IF(W61<0.74,"BC1?",">0.74")) -> >0.74 | N61: 0 | O61: 0 | P61: 0 | Q61: 0 | R61: 0 | S61: 0.1472 | T61: 0.8528 | U61: 0 | V61: 0.99994 | W61: =MAX(N61:R61,U61,V61) -> 0.99994 | X61: IL_MOR_135_MG | Y61: =VLOOKUP(X61,Sheet1!A:B,2,FALSE) -> Quercus macrocarpa Michx. | Z61: Quercus macrocarpa Michx. | AB61: =MAX(N61:R61,U61,V61) -> 0.99994 | AD61: =IF(W61<0.99,LARGE((N61:R61,U61,V61),2),"0") -> 0 | AE61: =IF(AND(AB61<0.99,AD61>0.1),"admixed with",IF(AND(AB61<0.99,AD61>0.01),"trace admixed with ","")) | AH61: =_xlfn.CONCAT("Based on ADMIXTURE results of 78,187 SNPs, ",AE61,AC61) -> Based on ADMIXTURE results of 78,187 SNPs,
A62: 33 | B62: SYST-MOR-0006732 | C62: pure? | D62: none | E62: none | F62: none | G62: none | H62: none | I62: none | J62: 1 | K62: 0 | L62: pure | M62: =IF(AND(W62<0.58,W62>0.2),"F1",IF(W62<0.74,"BC1?",">0.74")) -> >0.74 | N62: 0 | O62: 0 | P62: 0.9999 | Q62: 0 | R62: 0 | S62: 0 | T62: 0 | U62: 0 | V62: 2e-05 | W62: =MAX(N62:R62,U62,V62) -> 0.9999 | X62: IL_MOR_136_MG | Y62: =VLOOKUP(X62,Sheet1!A:B,2,FALSE) -> Quercus alba L. | Z62: Quercus alba L. | AB62: =MAX(N62:R62,U62,V62) -> 0.9999 | AD62: =IF(W62<0.99,LARGE((N62:R62,U62,V62),2),"0") -> 0 | AE62: =IF(AND(AB62<0.99,AD62>0.1),"admixed with",IF(AND(AB62<0.99,AD62>0.01),"trace admixed with ","")) | AH62: =_xlfn.CONCAT("Based on ADMIXTURE results of 78,187 SNPs, ",AE62,AC62) -> Based on ADMIXTURE results of 78,187 SNPs,
A63: 32 | B63: SYST-MOR-0006731 | C63: none | D63: none | E63: none | F63: pure? | G63: none | H63: none | I63: none | J63: 1 | K63: 0 | L63: pure | M63: =IF(AND(W63<0.58,W63>0.2),"F1",IF(W63<0.74,"BC1?",">0.74")) -> >0.74 | N63: 0 | O63: 0 | P63: 0 | Q63: 0 | R63: 0 | S63: 0.0773 | T63: 0.9227 | U63: 0 | V63: 0.99994 | W63: =MAX(N63:R63,U63,V63) -> 0.99994 | X63: IL_MOR_137_MG | Y63: =VLOOKUP(X63,Sheet1!A:B,2,FALSE) -> Quercus macrocarpa Michx. | Z63: Quercus macrocarpa Michx. | AB63: =MAX(N63:R63,U63,V63) -> 0.99994 | AD63: =IF(W63<0.99,LARGE((N63:R63,U63,V63),2),"0") -> 0 | AE63: =IF(AND(AB63<0.99,AD63>0.1),"admixed with",IF(AND(AB63<0.99,AD63>0.01),"trace admixed with ","")) | AH63: =_xlfn.CONCAT("Based on ADMIXTURE results of 78,187 SNPs, ",AE63,AC63) -> Based on ADMIXTURE results of 78,187 SNPs,
A64: 31 | B64: SYST-MOR-0006730 | C64: pure? | D64: none | E64: none | F64: none | G64: none | H64: none | I64: none | J64: 1 | K64: 0 | L64: pure | M64: =IF(AND(W64<0.58,W64>0.2),"F1",IF(W64<0.74,"BC1?",">0.74")) -> >0.74 | N64: 0 | O64: 0 | P64: 0.9999 | Q64: 0 | R64: 0 | S64: 0 | T64: 0 | U64: 0 | V64: 2e-05 | W64: =MAX(N64:R64,U64,V64) -> 0.9999 | X64: IL_MOR_138_MG | Y64: =VLOOKUP(X64,Sheet1!A:B,2,FALSE) -> Quercus alba L. | Z64: Quercus alba L. | AB64: =MAX(N64:R64,U64,V64) -> 0.9999 | AD64: =IF(W64<0.99,LARGE((N64:R64,U64,V64),2),"0") -> 0 | AE64: =IF(AND(AB64<0.99,AD64>0.1),"admixed with",IF(AND(AB64<0.99,AD64>0.01),"trace admixed with ","")) | AH64: =_xlfn.CONCAT("Based on ADMIXTURE results of 78,187 SNPs, ",AE64,AC64) -> Based on ADMIXTURE results of 78,187 SNPs,
A65: 34 | B65: SYST-MOR-0006733 | C65: none | D65: pure? | E65: none | F65: none | G65: none | H65: none | I65: none | J65: 1 | K65: 0 | L65: pure | M65: =IF(AND(W65<0.58,W65>0.2),"F1",IF(W65<0.74,"BC1?",">0.74")) -> >0.74 | N65: 0 | O65: 0 | P65: 0 | Q65: 0.9957 | R65: 0 | S65: 0 | T65: 0.0042 | U65: 0 | V65: 0.004231 | W65: =MAX(N65:R65,U65,V65) -> 0.9957 | X65: IL_MOR_139_MG | Y65: =VLOOKUP(X65,Sheet1!A:B,2,FALSE) -> Quercus bicolor Willd. | Z65: Quercus bicolor Willd. | AB65: =MAX(N65:R65,U65,V65) -> 0.9957 | AD65: =IF(W65<0.99,LARGE((N65:R65,U65,V65),2),"0") -> 0 | AE65: =IF(AND(AB65<0.99,AD65>0.1),"admixed with",IF(AND(AB65<0.99,AD65>0.01),"trace admixed with ","")) | AH65: =_xlfn.CONCAT("Based on ADMIXTURE results of 78,187 SNPs, ",AE65,AC65) -> Based on ADMIXTURE results of 78,187 SNPs,
A66: 35 | B66: SYST-MOR-0006734 | C66: pure? | D66: none | E66: none | F66: none | G66: none | H66: none | I66: none | J66: 1 | K66: 0 | L66: pure | M66: =IF(AND(W66<0.58,W66>0.2),"F1",IF(W66<0.74,"BC1?",">0.74")) -> >0.74 | N66: 0 | O66: 0 | P66: 0.9999 | Q66: 0 | R66: 0 | S66: 0 | T66: 0 | U66: 0 | V66: 2e-05 | W66: =MAX(N66:R66,U66,V66) -> 0.9999 | X66: IL_MOR_140_MG | Y66: =VLOOKUP(X66,Sheet1!A:B,2,FALSE) -> Quercus alba L. | Z66: Quercus alba L. | AB66: =MAX(N66:R66,U66,V66) -> 0.9999 | AD66: =IF(W66<0.99,LARGE((N66:R66,U66,V66),2),"0") -> 0 | AE66: =IF(AND(AB66<0.99,AD66>0.1),"admixed with",IF(AND(AB66<0.99,AD66>0.01),"trace admixed with ","")) | AH66: =_xlfn.CONCAT("Based on ADMIXTURE results of 78,187 SNPs, ",AE66,AC66) -> Based on ADMIXTURE results of 78,187 SNPs,
A67: 37 | B67: SYST-MOR-0006736 | C67: pure? | D67: none | E67: none | F67: none | G67: none | H67: none | I67: none | J67: 1 | K67: 0 | L67: pure | M67: =IF(AND(W67<0.58,W67>0.2),"F1",IF(W67<0.74,"BC1?",">0.74")) -> >0.74 | N67: 0 | O67: 0 | P67: 0.9902 | Q67: 0 | R67: 0 | S67: 0.0097 | T67: 0 | U67: 0 | V67: 0.009726 | W67: =MAX(N67:R67,U67,V67) -> 0.9902 | X67: IL_MOR_141_MG | Y67: =VLOOKUP(X67,Sheet1!A:B,2,FALSE) -> Quercus alba L. | Z67: Quercus alba L. | AB67: =MAX(N67:R67,U67,V67) -> 0.9902 | AD67: =IF(W67<0.99,LARGE((N67:R67,U67,V67),2),"0") -> 0 | AE67: =IF(AND(AB67<0.99,AD67>0.1),"admixed with",IF(AND(AB67<0.99,AD67>0.01),"trace admixed with ","")) | AH67: =_xlfn.CONCAT("Based on ADMIXTURE results of 78,187 SNPs, ",AE67,AC67) -> Based on ADMIXTURE results of 78,187 SNPs,
A68: 36 | B68: SYST-MOR-0006735 | C68: none | D68: none | E68: none | F68: pure? | G68: none | H68: none | I68: none | J68: 1 | K68: 0 | L68: pure | M68: =IF(AND(W68<0.58,W68>0.2),"F1",IF(W68<0.74,"BC1?",">0.74")) -> >0.74 | N68: 0 | O68: 0 | P68: 0 | Q68: 0 | R68: 0.0043 | S68: 0.2128 | T68: 0.7829 | U68: 0 | V68: 0.995677 | W68: =MAX(N68:R68,U68,V68) -> 0.995677 | X68: IL_MOR_142_MG | Y68: =VLOOKUP(X68,Sheet1!A:B,2,FALSE) -> Quercus macrocarpa Michx. | Z68: Quercus macrocarpa Michx. | AB68: =MAX(N68:R68,U68,V68) -> 0.995677 | AD68: =IF(W68<0.99,LARGE((N68:R68,U68,V68),2),"0") -> 0 | AE68: =IF(AND(AB68<0.99,AD68>0.1),"admixed with",IF(AND(AB68<0.99,AD68>0.01),"trace admixed with ","")) | AH68: =_xlfn.CONCAT("Based on ADMIXTURE results of 78,187 SNPs, ",AE68,AC68) -> Based on ADMIXTURE results of 78,187 SNPs,
A69: 38 | B69: SYST-MOR-0006737 | C69: none | D69: none | E69: none | F69: pure? | G69: none | H69: none | I69: none | J69: 1 | K69: 0 | L69: pure | M69: =IF(AND(W69<0.58,W69>0.2),"F1",IF(W69<0.74,"BC1?",">0.74")) -> >0.74 | N69: 0 | O69: 0 | P69: 0 | Q69: 0 | R69: 0 | S69: 0.1702 | T69: 0.8298 | U69: 0 | V69: 0.99994 | W69: =MAX(N69:R69,U69,V69) -> 0.99994 | X69: IL_MOR_143_MG | Y69: =VLOOKUP(X69,Sheet1!A:B,2,FALSE) -> Quercus macrocarpa Michx. | Z69: Quercus macrocarpa Michx. | AB69: =MAX(N69:R69,U69,V69) -> 0.99994 | AD69: =IF(W69<0.99,LARGE((N69:R69,U69,V69),2),"0") -> 0 | AE69: =IF(AND(AB69<0.99,AD69>0.1),"admixed with",IF(AND(AB69<0.99,AD69>0.01),"trace admixed with ","")) | AH69: =_xlfn.CONCAT("Based on ADMIXTURE results of 78,187 SNPs, ",AE69,AC69) -> Based on ADMIXTURE results of 78,187 SNPs,
A70: 40 | B70: SYST-MOR-0006739 | C70: pure? | D70: none | E70: none | F70: none | G70: none | H70: none | I70: none | J70: 1 | K70: 0 | L70: pure | M70: =IF(AND(W70<0.58,W70>0.2),"F1",IF(W70<0.74,"BC1?",">0.74")) -> >0.74 | N70: 0 | O70: 0 | P70: 0.9999 | Q70: 0 | R70: 0 | S70: 0 | T70: 0 | U70: 0 | V70: 2e-05 | W70: =MAX(N70:R70,U70,V70) -> 0.9999 | X70: IL_MOR_144_MG | Y70: =VLOOKUP(X70,Sheet1!A:B,2,FALSE) -> Quercus alba L. | Z70: Quercus alba L. | AB70: =MAX(N70:R70,U70,V70) -> 0.9999 | AD70: =IF(W70<0.99,LARGE((N70:R70,U70,V70),2),"0") -> 0 | AE70: =IF(AND(AB70<0.99,AD70>0.1),"admixed with",IF(AND(AB70<0.99,AD70>0.01),"trace admixed with ","")) | AH70: =_xlfn.CONCAT("Based on ADMIXTURE results of 78,187 SNPs, ",AE70,AC70) -> Based on ADMIXTURE results of 78,187 SNPs,
... A82: 62 | B82: SYST-MOR-0006761 | C82: none | D82: none | E82: none | F82: pure? | G82: none | H82: none | I82: none | J82: 1 | K82: 0 | L82: pure | M82: =IF(AND(W82<0.58,W82>0.2),"F1",IF(W82<0.74,"BC1?",">0.74")) -> >0.74 | N82: 0 | O82: 0 | P82: 0 | Q82: 0.0041 | R82: 0 | S82: 0.9839 | T82: 0.0119 | U82: 0 | V82: 0.995815 | W82: =MAX(N82:R82,U82,V82) -> 0.995815 | X82: IL_OB_029_All | Y82: =VLOOKUP(X82,Sheet1!A:B,2,FALSE) -> Quercus macrocarpa Michx. | Z82: Quercus macrocarpa Michx. | AB82: =MAX(N82:R82,U82,V82) -> 0.995815 | AD82: =IF(W82<0.99,LARGE((N82:R82,U82,V82),2),"0") -> 0 | AE82: =IF(AND(AB82<0.99,AD82>0.1),"admixed with",IF(AND(AB82<0.99,AD82>0.01),"trace admixed with ","")) | AH82: =_xlfn.CONCAT("Based on ADMIXTURE results of 78,187 SNPs, ",AE82,AC82) -> Based on ADMIXTURE results of 78,187 SNPs,
A83: 63 | B83: SYST-MOR-0006762 | C83: none | D83: hybrid? | E83: none | F83: hybrid? | G83: none | H83: none | I83: none | J83: 0 | K83: 2 | L83: hybrid | M83: =IF(AND(W83<0.58,W83>0.2),"F1",IF(W83<0.74,"BC1?",">0.74")) -> F1 | N83: 0 | O83: 0 | P83: 0 | Q83: 0.5201 | R83: 0 | S83: 0.4798 | T83: 0 | U83: 0 | V83: 0.479859 | W83: =MAX(N83:R83,U83,V83) -> 0.5201 | X83: IL_OB_030_All | Y83: =VLOOKUP(X83,Sheet1!A:B,2,FALSE) -> Quercus lyrata Walt. | Z83: Quercus lyrata x Quercus macrocarpa | AB83: =MAX(N83:R83,U83,V83) -> 0.5201 | AC83: Quercus macrocarpa | AD83: =IF(W83<0.99,LARGE((N83:R83,U83,V83),2),"0") -> 0.479859 | AE83: =IF(AND(AB83<0.99,AD83>0.1,AB83>0.6),"admixed with",IF(AND(AB83<0.99,AD83>0.01,AD83<0.4),"trace admixed with ","")) | AH83: =_xlfn.CONCAT("Based on ADMIXTURE results of 78,187 SNPs, ",AE83,AC83) -> Based on ADMIXTURE results of 78,187 SNPs, Quercus macrocarpa
A84: 481 | B84: SYST-MOR-0007180 | C84: pure? | D84: none | E84: none | F84: none | G84: none | H84: none | I84: none | J84: 1 | K84: 0 | L84: pure | M84: =IF(AND(W84<0.58,W84>0.2),"F1",IF(W84<0.74,"BC1?",">0.74")) -> >0.74 | N84: 0 | O84: 0 | P84: 0.9999 | Q84: 0 | R84: 0 | S84: 0 | T84: 0 | U84: 0 | V84: 2e-05 | W84: =MAX(N84:R84,U84,V84) -> 0.9999 | X84: IL_RCA_460_MG | Y84: =VLOOKUP(X84,Sheet1!A:B,2,FALSE) -> Quercus alba L. | Z84: Quercus alba L. | AB84: =MAX(N84:R84,U84,V84) -> 0.9999 | AD84: =IF(W84<0.99,LARGE((N84:R84,U84,V84),2),"0") -> 0 | AE84: =IF(AND(AB84<0.99,AD84>0.1),"admixed with",IF(AND(AB84<0.99,AD84>0.01),"trace admixed with ","")) | AH84: =_xlfn.CONCAT("Based on ADMIXTURE results of 78,187 SNPs, ",AE84,AC84) -> Based on ADMIXTURE results of 78,187 SNPs,
A85: 482 | B85: SYST-MOR-0007181 | C85: none | D85: none | E85: none | F85: pure? | G85: none | H85: none | I85: none | J85: 1 | K85: 0 | L85: pure | M85: =IF(AND(W85<0.58,W85>0.2),"F1",IF(W85<0.74,"BC1?",">0.74")) -> >0.74 | N85: 0 | O85: 0 | P85: 0 | Q85: 0 | R85: 0 | S85: 0.1812 | T85: 0.8188 | U85: 0 | V85: 0.99994 | W85: =MAX(N85:R85,U85,V85) -> 0.99994 | X85: IL_RCA_461_MG | Y85: =VLOOKUP(X85,Sheet1!A:B,2,FALSE) -> Quercus macrocarpa Michx. | Z85: Quercus macrocarpa Michx. | AB85: =MAX(N85:R85,U85,V85) -> 0.99994 | AD85: =IF(W85<0.99,LARGE((N85:R85,U85,V85),2),"0") -> 0 | AE85: =IF(AND(AB85<0.99,AD85>0.1),"admixed with",IF(AND(AB85<0.99,AD85>0.01),"trace admixed with ","")) | AH85: =_xlfn.CONCAT("Based on ADMIXTURE results of 78,187 SNPs, ",AE85,AC85) -> Based on ADMIXTURE results of 78,187 SNPs,
A86: 483 | B86: SYST-MOR-0007182 | C86: none | D86: pure? | E86: none | F86: none | G86: none | H86: none | I86: none | J86: 1 | K86: 0 | L86: pure | M86: =IF(AND(W86<0.58,W86>0.2),"F1",IF(W86<0.74,"BC1?",">0.74")) -> >0.74 | N86: 0 | O86: 0 | P86: 0 | Q86: 0.9999 | R86: 0 | S86: 0 | T86: 0 | U86: 0 | V86: 2e-05 | W86: =MAX(N86:R86,U86,V86) -> 0.9999 | X86: IL_RCA_462_MG | Y86: =VLOOKUP(X86,Sheet1!A:B,2,FALSE) -> Quercus bicolor Willd. | Z86: Quercus bicolor Willd. | AB86: =MAX(N86:R86,U86,V86) -> 0.9999 | AD86: =IF(W86<0.99,LARGE((N86:R86,U86,V86),2),"0") -> 0 | AE86: =IF(AND(AB86<0.99,AD86>0.1),"admixed with",IF(AND(AB86<0.99,AD86>0.01),"trace admixed with ","")) | AH86: =_xlfn.CONCAT("Based on ADMIXTURE results of 78,187 SNPs, ",AE86,AC86) -> Based on ADMIXTURE results of 78,187 SNPs,
A87: 484 | B87: SYST-MOR-0007183 | C87: none | D87: none | E87: none | F87: pure? | G87: none | H87: none | I87: none | J87: 1 | K87: 0 | L87: pure | M87: =IF(AND(W87<0.58,W87>0.2),"F1",IF(W87<0.74,"BC1?",">0.74")) -> >0.74 | N87: 0 | O87: 0 | P87: 0 | Q87: 0 | R87: 0 | S87: 0.2006 | T87: 0.7993 | U87: 0 | V87: 0.999939 | W87: =MAX(N87:R87,U87,V87) -> 0.999939 | X87: IL_RCA_463_MG | Y87: =VLOOKUP(X87,Sheet1!A:B,2,FALSE) -> Quercus macrocarpa Michx. | Z87: Quercus macrocarpa Michx. | AB87: =MAX(N87:R87,U87,V87) -> 0.999939 | AD87: =IF(W87<0.99,LARGE((N87:R87,U87,V87),2),"0") -> 0 | AE87: =IF(AND(AB87<0.99,AD87>0.1),"admixed with",IF(AND(AB87<0.99,AD87>0.01),"trace admixed with ","")) | AH87: =_xlfn.CONCAT("Based on ADMIXTURE results of 78,187 SNPs, ",AE87,AC87) -> Based on ADMIXTURE results of 78,187 SNPs,
A88: 485 | B88: SYST-MOR-0007184 | C88: pure? | D88: none | E88: none | F88: none | G88: none | H88: none | I88: none | J88: 1 | K88: 0 | L88: pure | M88: =IF(AND(W88<0.58,W88>0.2),"F1",IF(W88<0.74,"BC1?",">0.74")) -> >0.74 | N88: 0 | O88: 0 | P88: 0.9999 | Q88: 0 | R88: 0 | S88: 0 | T88: 0 | U88: 0 | V88: 2e-05 | W88: =MAX(N88:R88,U88,V88) -> 0.9999 | X88: IL_RCA_464_MG | Y88: =VLOOKUP(X88,Sheet1!A:B,2,FALSE) -> Quercus alba L. | Z88: Quercus alba L. | AB88: =MAX(N88:R88,U88,V88) -> 0.9999 | AD88: =IF(W88<0.99,LARGE((N88:R88,U88,V88),2),"0") -> 0 | AE88: =IF(AND(AB88<0.99,AD88>0.1),"admixed with",IF(AND(AB88<0.99,AD88>0.01),"trace admixed with ","")) | AH88: =_xlfn.CONCAT("Based on ADMIXTURE results of 78,187 SNPs, ",AE88,AC88) -> Based on ADMIXTURE results of 78,187 SNPs,
A89: 486 | B89: SYST-MOR-0007185 | C89: none | D89: pure? | E89: none | F89: none | G89: none | H89: none | I89: none | J89: 1 | K89: 0 | L89: pure | M89: =IF(AND(W89<0.58,W89>0.2),"F1",IF(W89<0.74,"BC1?",">0.74")) -> >0.74 | N89: 0 | O89: 0 | P89: 0 | Q89: 0.9999 | R89: 0 | S89: 0 | T89: 0 | U89: 0 | V89: 2e-05 | W89: =MAX(N89:R89,U89,V89) -> 0.9999 | X89: IL_RCA_465_MG | Y89: =VLOOKUP(X89,Sheet1!A:B,2,FALSE) -> Quercus bicolor Willd. | Z89: Quercus bicolor Willd. | AB89: =MAX(N89:R89,U89,V89) -> 0.9999 | AD89: =IF(W89<0.99,LARGE((N89:R89,U89,V89),2),"0") -> 0 | AE89: =IF(AND(AB89<0.99,AD89>0.1),"admixed with",IF(AND(AB89<0.99,AD89>0.01),"trace admixed with ","")) | AH89: =_xlfn.CONCAT("Based on ADMIXTURE results of 78,187 SNPs, ",AE89,AC89) -> Based on ADMIXTURE results of 78,187 SNPs,
A90: 487 | B90: SYST-MOR-0007186 | C90: pure? | D90: none | E90: none | F90: none | G90: none | H90: none | I90: none | J90: 1 | K90: 0 | L90: pure | M90: =IF(AND(W90<0.58,W90>0.2),"F1",IF(W90<0.74,"BC1?",">0.74")) -> >0.74 | N90: 0 | O90: 0 | P90: 0.9999 | Q90: 0 | R90: 0 | S90: 0 | T90: 0 | U90: 0 | V90: 2e-05 | W90: =MAX(N90:R90,U90,V90) -> 0.9999 | X90: IL_RCA_466_MG | Y90: =VLOOKUP(X90,Sheet1!A:B,2,FALSE) -> Quercus alba L. | Z90: Quercus alba L. | AB90: =MAX(N90:R90,U90,V90) -> 0.9999 | AD90: =IF(W90<0.99,LARGE((N90:R90,U90,V90),2),"0") -> 0 | AE90: =IF(AND(AB90<0.99,AD90>0.1),"admixed with",IF(AND(AB90<0.99,AD90>0.01),"trace admixed with ","")) | AH90: =_xlfn.CONCAT("Based on ADMIXTURE results of 78,187 SNPs, ",AE90,AC90) -> Based on ADMIXTURE results of 78,187 SNPs,
A91: 488 | B91: SYST-MOR-0007187 | C91: none | D91: pure? | E91: none | F91: none | G91: none | H91: none | I91: none | J91: 1 | K91: 0 | L91: pure | M91: =IF(AND(W91<0.58,W91>0.2),"F1",IF(W91<0.74,"BC1?",">0.74")) -> >0.74 | N91: 0 | O91: 0 | P91: 0 | Q91: 0.9625 | R91: 0 | S91: 0 | T91: 0.0374 | U91: 0 | V91: 0.037417 | W91: =MAX(N91:R91,U91,V91) -> 0.9625 | X91: IL_RCA_467_MG | Y91: =VLOOKUP(X91,Sheet1!A:B,2,FALSE) -> Quercus bicolor Willd. | Z91: Quercus bicolor Willd. | AB91: =MAX(N91:R91,U91,V91) -> 0.9625 | AD91: =IF(W91<0.99,LARGE((N91:R91,U91,V91),2),"0") -> 0.037417 | AE91: =IF(AND(AB91<0.99,AD91>0.1),"admixed with",IF(AND(AB91<0.99,AD91>0.01),"trace admixed with ","")) -> trace admixed with | AH91: =_xlfn.CONCAT("Based on ADMIXTURE results of 78,187 SNPs, ",AE91,AC91) -> Based on ADMIXTURE results of 78,187 SNPs, trace admixed with
A92: 489 | B92: SYST-MOR-0007188 | C92: none | D92: none | E92: none | F92: pure? | G92: none | H92: none | I92: none | J92: 1 | K92: 0 | L92: pure | M92: =IF(AND(W92<0.58,W92>0.2),"F1",IF(W92<0.74,"BC1?",">0.74")) -> >0.74 | N92: 0 | O92: 0 | P92: 0 | Q92: 0 | R92: 0 | S92: 0.1978 | T92: 0.8021 | U92: 0 | V92: 0.99994 | W92: =MAX(N92:R92,U92,V92) -> 0.99994 | X92: IL_RCA_468_MG | Y92: =VLOOKUP(X92,Sheet1!A:B,2,FALSE) -> Quercus macrocarpa Michx. | Z92: Quercus macrocarpa Michx. | AB92: =MAX(N92:R92,U92,V92) -> 0.99994 | AD92: =IF(W92<0.99,LARGE((N92:R92,U92,V92),2),"0") -> 0 | AE92: =IF(AND(AB92<0.99,AD92>0.1),"admixed with",IF(AND(AB92<0.99,AD92>0.01),"trace admixed with ","")) | AH92: =_xlfn.CONCAT("Based on ADMIXTURE results of 78,187 SNPs, ",AE92,AC92) -> Based on ADMIXTURE results of 78,187 SNPs,
A93: 490 | B93: SYST-MOR-0007189 | C93: pure? | D93: none | E93: none | F93: none | G93: none | H93: none | I93: none | J93: 1 | K93: 0 | L93: pure | M93: =IF(AND(W93<0.58,W93>0.2),"F1",IF(W93<0.74,"BC1?",">0.74")) -> >0.74 | N93: 0 | O93: 0 | P93: 0.9999 | Q93: 0 | R93: 0 | S93: 0 | T93: 0 | U93: 0 | V93: 2e-05 | W93: =MAX(N93:R93,U93,V93) -> 0.9999 | X93: IL_RCA_469_MG | Y93: =VLOOKUP(X93,Sheet1!A:B,2,FALSE) -> Quercus alba L. | Z93: Quercus alba L. | AB93: =MAX(N93:R93,U93,V93) -> 0.9999 | AD93: =IF(W93<0.99,LARGE((N93:R93,U93,V93),2),"0") -> 0 | AE93: =IF(AND(AB93<0.99,AD93>0.1),"admixed with",IF(AND(AB93<0.99,AD93>0.01),"trace admixed with ","")) | AH93: =_xlfn.CONCAT("Based on ADMIXTURE results of 78,187 SNPs, ",AE93,AC93) -> Based on ADMIXTURE results of 78,187 SNPs,
A94: 491 | B94: SYST-MOR-0007190 | C94: none | D94: none | E94: none | F94: pure? | G94: none | H94: none | I94: none | J94: 1 | K94: 0 | L94: pure | M94: =IF(AND(W94<0.58,W94>0.2),"F1",IF(W94<0.74,"BC1?",">0.74")) -> >0.74 | N94: 0 | O94: 0 | P94: 0 | Q94: 0 | R94: 0 | S94: 0.0599 | T94: 0.94 | U94: 0 | V94: 0.99994 | W94: =MAX(N94:R94,U94,V94) -> 0.99994 | X94: IL_RCA_470_MG | Y94: =VLOOKUP(X94,Sheet1!A:B,2,FALSE) -> Quercus macrocarpa Michx. | Z94: Quercus macrocarpa Michx. | AB94: =MAX(N94:R94,U94,V94) -> 0.99994 | AD94: =IF(W94<0.99,LARGE((N94:R94,U94,V94),2),"0") -> 0 | AE94: =IF(AND(AB94<0.99,AD94>0.1),"admixed with",IF(AND(AB94<0.99,AD94>0.01),"trace admixed with ","")) | AH94: =_xlfn.CONCAT("Based on ADMIXTURE results of 78,187 SNPs, ",AE94,AC94) -> Based on ADMIXTURE results of 78,187 SNPs,
A95: 492 | B95: SYST-MOR-0007191 | C95: none | D95: hybrid? | E95: none | F95: hybrid? | G95: none | H95: none | I95: none | J95: 0 | K95: 2 | L95: hybrid | M95: =IF(AND(W95<0.58,W95>0.2),"F1",IF(W95<0.74,"BC1?",">0.74")) -> F1 | N95: 0 | O95: 0 | P95: 0 | Q95: 0.4539 | R95: 0 | S95: 0.0388 | T95: 0.5072 | U95: 0 | V95: 0.546022 | W95: =MAX(N95:R95,U95,V95) -> 0.546022 | X95: IL_RCA_471_MG | Y95: =VLOOKUP(X95,Sheet1!A:B,2,FALSE) -> Quercus bicolor Willd. | Z95: Quercus bicolor x Quercus macrocarpa | AB95: =MAX(N95:R95,U95,V95) -> 0.546022 | AD95: =IF(W95<0.99,LARGE((N95:R95,U95,V95),2),"0") -> 0.4539 | AE95: =IF(AND(AB95<0.99,AD95>0.1,AB95>0.6),"admixed with",IF(AND(AB95<0.99,AD95>0.01,AD95<0.4),"trace admixed with ","")) | AH95: =_xlfn.CONCAT("Based on ADMIXTURE results of 78,187 SNPs, ",AE95,AC95) -> Based on ADMIXTURE results of 78,187 SNPs,
A96: 493 | B96: SYST-MOR-0007192 | C96: pure? | D96: none | E96: none | F96: none | G96: none | H96: none | I96: none | J96: 1 | K96: 0 | L96: pure | M96: =IF(AND(W96<0.58,W96>0.2),"F1",IF(W96<0.74,"BC1?",">0.74")) -> >0.74 | N96: 0 | O96: 0 | P96: 0.9947 | Q96: 0 | R96: 0 | S96: 0.0053 | T96: 0 | U96: 0 | V96: 0.00526 | W96: =MAX(N96:R96,U96,V96) -> 0.9947 | X96: IL_RCA_472_MG | Y96: =VLOOKUP(X96,Sheet1!A:B,2,FALSE) -> Quercus alba L. | Z96: Quercus alba L. | AB96: =MAX(N96:R96,U96,V96) -> 0.9947 | AD96: =IF(W96<0.99,LARGE((N96:R96,U96,V96),2),"0") -> 0 | AE96: =IF(AND(AB96<0.99,AD96>0.1),"admixed with",IF(AND(AB96<0.99,AD96>0.01),"trace admixed with ","")) | AH96: =_xlfn.CONCAT("Based on ADMIXTURE results of 78,187 SNPs, ",AE96,AC96) -> Based on ADMIXTURE results of 78,187 SNPs,
A97: 494 | B97: SYST-MOR-0007193 | C97: none | D97: none | E97: none | F97: pure? | G97: none | H97: none | I97: none | J97: 1 | K97: 0 | L97: pure | M97: =IF(AND(W97<0.58,W97>0.2),"F1",IF(W97<0.74,"BC1?",">0.74")) -> >0.74 | N97: 0 | O97: 0 | P97: 0 | Q97: 0 | R97: 0 | S97: 0.1789 | T97: 0.821 | U97: 0 | V97: 0.99994 | W97: =MAX(N97:R97,U97,V97) -> 0.99994 | X97: IL_RCA_473_MG | Y97: =VLOOKUP(X97,Sheet1!A:B,2,FALSE) -> Quercus macrocarpa Michx. | Z97: Quercus macrocarpa Michx. | AB97: =MAX(N97:R97,U97,V97) -> 0.99994 | AD97: =IF(W97<0.99,LARGE((N97:R97,U97,V97),2),"0") -> 0 | AE97: =IF(AND(AB97<0.99,AD97>0.1),"admixed with",IF(AND(AB97<0.99,AD97>0.01),"trace admixed with ","")) | AH97: =_xlfn.CONCAT("Based on ADMIXTURE results of 78,187 SNPs, ",AE97,AC97) -> Based on ADMIXTURE results of 78,187 SNPs,
A98: 495 | B98: SYST-MOR-0007194 | C98: none | D98: pure? | E98: none | F98: none | G98: none | H98: none | I98: none | J98: 1 | K98: 0 | L98: pure | M98: =IF(AND(W98<0.58,W98>0.2),"F1",IF(W98<0.74,"BC1?",">0.74")) -> >0.74 | N98: 0 | O98: 0 | P98: 0 | Q98: 0.9999 | R98: 0 | S98: 0 | T98: 0 | U98: 0 | V98: 2e-05 | W98: =MAX(N98:R98,U98,V98) -> 0.9999 | X98: IL_RCA_474_MG | Y98: =VLOOKUP(X98,Sheet1!A:B,2,FALSE) -> Quercus bicolor Willd. | Z98: Quercus bicolor Willd. | AB98: =MAX(N98:R98,U98,V98) -> 0.9999 | AD98: =IF(W98<0.99,LARGE((N98:R98,U98,V98),2),"0") -> 0 | AE98: =IF(AND(AB98<0.99,AD98>0.1),"admixed with",IF(AND(AB98<0.99,AD98>0.01),"trace admixed with ","")) | AH98: =_xlfn.CONCAT("Based on ADMIXTURE results of 78,187 SNPs, ",AE98,AC98) -> Based on ADMIXTURE results of 78,187 SNPs,
A99: 520 | B99: SYST-MOR-0007219 | C99: none | D99: none | E99: none | F99: pure? | G99: none | H99: none | I99: none | J99: 1 | K99: 0 | L99: pure | M99: =IF(AND(W99<0.58,W99>0.2),"F1",IF(W99<0.74,"BC1?",">0.74")) -> >0.74 | N99: 0 | O99: 0 | P99: 0 | Q99: 0 | R99: 0 | S99: 0.5841 | T99: 0.4159 | U99: 0 | V99: 0.99994 | W99: =MAX(N99:R99,U99,V99) -> 0.99994 | X99: IN_BLR_499_MG | Y99: =VLOOKUP(X99,Sheet1!A:B,2,FALSE) -> Quercus macrocarpa Michx. | Z99: Quercus macrocarpa Michx. | AB99: =MAX(N99:R99,U99,V99) -> 0.99994 | AD99: =IF(W99<0.99,LARGE((N99:R99,U99,V99),2),"0") -> 0 | AE99: =IF(AND(AB99<0.99,AD99>0.1),"admixed with",IF(AND(AB99<0.99,AD99>0.01),"trace admixed with ","")) | AH99: =_xlfn.CONCAT("Based on ADMIXTURE results of 78,187 SNPs, ",AE99,AC99) -> Based on ADMIXTURE results of 78,187 SNPs,
A100: 521 | B100: SYST-MOR-0007220 | C100: none | D100: none | E100: none | F100: pure? | G100: none | H100: none | I100: none | J100: 1 | K100: 0 | L100: pure | M100: =IF(AND(W100<0.58,W100>0.2),"F1",IF(W100<0.74,"BC1?",">0.74")) -> >0.74 | N100: 0 | O100: 0 | P100: 0 | Q100: 0 | R100: 0 | S100: 0.6913 | T100: 0.3087 | U100: 0 | V100: 0.99994 | W100: =MAX(N100:R100,U100,V100) -> 0.99994 | X100: IN_BLR_500_MG | Y100: =VLOOKUP(X100,Sheet1!A:B,2,FALSE) -> Quercus macrocarpa Michx. | Z100: Quercus macrocarpa Michx. | AB100: =MAX(N100:R100,U100,V100) -> 0.99994 | AD100: =IF(W100<0.99,LARGE((N100:R100,U100,V100),2),"0") -> 0 | AE100: =IF(AND(AB100<0.99,AD100>0.1),"admixed with",IF(AND(AB100<0.99,AD100>0.01),"trace admixed with ","")) | AH100: =_xlfn.CONCAT("Based on ADMIXTURE results of 78,187 SNPs, ",AE100,AC100) -> Based on ADMIXTURE results of 78,187 SNPs,
A101: 529 | B101: SYST-MOR-0007228 | C101: pure? | D101: none | E101: none | F101: none | G101: none | H101: none | I101: none | J101: 1 | K101: 0 | L101: pure | M101: =IF(AND(W101<0.58,W101>0.2),"F1",IF(W101<0.74,"BC1?",">0.74")) -> >0.74 | N101: 0 | O101: 0 | P101: 0.9999 | Q101: 0 | R101: 0 | S101: 0 | T101: 0 | U101: 0 | V101: 2e-05 | W101: =MAX(N101:R101,U101,V101) -> 0.9999 | X101: IN_GRL_508_MG | Y101: =VLOOKUP(X101,Sheet1!A:B,2,FALSE) -> Quercus alba L. | Z101: Quercus alba L. | AB101: =MAX(N101:R101,U101,V101) -> 0.9999 | AD101: =IF(W101<0.99,LARGE((N101:R101,U101,V101),2),"0") -> 0 | AE101: =IF(AND(AB101<0.99,AD101>0.1),"admixed with",IF(AND(AB101<0.99,AD101>0.01),"trace admixed with ","")) | AH101: =_xlfn.CONCAT("Based on ADMIXTURE results of 78,187 SNPs, ",AE101,AC101) -> Based on ADMIXTURE results of 78,187 SNPs,
A102: 530 | B102: SYST-MOR-0007229 | C102: pure? | D102: none | E102: none | F102: none | G102: none | H102: none | I102: none | J102: 1 | K102: 0 | L102: pure | M102: =IF(AND(W102<0.58,W102>0.2),"F1",IF(W102<0.74,"BC1?",">0.74")) -> >0.74 | N102: 0 | O102: 0 | P102: 0.9999 | Q102: 0 | R102: 0 | S102: 0 | T102: 0 | U102: 0 | V102: 2e-05 | W102: =MAX(N102:R102,U102,V102) -> 0.9999 | X102: IN_GRL_509_MG | Y102: =VLOOKUP(X102,Sheet1!A:B,2,FALSE) -> Quercus alba L. | Z102: Quercus alba L. | AB102: =MAX(N102:R102,U102,V102) -> 0.9999 | AD102: =IF(W102<0.99,LARGE((N102:R102,U102,V102),2),"0") -> 0 | AE102: =IF(AND(AB102<0.99,AD102>0.1),"admixed with",IF(AND(AB102<0.99,AD102>0.01),"trace admixed with ","")) | AH102: =_xlfn.CONCAT("Based on ADMIXTURE results of 78,187 SNPs, ",AE102,AC102) -> Based on ADMIXTURE results of 78,187 SNPs,
A103: 531 | B103: SYST-MOR-0007230 | C103: pure? | D103: none | E103: none | F103: none | G103: none | H103: none | I103: none | J103: 1 | K103: 0 | L103: pure | M103: =IF(AND(W103<0.58,W103>0.2),"F1",IF(W103<0.74,"BC1?",">0.74")) -> >0.74 | N103: 0 | O103: 0 | P103: 0.9999 | Q103: 0 | R103: 0 | S103: 0 | T103: 0 | U103: 0 | V103: 2e-05 | W103: =MAX(N103:R103,U103,V103) -> 0.9999 | X103: IN_GRL_510_MG | Y103: =VLOOKUP(X103,Sheet1!A:B,2,FALSE) -> Quercus alba L. | Z103: Quercus alba L. | AB103: =MAX(N103:R103,U103,V103) -> 0.9999 | AD103: =IF(W103<0.99,LARGE((N103:R103,U103,V103),2),"0") -> 0 | AE103: =IF(AND(AB103<0.99,AD103>0.1),"admixed with",IF(AND(AB103<0.99,AD103>0.01),"trace admixed with ","")) | AH103: =_xlfn.CONCAT("Based on ADMIXTURE results of 78,187 SNPs, ",AE103,AC103) -> Based on ADMIXTURE results of 78,187 SNPs,
A104: 532 | B104: SYST-MOR-0007231 | C104: pure? | D104: none | E104: none | F104: none | G104: none | H104: none | I104: none | J104: 1 | K104: 0 | L104: pure | M104: =IF(AND(W104<0.58,W104>0.2),"F1",IF(W104<0.74,"BC1?",">0.74")) -> >0.74 | N104: 0 | O104: 0 | P104: 0.9999 | Q104: 0 | R104: 0 | S104: 0 | T104: 0 | U104: 0 | V104: 2e-05 | W104: =MAX(N104:R104,U104,V104) -> 0.9999 | X104: IN_GRL_511_MG | Y104: =VLOOKUP(X104,Sheet1!A:B,2,FALSE) -> Quercus alba L. | Z104: Quercus alba L. | AB104: =MAX(N104:R104,U104,V104) -> 0.9999 | AD104: =IF(W104<0.99,LARGE((N104:R104,U104,V104),2),"0") -> 0 | AE104: =IF(AND(AB104<0.99,AD104>0.1),"admixed with",IF(AND(AB104<0.99,AD104>0.01),"trace admixed with ","")) | AH104: =_xlfn.CONCAT("Based on ADMIXTURE results of 78,187 SNPs, ",AE104,AC104) -> Based on ADMIXTURE results of 78,187 SNPs,
A105: 533 | B105: SYST-MOR-0007232 | C105: pure? | D105: none | E105: none | F105: none | G105: none | H105: none | I105: none | J105: 1 | K105: 0 | L105: pure | M105: =IF(AND(W105<0.58,W105>0.2),"F1",IF(W105<0.74,"BC1?",">0.74")) -> >0.74 | N105: 0 | O105: 0 | P105: 0.9999 | Q105: 0 | R105: 0 | S105: 0 | T105: 0 | U105: 0 | V105: 2e-05 | W105: =MAX(N105:R105,U105,V105) -> 0.9999 | X105: IN_GRL_512_MG | Y105: =VLOOKUP(X105,Sheet1!A:B,2,FALSE) -> Quercus alba L. | Z105: Quercus alba L. | AB105: =MAX(N105:R105,U105,V105) -> 0.9999 | AD105: =IF(W105<0.99,LARGE((N105:R105,U105,V105),2),"0") -> 0 | AE105: =IF(AND(AB105<0.99,AD105>0.1),"admixed with",IF(AND(AB105<0.99,AD105>0.01),"trace admixed with ","")) | AH105: =_xlfn.CONCAT("Based on ADMIXTURE results of 78,187 SNPs, ",AE105,AC105) -> Based on ADMIXTURE results of 78,187 SNPs,
A106: 534 | B106: SYST-MOR-0007233 | C106: none | D106: none | E106: none | F106: pure? | G106: none | H106: none | I106: none | J106: 1 | K106: 0 | L106: pure | M106: =IF(AND(W106<0.58,W106>0.2),"F1",IF(W106<0.74,"BC1?",">0.74")) -> >0.74 | N106: 0 | O106: 0 | P106: 0 | Q106: 0 | R106: 0 | S106: 0.6873 | T106: 0.3127 | U106: 0 | V106: 0.999938 | W106: =MAX(N106:R106,U106,V106) -> 0.999938 | X106: IN_IUC_513_MG | Y106: =VLOOKUP(X106,Sheet1!A:B,2,FALSE) -> Quercus macrocarpa Michx. | Z106: Quercus macrocarpa Michx. | AB106: =MAX(N106:R106,U106,V106) -> 0.999938 | AD106: =IF(W106<0.99,LARGE((N106:R106,U106,V106),2),"0") -> 0 | AE106: =IF(AND(AB106<0.99,AD106>0.1),"admixed with",IF(AND(AB106<0.99,AD106>0.01),"trace admixed with ","")) | AH106: =_xlfn.CONCAT("Based on ADMIXTURE results of 78,187 SNPs, ",AE106,AC106) -> Based on ADMIXTURE results of 78,187 SNPs,
A107: 522 | B107: SYST-MOR-0007221 | C107: none | D107: none | E107: none | F107: pure? | G107: none | H107: none | I107: none | J107: 1 | K107: 0 | L107: pure | M107: =IF(AND(W107<0.58,W107>0.2),"F1",IF(W107<0.74,"BC1?",">0.74")) -> >0.74 | N107: 0 | O107: 0.004 | P107: 0 | Q107: 0 | R107: 0 | S107: 0.7728 | T107: 0.2231 | U107: 0 | V107: 0.995922 | W107: =MAX(N107:R107,U107,V107) -> 0.995922 | X107: IN_LCP_501_MG | Y107: =VLOOKUP(X107,Sheet1!A:B,2,FALSE) -> Quercus macrocarpa Michx. | Z107: Quercus macrocarpa Michx. | AB107: =MAX(N107:R107,U107,V107) -> 0.995922 | AD107: =IF(W107<0.99,LARGE((N107:R107,U107,V107),2),"0") -> 0 | AE107: =IF(AND(AB107<0.99,AD107>0.1),"admixed with",IF(AND(AB107<0.99,AD107>0.01),"trace admixed with ","")) | AH107: =_xlfn.CONCAT("Based on ADMIXTURE results of 78,187 SNPs, ",AE107,AC107) -> Based on ADMIXTURE results of 78,187 SNPs,
... A136: 518 | B136: SYST-MOR-0007217 | C136: pure? | D136: none | E136: none | F136: none | G136: none | H136: none | I136: none | J136: 1 | K136: 0 | L136: pure | M136: =IF(AND(W136<0.58,W136>0.2),"F1",IF(W136<0.74,"BC1?",">0.74")) -> >0.74 | N136: 0 | O136: 0 | P136: 0.9998 | Q136: 0 | R136: 0 | S136: 0 | T136: 0.0001 | U136: 0 | V136: 0.000148 | W136: =MAX(N136:R136,U136,V136) -> 0.9998 | X136: IN_TYL_497_MG | Y136: =VLOOKUP(X136,Sheet1!A:B,2,FALSE) -> Quercus alba L. | Z136: Quercus alba L. | AB136: =MAX(N136:R136,U136,V136) -> 0.9998 | AD136: =IF(W136<0.99,LARGE((N136:R136,U136,V136),2),"0") -> 0 | AE136: =IF(AND(AB136<0.99,AD136>0.1),"admixed with",IF(AND(AB136<0.99,AD136>0.01),"trace admixed with ","")) | AH136: =_xlfn.CONCAT("Based on ADMIXTURE results of 78,187 SNPs, ",AE136,AC136) -> Based on ADMIXTURE results of 78,187 SNPs,
A137: 519 | B137: SYST-MOR-0007218 | C137: hybrid? | D137: none | E137: none | F137: none | G137: none | H137: hybrid? | I137: none | J137: 0 | K137: 2 | L137: hybrid | M137: =IF(AND(W137<0.58,W137>0.2),"F1",IF(W137<0.74,"BC1?",">0.74")) -> F1 | N137: 0 | O137: 0.4902 | P137: 0.4968 | Q137: 0 | R137: 0 | S137: 0.0108 | T137: 0.0021 | U137: 0 | V137: 0.012902 | W137: =MAX(N137:R137,U137,V137) -> 0.4968 | X137: IN_TYL_498_MG | Y137: =VLOOKUP(X137,Sheet1!A:B,2,FALSE) -> Quercus muehlenbergii Engelm. | Z137: Quercus alba x Quercus muehlenbergii | AB137: =MAX(N137:R137,U137,V137) -> 0.4968 | AD137: =IF(W137<0.99,LARGE((N137:R137,U137,V137),2),"0") -> 0.4902 | AE137: =IF(AND(AB137<0.99,AD137>0.1,AB137>0.6),"admixed with",IF(AND(AB137<0.99,AD137>0.01,AD137<0.4),"trace admixed with ","")) | AH137: =_xlfn.CONCAT("Based on ADMIXTURE results of 78,187 SNPs, ",AE137,AC137) -> Based on ADMIXTURE results of 78,187 SNPs,
A138: 614 | B138: SYST-MOR-0007425 | C138: none | D138: none | E138: none | F138: pure? | G138: none | H138: none | I138: none | J138: 1 | K138: 0 | L138: pure | M138: =IF(AND(W138<0.58,W138>0.2),"F1",IF(W138<0.74,"BC1?",">0.74")) -> >0.74 | N138: 0 | O138: 0 | P138: 0 | Q138: 0 | R138: 0 | S138: 0.0952 | T138: 0.9048 | U138: 0 | V138: 0.99994 | W138: =MAX(N138:R138,U138,V138) -> 0.99994 | X138: IN-MG631 | Y138: =VLOOKUP(X138,Sheet1!A:B,2,FALSE) -> Quercus macrocarpa Michx. | Z138: Quercus macrocarpa Michx. | AB138: =MAX(N138:R138,U138,V138) -> 0.99994 | AD138: =IF(W138<0.99,LARGE((N138:R138,U138,V138),2),"0") -> 0 | AE138: =IF(AND(AB138<0.99,AD138>0.1),"admixed with",IF(AND(AB138<0.99,AD138>0.01),"trace admixed with ","")) | AH138: =_xlfn.CONCAT("Based on ADMIXTURE results of 78,187 SNPs, ",AE138,AC138) -> Based on ADMIXTURE results of 78,187 SNPs,
A139: 615 | B139: SYST-MOR-0007426 | C139: none | D139: none | E139: none | F139: pure? | G139: none | H139: none | I139: none | J139: 1 | K139: 0 | L139: pure | M139: =IF(AND(W139<0.58,W139>0.2),"F1",IF(W139<0.74,"BC1?",">0.74")) -> >0.74 | N139: 0 | O139: 0.0153 | P139: 0 | Q139: 0 | R139: 0.0146 | S139: 0.1577 | T139: 0.8123 | U139: 0 | V139: 0.96998 | W139: =MAX(N139:R139,U139,V139) -> 0.96998 | X139: IN-MG632 | Y139: =VLOOKUP(X139,Sheet1!A:B,2,FALSE) -> Quercus macrocarpa Michx. | Z139: Quercus macrocarpa Michx. | AB139: =MAX(N139:R139,U139,V139) -> 0.96998 | AD139: =IF(W139<0.99,LARGE((N139:R139,U139,V139),2),"0") -> 0.0153 | AE139: =IF(AND(AB139<0.99,AD139>0.1),"admixed with",IF(AND(AB139<0.99,AD139>0.01),"trace admixed with ","")) -> trace admixed with | AH139: =_xlfn.CONCAT("Based on ADMIXTURE results of 78,187 SNPs, ",AE139,AC139) -> Based on ADMIXTURE results of 78,187 SNPs, trace admixed with
A140: 616 | B140: SYST-MOR-0007427 | C140: none | D140: none | E140: none | F140: pure? | G140: none | H140: none | I140: none | J140: 1 | K140: 0 | L140: pure | M140: =IF(AND(W140<0.58,W140>0.2),"F1",IF(W140<0.74,"BC1?",">0.74")) -> >0.74 | N140: 0 | O140: 0 | P140: 0.0084 | Q140: 0 | R140: 0 | S140: 0.1532 | T140: 0.8383 | U140: 0 | V140: 0.991537 | W140: =MAX(N140:R140,U140,V140) -> 0.991537 | X140: IN-MG633 | Y140: =VLOOKUP(X140,Sheet1!A:B,2,FALSE) -> Quercus macrocarpa Michx. | Z140: Quercus macrocarpa Michx. | AB140: =MAX(N140:R140,U140,V140) -> 0.991537 | AD140: =IF(W140<0.99,LARGE((N140:R140,U140,V140),2),"0") -> 0 | AE140: =IF(AND(AB140<0.99,AD140>0.1),"admixed with",IF(AND(AB140<0.99,AD140>0.01),"trace admixed with ","")) | AH140: =_xlfn.CONCAT("Based on ADMIXTURE results of 78,187 SNPs, ",AE140,AC140) -> Based on ADMIXTURE results of 78,187 SNPs,
A141: 617 | B141: SYST-MOR-0007428 | C141: none | D141: none | E141: none | F141: pure? | G141: none | H141: none | I141: none | J141: 1 | K141: 0 | L141: pure | M141: =IF(AND(W141<0.58,W141>0.2),"F1",IF(W141<0.74,"BC1?",">0.74")) -> >0.74 | N141: 0.0045 | O141: 0.0093 | P141: 0 | Q141: 0 | R141: 0.0059 | S141: 0.2396 | T141: 0.7407 | U141: 0 | V141: 0.980312 | W141: =MAX(N141:R141,U141,V141) -> 0.980312 | X141: IN-MG634 | Y141: =VLOOKUP(X141,Sheet1!A:B,2,FALSE) -> Quercus macrocarpa Michx. | Z141: Quercus macrocarpa Michx. | AB141: =MAX(N141:R141,U141,V141) -> 0.980312 | AD141: =IF(W141<0.99,LARGE((N141:R141,U141,V141),2),"0") -> 0.0093 | AE141: =IF(AND(AB141<0.99,AD141>0.1),"admixed with",IF(AND(AB141<0.99,AD141>0.01),"trace admixed with ","")) | AH141: =_xlfn.CONCAT("Based on ADMIXTURE results of 78,187 SNPs, ",AE141,AC141) -> Based on ADMIXTURE results of 78,187 SNPs,
A142: 618 | B142: SYST-MOR-0007429 | C142: none | D142: none | E142: none | F142: pure? | G142: none | H142: none | I142: none | J142: 1 | K142: 0 | L142: pure | M142: =IF(AND(W142<0.58,W142>0.2),"F1",IF(W142<0.74,"BC1?",">0.74")) -> >0.74 | N142: 0 | O142: 0 | P142: 0 | Q142: 0 | R142: 0 | S142: 0.1377 | T142: 0.8622 | U142: 0 | V142: 0.99994 | W142: =MAX(N142:R142,U142,V142) -> 0.99994 | X142: IN-MG635 | Y142: =VLOOKUP(X142,Sheet1!A:B,2,FALSE) -> Quercus macrocarpa Michx. | Z142: Quercus macrocarpa Michx. | AB142: =MAX(N142:R142,U142,V142) -> 0.99994 | AD142: =IF(W142<0.99,LARGE((N142:R142,U142,V142),2),"0") -> 0 | AE142: =IF(AND(AB142<0.99,AD142>0.1),"admixed with",IF(AND(AB142<0.99,AD142>0.01),"trace admixed with ","")) | AH142: =_xlfn.CONCAT("Based on ADMIXTURE results of 78,187 SNPs, ",AE142,AC142) -> Based on ADMIXTURE results of 78,187 SNPs,
A143: 619 | B143: SYST-MOR-0007430 | C143: none | D143: none | E143: none | F143: pure? | G143: none | H143: none | I143: none | J143: 1 | K143: 0 | L143: pure | M143: =IF(AND(W143<0.58,W143>0.2),"F1",IF(W143<0.74,"BC1?",">0.74")) -> >0.74 | N143: 0 | O143: 0 | P143: 0 | Q143: 0 | R143: 0 | S143: 0.1078 | T143: 0.8922 | U143: 0 | V143: 0.99994 | W143: =MAX(N143:R143,U143,V143) -> 0.99994 | X143: IN-MG636 | Y143: =VLOOKUP(X143,Sheet1!A:B,2,FALSE) -> Quercus macrocarpa Michx. | Z143: Quercus macrocarpa Michx. | AB143: =MAX(N143:R143,U143,V143) -> 0.99994 | AD143: =IF(W143<0.99,LARGE((N143:R143,U143,V143),2),"0") -> 0 | AE143: =IF(AND(AB143<0.99,AD143>0.1),"admixed with",IF(AND(AB143<0.99,AD143>0.01),"trace admixed with ","")) | AH143: =_xlfn.CONCAT("Based on ADMIXTURE results of 78,187 SNPs, ",AE143,AC143) -> Based on ADMIXTURE results of 78,187 SNPs,
A144: 620 | B144: SYST-MOR-0007431 | C144: none | D144: none | E144: none | F144: pure? | G144: none | H144: none | I144: none | J144: 1 | K144: 0 | L144: pure | M144: =IF(AND(W144<0.58,W144>0.2),"F1",IF(W144<0.74,"BC1?",">0.74")) -> >0.74 | N144: 0 | O144: 0 | P144: 0 | Q144: 0 | R144: 0 | S144: 0.2195 | T144: 0.7804 | U144: 0 | V144: 0.99994 | W144: =MAX(N144:R144,U144,V144) -> 0.99994 | X144: IN-MG637 | Y144: =VLOOKUP(X144,Sheet1!A:B,2,FALSE) -> Quercus macrocarpa Michx. | Z144: Quercus macrocarpa Michx. | AB144: =MAX(N144:R144,U144,V144) -> 0.99994 | AD144: =IF(W144<0.99,LARGE((N144:R144,U144,V144),2),"0") -> 0 | AE144: =IF(AND(AB144<0.99,AD144>0.1),"admixed with",IF(AND(AB144<0.99,AD144>0.01),"trace admixed with ","")) | AH144: =_xlfn.CONCAT("Based on ADMIXTURE results of 78,187 SNPs, ",AE144,AC144) -> Based on ADMIXTURE results of 78,187 SNPs,
A145: 621 | B145: SYST-MOR-0007432 | C145: none | D145: none | E145: none | F145: pure? | G145: none | H145: none | I145: none | J145: 1 | K145: 0 | L145: pure | M145: =IF(AND(W145<0.58,W145>0.2),"F1",IF(W145<0.74,"BC1?",">0.74")) -> >0.74 | N145: 0 | O145: 0 | P145: 0 | Q145: 0 | R145: 0 | S145: 0.013 | T145: 0.9869 | U145: 0 | V145: 0.999928 | W145: =MAX(N145:R145,U145,V145) -> 0.999928 | X145: IN-MG638 | Y145: =VLOOKUP(X145,Sheet1!A:B,2,FALSE) -> Quercus macrocarpa Michx. | Z145: Quercus macrocarpa Michx. | AB145: =MAX(N145:R145,U145,V145) -> 0.999928 | AD145: =IF(W145<0.99,LARGE((N145:R145,U145,V145),2),"0") -> 0 | AE145: =IF(AND(AB145<0.99,AD145>0.1),"admixed with",IF(AND(AB145<0.99,AD145>0.01),"trace admixed with ","")) | AH145: =_xlfn.CONCAT("Based on ADMIXTURE results of 78,187 SNPs, ",AE145,AC145) -> Based on ADMIXTURE results of 78,187 SNPs,
A146: 622 | B146: SYST-MOR-0007433 | C146: none | D146: none | E146: none | F146: pure? | G146: none | H146: none | I146: none | J146: 1 | K146: 0 | L146: pure | M146: =IF(AND(W146<0.58,W146>0.2),"F1",IF(W146<0.74,"BC1?",">0.74")) -> >0.74 | N146: 0 | O146: 0 | P146: 0 | Q146: 0 | R146: 0 | S146: 0.275 | T146: 0.7249 | U146: 0 | V146: 0.99994 | W146: =MAX(N146:R146,U146,V146) -> 0.99994 | X146: IN-MG639 | Y146: =VLOOKUP(X146,Sheet1!A:B,2,FALSE) -> Quercus macrocarpa Michx. | Z146: Quercus macrocarpa Michx. | AB146: =MAX(N146:R146,U146,V146) -> 0.99994 | AD146: =IF(W146<0.99,LARGE((N146:R146,U146,V146),2),"0") -> 0 | AE146: =IF(AND(AB146<0.99,AD146>0.1),"admixed with",IF(AND(AB146<0.99,AD146>0.01),"trace admixed with ","")) | AH146: =_xlfn.CONCAT("Based on ADMIXTURE results of 78,187 SNPs, ",AE146,AC146) -> Based on ADMIXTURE results of 78,187 SNPs,
A147: 623 | B147: SYST-MOR-0007434 | C147: none | D147: none | E147: none | F147: pure? | G147: none | H147: none | I147: none | J147: 1 | K147: 0 | L147: pure | M147: =IF(AND(W147<0.58,W147>0.2),"F1",IF(W147<0.74,"BC1?",">0.74")) -> >0.74 | N147: 0 | O147: 0 | P147: 0 | Q147: 0.0109 | R147: 0 | S147: 0.1479 | T147: 0.8411 | U147: 0 | V147: 0.989016 | W147: =MAX(N147:R147,U147,V147) -> 0.989016 | X147: IN-MG640 | Y147: =VLOOKUP(X147,Sheet1!A:B,2,FALSE) -> Quercus macrocarpa Michx. | Z147: Quercus macrocarpa Michx. | AB147: =MAX(N147:R147,U147,V147) -> 0.989016 | AD147: =IF(W147<0.99,LARGE((N147:R147,U147,V147),2),"0") -> 0.0109 | AE147: =IF(AND(AB147<0.99,AD147>0.1),"admixed with",IF(AND(AB147<0.99,AD147>0.01),"trace admixed with ","")) -> trace admixed with | AH147: =_xlfn.CONCAT("Based on ADMIXTURE results of 78,187 SNPs, ",AE147,AC147) -> Based on ADMIXTURE results of 78,187 SNPs, trace admixed with
A148: 675 | B148: SYST-MOR-0007486 | C148: none | D148: none | E148: none | F148: pure? | G148: none | H148: none | I148: none | J148: 1 | K148: 0 | L148: pure | M148: =IF(AND(W148<0.58,W148>0.2),"F1",IF(W148<0.74,"BC1?",">0.74")) -> >0.74 | N148: 0 | O148: 0 | P148: 0 | Q148: 0 | R148: 0.0063 | S148: 0 | T148: 0.9936 | U148: 0 | V148: 0.993601 | W148: =MAX(N148:R148,U148,V148) -> 0.993601 | X148: JCB-SD-CSP-1001 | Y148: =VLOOKUP(X148,Sheet1!A:B,2,FALSE) -> Quercus macrocarpa Michx. | Z148: Quercus macrocarpa Michx. | AB148: =MAX(N148:R148,U148,V148) -> 0.993601 | AD148: =IF(W148<0.99,LARGE((N148:R148,U148,V148),2),"0") -> 0 | AE148: =IF(AND(AB148<0.99,AD148>0.1),"admixed with",IF(AND(AB148<0.99,AD148>0.01),"trace admixed with ","")) | AH148: =_xlfn.CONCAT("Based on ADMIXTURE results of 78,187 SNPs, ",AE148,AC148) -> Based on ADMIXTURE results of 78,187 SNPs,
A149: 676 | B149: SYST-MOR-0007487 | C149: none | D149: none | E149: hybrid? | F149: pure? | G149: none | H149: none | I149: none | J149: 1 | K149: 1 | L149: uncertain hybrid | M149: =IF(AND(W149<0.58,W149>0.2),"F1",IF(W149<0.74,"BC1?",">0.74")) -> >0.74 | N149: 0.0008 | O149: 0 | P149: 0 | Q149: 0 | R149: 0.0237 | S149: 0 | T149: 0.9754 | U149: 0 | V149: 0.97542 | W149: =MAX(N149:R149,U149,V149) -> 0.97542 | X149: JCB-SD-CSP-1002 | Y149: =VLOOKUP(X149,Sheet1!A:B,2,FALSE) -> Quercus macrocarpa Michx. | Z149: Quercus macrocarpa Michx. | AB149: =MAX(N149:R149,U149,V149) -> 0.97542 | AC149: Quercus lobata | AD149: =IF(W149<0.99,LARGE((N149:R149,U149,V149),2),"0") -> 0.0237 | AE149: =IF(AND(AB149<0.99,AD149>0.1,AB149>0.6),"admixed with ",IF(AND(AB149<0.99,AD149>0.01,AD149<0.4),"may be trace admixed with ","")) -> may be trace admixed with | AH149: =_xlfn.CONCAT("Based on ADMIXTURE results of 78,187 SNPs, ",AE149,AC149) -> Based on ADMIXTURE results of 78,187 SNPs, may be trace admixed with Quercus lobata
A150: 677 | B150: SYST-MOR-0007488 | C150: none | D150: none | E150: none | F150: pure? | G150: none | H150: none | I150: none | J150: 1 | K150: 0 | L150: pure | M150: =IF(AND(W150<0.58,W150>0.2),"F1",IF(W150<0.74,"BC1?",">0.74")) -> >0.74 | N150: 0 | O150: 0.0029 | P150: 0 | Q150: 0 | R150: 0.0186 | S150: 0.0162 | T150: 0.9622 | U150: 0 | V150: 0.978419 | W150: =MAX(N150:R150,U150,V150) -> 0.978419 | X150: JCB-SD-CSP-1003 | Y150: =VLOOKUP(X150,Sheet1!A:B,2,FALSE) -> Quercus macrocarpa Michx. | Z150: Quercus macrocarpa Michx. | AB150: =MAX(N150:R150,U150,V150) -> 0.978419 | AD150: =IF(W150<0.99,LARGE((N150:R150,U150,V150),2),"0") -> 0.0186 | AE150: =IF(AND(AB150<0.99,AD150>0.1),"admixed with",IF(AND(AB150<0.99,AD150>0.01),"trace admixed with ","")) -> trace admixed with | AH150: =_xlfn.CONCAT("Based on ADMIXTURE results of 78,187 SNPs, ",AE150,AC150) -> Based on ADMIXTURE results of 78,187 SNPs, trace admixed with
A151: 678 | B151: SYST-MOR-0007489 | C151: none | D151: none | E151: hybrid? | F151: pure? | G151: none | H151: none | I151: none | J151: 1 | K151: 1 | L151: uncertain hybrid | M151: =IF(AND(W151<0.58,W151>0.2),"F1",IF(W151<0.74,"BC1?",">0.74")) -> >0.74 | N151: 0 | O151: 0 | P151: 0 | Q151: 0 | R151: 0.0301 | S151: 0 | T151: 0.9698 | U151: 0 | V151: 0.96982 | W151: =MAX(N151:R151,U151,V151) -> 0.96982 | X151: JCB-SD-CSP-1004 | Y151: =VLOOKUP(X151,Sheet1!A:B,2,FALSE) -> Quercus macrocarpa Michx. | Z151: Quercus macrocarpa Michx. | AB151: =MAX(N151:R151,U151,V151) -> 0.96982 | AC151: Quercus lobata | AD151: =IF(W151<0.99,LARGE((N151:R151,U151,V151),2),"0") -> 0.0301 | AE151: =IF(AND(AB151<0.99,AD151>0.1,AB151>0.6),"admixed with ",IF(AND(AB151<0.99,AD151>0.01,AD151<0.4),"may be trace admixed with ","")) -> may be trace admixed with | AH151: =_xlfn.CONCAT("Based on ADMIXTURE results of 78,187 SNPs, ",AE151,AC151) -> Based on ADMIXTURE results of 78,187 SNPs, may be trace admixed with Quercus lobata
A152: 679 | B152: SYST-MOR-0007490 | C152: none | D152: none | E152: none | F152: pure? | G152: none | H152: none | I152: none | J152: 1 | K152: 0 | L152: pure | M152: =IF(AND(W152<0.58,W152>0.2),"F1",IF(W152<0.74,"BC1?",">0.74")) -> >0.74 | N152: 0 | O152: 0.0034 | P152: 0.0001 | Q152: 0.0076 | R152: 0.0155 | S152: 0.0124 | T152: 0.961 | U152: 0 | V152: 0.973401 | W152: =MAX(N152:R152,U152,V152) -> 0.973401 | X152: JCB-SD-CSP-1005 | Y152: =VLOOKUP(X152,Sheet1!A:B,2,FALSE) -> Quercus macrocarpa Michx. | Z152: Quercus macrocarpa Michx. | AB152: =MAX(N152:R152,U152,V152) -> 0.973401 | AD152: =IF(W152<0.99,LARGE((N152:R152,U152,V152),2),"0") -> 0.0155 | AE152: =IF(AND(AB152<0.99,AD152>0.1),"admixed with",IF(AND(AB152<0.99,AD152>0.01),"trace admixed with ","")) -> trace admixed with | AH152: =_xlfn.CONCAT("Based on ADMIXTURE results of 78,187 SNPs, ",AE152,AC152) -> Based on ADMIXTURE results of 78,187 SNPs, trace admixed with
A153: 680 | B153: SYST-MOR-0007491 | C153: none | D153: none | E153: none | F153: pure? | G153: none | H153: none | I153: none | J153: 1 | K153: 0 | L153: pure | M153: =IF(AND(W153<0.58,W153>0.2),"F1",IF(W153<0.74,"BC1?",">0.74")) -> >0.74 | N153: 0 | O153: 0 | P153: 0 | Q153: 0 | R153: 0 | S153: 0 | T153: 0.9999 | U153: 0 | V153: 0.99994 | W153: =MAX(N153:R153,U153,V153) -> 0.99994 | X153: JCB-SD-CSP-1006 | Y153: =VLOOKUP(X153,Sheet1!A:B,2,FALSE) -> Quercus macrocarpa Michx. | Z153: Quercus macrocarpa Michx. | AB153: =MAX(N153:R153,U153,V153) -> 0.99994 | AD153: =IF(W153<0.99,LARGE((N153:R153,U153,V153),2),"0") -> 0 | AE153: =IF(AND(AB153<0.99,AD153>0.1),"admixed with",IF(AND(AB153<0.99,AD153>0.01),"trace admixed with ","")) | AH153: =_xlfn.CONCAT("Based on ADMIXTURE results of 78,187 SNPs, ",AE153,AC153) -> Based on ADMIXTURE results of 78,187 SNPs,
A154: 681 | B154: SYST-MOR-0007492 | C154: none | D154: none | E154: none | F154: pure? | G154: none | H154: none | I154: none | J154: 1 | K154: 0 | L154: pure | M154: =IF(AND(W154<0.58,W154>0.2),"F1",IF(W154<0.74,"BC1?",">0.74")) -> >0.74 | N154: 0 | O154: 0 | P154: 0.0006 | Q154: 0.0088 | R154: 0.0229 | S154: 0 | T154: 0.9676 | U154: 0 | V154: 0.967595 | W154: =MAX(N154:R154,U154,V154) -> 0.967595 | X154: JCB-SD-CSP-1007 | Y154: =VLOOKUP(X154,Sheet1!A:B,2,FALSE) -> Quercus macrocarpa Michx. | Z154: Quercus macrocarpa Michx. | AB154: =MAX(N154:R154,U154,V154) -> 0.967595 | AD154: =IF(W154<0.99,LARGE((N154:R154,U154,V154),2),"0") -> 0.0229 | AE154: =IF(AND(AB154<0.99,AD154>0.1),"admixed with",IF(AND(AB154<0.99,AD154>0.01),"trace admixed with ","")) -> trace admixed with | AH154: =_xlfn.CONCAT("Based on ADMIXTURE results of 78,187 SNPs, ",AE154,AC154) -> Based on ADMIXTURE results of 78,187 SNPs, trace admixed with
A155: 682 | B155: SYST-MOR-0007493 | C155: none | D155: none | E155: none | F155: pure? | G155: none | H155: none | I155: none | J155: 1 | K155: 0 | L155: pure | M155: =IF(AND(W155<0.58,W155>0.2),"F1",IF(W155<0.74,"BC1?",">0.74")) -> >0.74 | N155: 0 | O155: 0.0071 | P155: 0 | Q155: 0 | R155: 0 | S155: 0 | T155: 0.9929 | U155: 0 | V155: 0.992865 | W155: =MAX(N155:R155,U155,V155) -> 0.992865 | X155: JCB-SD-CSP-1008 | Y155: =VLOOKUP(X155,Sheet1!A:B,2,FALSE) -> Quercus macrocarpa Michx. | Z155: Quercus macrocarpa Michx. | AB155: =MAX(N155:R155,U155,V155) -> 0.992865 | AD155: =IF(W155<0.99,LARGE((N155:R155,U155,V155),2),"0") -> 0 | AE155: =IF(AND(AB155<0.99,AD155>0.1),"admixed with",IF(AND(AB155<0.99,AD155>0.01),"trace admixed with ","")) | AH155: =_xlfn.CONCAT("Based on ADMIXTURE results of 78,187 SNPs, ",AE155,AC155) -> Based on ADMIXTURE results of 78,187 SNPs,
A156: 683 | B156: SYST-MOR-0007494 | C156: none | D156: none | E156: hybrid? | F156: pure? | G156: none | H156: none | I156: none | J156: 1 | K156: 1 | L156: uncertain hybrid | M156: =IF(AND(W156<0.58,W156>0.2),"F1",IF(W156<0.74,"BC1?",">0.74")) -> >0.74 | N156: 0 | O156: 0 | P156: 0 | Q156: 0 | R156: 0.0236 | S156: 0 | T156: 0.9763 | U156: 0 | V156: 0.976324 | W156: =MAX(N156:R156,U156,V156) -> 0.976324 | X156: JCB-SD-CSP-1009 | Y156: =VLOOKUP(X156,Sheet1!A:B,2,FALSE) -> Quercus macrocarpa Michx. | Z156: Quercus macrocarpa Michx. | AB156: =MAX(N156:R156,U156,V156) -> 0.976324 | AC156: Quercus lobata | AD156: =IF(W156<0.99,LARGE((N156:R156,U156,V156),2),"0") -> 0.0236 | AE156: =IF(AND(AB156<0.99,AD156>0.1,AB156>0.6),"admixed with ",IF(AND(AB156<0.99,AD156>0.01,AD156<0.4),"may be trace admixed with ","")) -> may be trace admixed with | AH156: =_xlfn.CONCAT("Based on ADMIXTURE results of 78,187 SNPs, ",AE156,AC156) -> Based on ADMIXTURE results of 78,187 SNPs, may be trace admixed with Quercus lobata
A157: 685 | B157: SYST-MOR-0007496 | C157: none | D157: none | E157: none | F157: hybrid? | G157: none | H157: none | I157: none | J157: 0 | K157: 1 | L157: uncertain pure | M157: =IF(AND(W157<0.58,W157>0.2),"F1",IF(W157<0.74,"BC1?",">0.74")) -> >0.74 | N157: 0 | O157: 0.0067 | P157: 0 | Q157: 0 | R157: 0.0343 | S157: 0 | T157: 0.9509 | U157: 0.0081 | V157: 0.950877 | W157: =MAX(N157:R157,U157,V157) -> 0.950877 | X157: JCB-SD-SPF-1011 | Y157: =VLOOKUP(X157,Sheet1!A:B,2,FALSE) -> Quercus macrocarpa Michx. | Z157: Quercus macrocarpa Michx. | AB157: =MAX(N157:R157,U157,V157) -> 0.950877 | AC157: Quercus lobata | AD157: =IF(W157<0.99,LARGE((N157:R157,U157,V157),2),"0") -> 0.0343 | AE157: =IF(AND(AB157<0.99,AD157>0.1,AB157>0.6),"admixed with ",IF(AND(AB157<0.99,AD157>0.01,AD157<0.4),"trace admixed with ","")) -> trace admixed with | AH157: =_xlfn.CONCAT("Based on ADMIXTURE results of 78,187 SNPs, ",AE157,AC157) -> Based on ADMIXTURE results of 78,187 SNPs, trace admixed with Quercus lobata
A158: 686 | B158: SYST-MOR-0007497 | C158: none | D158: none | E158: hybrid? | F158: hybrid? | G158: none | H158: none | I158: none | J158: 0 | K158: 2 | L158: hybrid | M158: =IF(AND(W158<0.58,W158>0.2),"F1",IF(W158<0.74,"BC1?",">0.74")) -> >0.74 | N158: 0.0138 | O158: 0 | P158: 0.0012 | Q158: 0 | R158: 0.0299 | S158: 0 | T158: 0.9551 | U158: 0 | V158: 0.955063 | W158: =MAX(N158:R158,U158,V158) -> 0.955063 | X158: JCB-SD-SPF-1012 | Y158: =VLOOKUP(X158,Sheet1!A:B,2,FALSE) -> Quercus macrocarpa Michx. | Z158: Quercus macrocarpa Michx. | AB158: =MAX(N158:R158,U158,V158) -> 0.955063 | AC158: Quercus lobata | AD158: =IF(W158<0.99,LARGE((N158:R158,U158,V158),2),"0") -> 0.0299 | AE158: =IF(AND(AB158<0.99,AD158>0.1,AB158>0.6),"admixed with ",IF(AND(AB158<0.99,AD158>0.01,AD158<0.4),"trace admixed (Q<0.10) with ","")) -> trace admixed (Q<0.10) with | AH158: =_xlfn.CONCAT("Based on ADMIXTURE results of 78,187 SNPs, ",AE158,AC158) -> Based on ADMIXTURE results of 78,187 SNPs, trace admixed (Q<0.10) with Quercus lobata
A159: 687 | B159: SYST-MOR-0007498 | C159: none | D159: none | E159: hybrid? | F159: hybrid? | G159: none | H159: none | I159: none | J159: 0 | K159: 2 | L159: hybrid | M159: =IF(AND(W159<0.58,W159>0.2),"F1",IF(W159<0.74,"BC1?",">0.74")) -> >0.74 | N159: 0.0015 | O159: 0.0071 | P159: 0 | Q159: 0 | R159: 0.117 | S159: 0 | T159: 0.8743 | U159: 0 | V159: 0.874338 | W159: =MAX(N159:R159,U159,V159) -> 0.874338 | X159: JCB-SD-SPF-1013 | Y159: =VLOOKUP(X159,Sheet1!A:B,2,FALSE) -> Quercus macrocarpa Michx. | Z159: Quercus macrocarpa Michx. | AB159: =MAX(N159:R159,U159,V159) -> 0.874338 | AC159: Quercus lobata | AD159: =IF(W159<0.99,LARGE((N159:R159,U159,V159),2),"0") -> 0.117 | AE159: =IF(AND(AB159<0.99,AD159>0.1,AB159>0.6),"admixed with ",IF(AND(AB159<0.99,AD159>0.01,AD159<0.4),"trace admixed (Q<0.10) with ","")) -> admixed with | AH159: =_xlfn.CONCAT("Based on ADMIXTURE results of 78,187 SNPs, ",AE159,AC159) -> Based on ADMIXTURE results of 78,187 SNPs, admixed with Quercus lobata
...

Sheet Sheet2
A1: genomeID | B1: Parent2
A2: Quercus prinoides Willd. | B2: Quercus macrocarpa
A3: Quercus prinoides Willd. | B3: Quercus macrocarpa
A4: Quercus prinoides Willd. | B4: Quercus macrocarpa
A5: Quercus prinoides Willd. | B5: Quercus macrocarpa
A6: Quercus macrocarpa Michx. | B6: Quercus muehlenbergii
A7: Quercus alba L. | B7: Quercus lobata
A8: Quercus macrocarpa Michx. | B8: Quercus lobata
A9: Quercus macrocarpa Michx. | B9: Quercus bicolor
A10: Quercus macrocarpa Michx. | B10: Quercus lobata
A11: Quercus margaretiae Ashe ex Small | B11: other oaks
A12: Quercus macrocarpa Michx. | B12: Quercus lobata
... A47: Quercus macrocarpa Michx. | B47: Quercus lobata

Sheet Sheet3
A1: genomeID | B1: Parent1 | C1: P1% | D1: Parent2 | E1: P2%
A2: Quercus macrocarpa Michx. | C2: 0.662507 | D2: Quercus bicolor | E2: 0.3374 | F2: =C2+E2 -> 0.999907
A3: Quercus macrocarpa Michx. | C3: 0.685731 | D3: Quercus bicolor | E3: 0.3142 | F3: =C3+E3 -> 0.999931
A4: Quercus bicolor Willd. | C4: 0.6945 | D4: Quercus macrocarpa | E4: 0.305473 | F4: =C4+E4 -> 0.999973
A5: Quercus bicolor Willd. | C5: 0.7059 | D5: Quercus alba | E5: 0.258 | F5: =C5+E5 -> 0.9639
A6: Quercus bicolor Willd. | C6: 0.7741 | D6: Quercus macrocarpa | E6: 0.225856 | F6: =C6+E6 -> 0.999956
A7: Quercus macrocarpa Michx. | C7: 0.775548 | D7: Quercus bicolor | E7: 0.2172 | F7: =C7+E7 -> 0.992748
A8: Quercus bicolor Willd. | C8: 0.801 | D8: Quercus macrocarpa | E8: 0.198956 | F8: =C8+E8 -> 0.999956
A9: Quercus macrocarpa Michx. | C9: 0.686284 | D9: Quercus muehlenbergii | E9: 0.1902 | F9: =C9+E9 -> 0.876484
A10: Quercus macrocarpa Michx. | C10: 0.817401 | D10: Quercus bicolor | E10: 0.1825 | F10: =C10+E10 -> 0.999901
A11: Quercus macrocarpa Michx. | C11: 0.679678 | D11: Quercus alba | E11: 0.1723 | F11: =C11+E11 -> 0.851978
A12: Quercus macrocarpa Michx. | C12: 0.823615 | D12: Quercus alba | E12: 0.1571 | F12: =C12+E12 -> 0.980715
A13: Quercus macrocarpa Michx. | C13: 0.848248 | D13: Quercus alba | E13: 0.1517 | F13: =C13+E13 -> 0.999948
... A47: Quercus macrocarpa Michx. | C47: 0.955063 | D47: Quercus lobata | E47: 0.0299 | F47: =C47+E47 -> 0.984963

Sheet Sheet1
A1: collectionNumber | B1: GenomicVoucherID_USE_THIS
A2: AR_BRP_409_MG | B2: Quercus lyrata Walt.
A3: AR_BRP_410_MG | B3: Quercus macrocarpa Michx.
A4: AR_BRP_411_MG | B4: Quercus stellata Wangenh.
A5: AR_BRP_412_MG | B5: Quercus macrocarpa Michx.
A6: AR_BRP_413_MG | B6: Quercus stellata Wangenh.
A7: AR_BRP_414_MG | B7: Quercus lyrata Walt.
A8: AR_BRP_415_MG | B8: Quercus alba L.
A9: AR_BRP_416_MG | B9: Quercus stellata Wangenh.
A10: AR_BRP_417_MG | B10: Quercus macrocarpa Michx.
A11: AR_BRP_418_MG | B11: Quercus lyrata Walt.
A12: AR_BRP_419_MG | B12: Quercus stellata Wangenh.
... A694: WI-MG541 | B694: Quercus macrocarpa Michx.
B695: Quercus lobata Nee.
B696: Quercus lobata Nee.
B697: Quercus lobata Nee.
B698: Quercus lobata Nee.
B699: Quercus lobata Nee.
B700: Quercus lobata Nee.
B701: Quercus lobata Nee.
B702: Quercus lobata Nee.
B703: Quercus lobata Nee.
B704: Quercus lobata Nee.
B705: Quercus lobata Nee.
B706: Quercus lobata Nee.
... B721: Quercus lobata Nee.
