Workbook

Sheet meta_pops_state
A1: state/provIndIowanace | B1: substate | C1: site | D1: collectionNumber | F1: Pop
A2: Arkansas | B2: Pulaski | C2: Burns Park, Little Rock | D2: AR | E2: BRP | F2: =_xlfn.CONCAT(D2,"_",E2) -> AR_BRP
A3: Iowa | B3: Story | C3: Brookside Park | D3: IA | E3: BSP | F3: =_xlfn.CONCAT(D3,"_",E3) -> IA_BSP
A4: Iowa | B4: Linn | C4: Cherokee Park | D4: IA | E4: CHP | F4: =_xlfn.CONCAT(D4,"_",E4) -> IA_CHP
A5: Iowa | B5: Van Buren | C5: Lindsay Wilderness | D5: IA | E5: LNW | F5: =_xlfn.CONCAT(D5,"_",E5) -> IA_LNW
A6: Illinois | B6: Douglas | C6: Chickenbristle | D6: IL | E6: CHB | F6: =_xlfn.CONCAT(D6,"_",E6) -> IL_CHB
A7: Illinois | B7: Johnson | C7: Heron Pond - Little Black Slough Nature Preserve | D7: IL | E7: HP | F7: =_xlfn.CONCAT(D7,"_",E7) -> IL_HP
A8: Illinois | B8: DuPage | C8: The Morton Arboretum | D8: IL | E8: MOR | F8: =_xlfn.CONCAT(D8,"_",E8) -> IL_MOR
A9: Illinois | B9: Jackson | C9: Oakwood Bottoms, Shawnee National Forest | D9: IL | E9: OB | F9: =_xlfn.CONCAT(D9,"_",E9) -> IL_OB
A10: Illinois | B10: Lake | C10: Ryerson Conservation Area | D10: IL | E10: RCA | F10: =_xlfn.CONCAT(D10,"_",E10) -> IL_RCA
A11: Indiana | B11: Monroe | C11: Bayles Road Research and Teaching Preserve | D11: IN | E11: BLR | F11: =_xlfn.CONCAT(D11,"_",E11) -> IN_BLR
A12: Indiana | B12: Monroe | C12: Griffy Lake Research and Teaching Preserve | D12: IN | E12: GRL | F12: =_xlfn.CONCAT(D12,"_",E12) -> IN_GRL
A13: Indiana | B13: Monroe | C13: Indiana University Campus | D13: IN | E13: IUC | F13: =_xlfn.CONCAT(D13,"_",E13) -> IN_IUC
... A32: Massachusetts | B32: Berkshire | C32: Schenob Brook Fen | D32: MA | E32: SBF | F32: =_xlfn.CONCAT(D32,"_",E32) -> MA_SBF
A33: Manitoba | C33: Whiteshell Provincial Park | D33: MB | E33: WPP | F33: =_xlfn.CONCAT(D33,"_",E33) -> MB_WPP
A34: Manitoba | C34: Spruce Woods Provincial Park | D34: MB | E34: SWP | F34: =_xlfn.CONCAT(D34,"_",E34) -> MB_SWP
A35: Manitoba | C35: Assiniboine Forest, near parking lot/entrance to trail | D35: MB | E35: ASF | F35: =_xlfn.CONCAT(D35,"_",E35) -> MB_ASF
A36: Oklahoma | B36: Caddo | C36: Red Rock Canyon Adventure Park | D36: OK | E36: RRC | F36: =_xlfn.CONCAT(D36,"_",E36) -> OK_RRC
A37: Michigan | B37: Ingham | C37: Lake Lansing Park | D37: MI | E37: LLP | F37: =_xlfn.CONCAT(D37,"_",E37) -> MI_LLP
A38: Michigan | B38: Washtenaw | C38: Pinckney Recreation Area | D38: MI | E38: PRA | F38: =_xlfn.CONCAT(D38,"_",E38) -> MI_PRA
A39: Michigan | B39: Bay | C39: Pinconning Park, Campground | D39: MI | E39: PCP | F39: =_xlfn.CONCAT(D39,"_",E39) -> MI_PCP
A40: Kansas | B40: Russell | C40: Minooka Park Recreation Area | D40: KS | E40: MPR | F40: =_xlfn.CONCAT(D40,"_",E40) -> KS_MPR
A41: Minnesota | B41: Anoka | C41: Cedar Creek Research Station | D41: MN | E41: CDR | F41: =_xlfn.CONCAT(D41,"_",E41) -> MN_CDR
A42: Minnesota | B42: Winona | C42: Prairie Moon Nursery | D42: MN | E42: PMN | F42: =_xlfn.CONCAT(D42,"_",E42) -> MN_PMN
A43: Minnesota | B43: Le Sueur | C43: Ottawa Bluffs | D43: MN | E43: OTB | F43: =_xlfn.CONCAT(D43,"_",E43) -> MN_OTB
A44: Missouri | B44: Mississipi | C44: Big Oak Tree State Park | D44: MO | E44: BOT | F44: =_xlfn.CONCAT(D44,"_",E44) -> MO_BOT
A45: Missouri | B45: St. Louis | C45: Castlewood State Park | D45: MO | E45: CSW | F45: =_xlfn.CONCAT(D45,"_",E45) -> MO_CSW
A46: Missouri | B46: Camden | C46: Ha Ha Tonka State Park | D46: MO | E46: HHT | F46: =_xlfn.CONCAT(D46,"_",E46) -> MO_HHT
A47: Missouri | B47: Barton | C47: Prairie State Park | D47: MO | E47: PSP | F47: =_xlfn.CONCAT(D47,"_",E47) -> MO_PSP
... A72: Wisconsin | B72: Sawyer | C72: Round Lake, Chequamegon-Nicolet National Forest | D72: WI | E72: RLF | F72: =_xlfn.CONCAT(D72,"_",E72) -> WI_RLF

Sheet SpeciesPerPop
A1: Pop
A2: AR_BRP
A3: IA_BSP
A4: IA_CHP
A5: IA_LNW
A6: IL_CHB
A7: IL_HP
A8: IL_MOR
A9: IL_OB
A10: IL_RCA
A11: IN_BLR
A12: IN_GRL
... A72: WI_RLF

Sheet Sheet2
A1: Notes
A2: 45775 | B2: Realized that MN Ottawa bluffs and MN Quarry Park Area were both under OTB. Changed Quarry Park Area to QPA

Sheet Sheet3
A1: specimen_id | B1: _record_id | C1: _title | D1: _server_updated_at | E1: _updated_by | F1: _geometry | G1: _latitude | H1: _longitude | I1: putative_species | J1: state | K1: site_name | L1: site_code | M1: tag_id | N1: collector_initials | O1: specimen_id | P1: date | Q1: dbh | R1: height | S1: reproductive_status | T1: presence_of_galls | U1: tally_of_woody_stems_ | V1: other_associated_plant_species | W1: habitat_description | X1: herbarium_specimens_collected | Y1: leaf_samples_collected | Z1: soil_samples_collected | AA1: root_samples_collected | AB1: leaf_and_reproductive_structure_photos | AC1: gall_photos | AD1: whole_tree_photos | AE1: stem_or_bark_photos | AF1: soil_sample_vegetation_photos | AG1: surrounding_tree_photos | AH1: collectorss | AI1: collector_number | AJ1: notes | AK1: verified_species_id | AL1: verified_by | AM1: date_verified | AN1: det_notes | AO1: seconddate | AP1: tree_tag_number
A2: UT_RBC_1_IP | B2: 93fbcc5a-26f0-463c-a82c-6208321f93b4 | C2: Quercus gambelii | D2: 2024-11-20 22:32:12 UTC | E2: FAB ACE | F2: SRID=4326;POINT(-111.8224849 40.7700262) | G2: 40.770026 | H2: -111.82248 | I2: Quercus gambelii | J2: UT | K2: Red Butte Canyon | L2: RBC | M2: 1 | N2: IP | O2: UT_RBC_1_IP | P2: 45543 | Q2: 10 | V2: mostly Q. gambelii | W2: Q. gambelii patch in oak scrubland/savannah near arboretum | X2: yes | Y2: yes | Z2: no | AA2: no | AH2: "Ian Pearse, Marion Pearse, Soren Pearse, Asa Pearse, Jill Baty" | AI2: 269 | AJ2: GPS approximate; Soren's tree
A3: UT_RBC_4_IP | B3: f9c19e6c-943a-4510-ba68-347ab0b9780b | C3: Quercus gambelii | D3: 2024-11-20 22:32:02 UTC | E3: FAB ACE | F3: SRID=4326;POINT(-111.824162 40.76877907) | G3: 40.768779 | H3: -111.82416 | I3: Quercus gambelii | J3: UT | K3: Red Butte Canyon | L3: RBC | M3: 4 | N3: IP | O3: UT_RBC_4_IP | P3: 45543 | Q3: 7 | V3: mostly Q. gambelii | W3: Q. gambelii patch in oak scrubland/savannah near arboretum | X3: yes | Y3: yes | Z3: no | AA3: no | AH3: "Ian Pearse, Marion Pearse, Soren Pearse, Ava Pearse, Jill Baty" | AI3: 272 | AJ3: GPS approximate; Ian's tree
A4: UT_RBC_2_IP | B4: 0bc594a8-299f-4ad3-860c-ea8ae739be69 | C4: Quercus gambelii | D4: 2024-11-20 22:31:53 UTC | E4: FAB ACE | F4: SRID=4326;POINT(-111.822713 40.769849) | G4: 40.769849 | H4: -111.82271 | I4: Quercus gambelii | J4: UT | K4: Red Butte Canyon | L4: RBC | M4: 2 | N4: IP | O4: UT_RBC_2_IP | P4: 45543 | Q4: 14 | V4: mostly Q. gambelii | W4: Q. gambelii patch in oak scrubland/savannah near arboretum | X4: yes | Y4: yes | Z4: no | AA4: no | AH4: "Ian Pearse, Marion Pearse, Soren Pearse, Asa Pearse, Jill Baty" | AI4: 270 | AJ4: GPS approximate; Jill's tree
A5: UT_RBC_3_IP | B5: cf7bc6ab-89e1-49a5-b2f0-0ed70006654e | C5: Quercus gambelii | D5: 2024-11-20 22:31:41 UTC | E5: FAB ACE | F5: SRID=4326;POINT(-111.8233167 40.76940281) | G5: 40.769403 | H5: -111.82332 | I5: Quercus gambelii | J5: UT | K5: Red Butte Canyon | L5: RBC | M5: 3 | N5: IP | O5: UT_RBC_3_IP | P5: 45543 | Q5: 10 | V5: mostly Q. gambelii | W5: Q. gambelii patch in oak scrubland/savannah near arboretum | X5: yes | Y5: yes | Z5: no | AA5: no | AH5: "Ian Pearse, Marion Pearse, Soren Pearse, Asa Pearse, Jill Baty" | AI5: 271 | AJ5: GPS approximate; Asa's tree
A6: UT_RBC_5_IP | B6: 2261ace5-8ee5-4de4-b652-e32b28df236d | C6: Quercus gambelii | D6: 2024-11-20 22:31:22 UTC | E6: FAB ACE | F6: SRID=4326;POINT(-111.82476 40.7682612) | G6: 40.768261 | H6: -111.82476 | I6: Quercus gambelii | J6: UT | K6: Red Butte Canyon | L6: RBC | M6: 5 | N6: IP | O6: UT_RBC_5_IP | P6: 45543 | Q6: 10 | V6: mostly Q. gambelii | W6: Q. gambelii patch in oak scrubland/savannah near arboretum | X6: yes | Y6: yes | Z6: no | AA6: no | AH6: "Ian Pearse, Marion Pearse, Soren Pearse, Asa Pearse, Jill Baty" | AI6: 273 | AJ6: GPS approximate; Marion's tree
A7: CA_DC_1_LJ | B7: 113b3681-69e0-40d0-a5e5-7e72a794c780 | C7: Quercus garryana var. semota | D7: 2024-11-20 22:31:08 UTC | E7: FAB ACE | F7: SRID=4326;POINT(-121.60261 40.15967) | G7: 40.15967 | H7: -121.60261 | I7: Quercus garryana var. semota | J7: CA | K7: Deer Creek | L7: DC | M7: 1 | N7: LJ | O7: CA_DC_1_LJ | P7: 45571 | Q7: 10 | R7: 4 | U7: Quercus garryana var. breweri | V7: Pinus ponderosa, Pseudotsuga menziensii, Quercus kelloggii, Calocedrus decurrens. Shrubs within 10 m: Cercocarpus betuloides, Cercis occidentalis, Toxicodendron diversilobum, Quercus garryana var. breweri, Philadelphus lewisii, ┬┐Prunus cf. subcordata? | W7: Oak woodland denoted by Brewer Oak surrounded by mixed conifer forest. Substrate: volcanic (andesitic ash flow?) elevation: 1028 m | X7: yes | Y7: yes | Z7: no | AA7: no | AG7: e54bb977-0482-464d-9379-79c246e9c0ae,e811182a-eaf6-406b-a8fb-862e6907d621,cee31da0-52fe-4097-b204-99841f291580 | AH7: Lawrence Janeway | AI7: 15103-1 | AJ7: Locality: High Cascade Range. Slope above Road 27N08 (road from Hwy 32 across Deer Creek toward Onion Butte), 2.3 road-km east of the major hairpin turn where road starts dropping into the canyon. WGS84
A8: CA_DC_4_LJ | B8: 9d4c01ac-87f1-4595-b740-fb8133797ad4 | C8: Quercus garryana var. semota | D8: 2024-11-20 22:30:56 UTC | E8: FAB ACE | F8: SRID=4326;POINT(-121.60216 40.15929) | G8: 40.15929 | H8: -121.60216 | I8: Quercus garryana var. semota | J8: CA | K8: Deer Creek | L8: DC | M8: 4 | N8: LJ | O8: CA_DC_4_LJ | P8: 45571 | Q8: 12 | R8: 4 | U8: Quercus garryana var. breweri, sapling of Calocedrus decurrens | V8: Pinus ponderosa, Pseudotsuga menziensii, Quercus kelloggii, Calocedrus decurrens; shrubs: Cercocarpus betuloides, Prunus cf. subcordata?, Cercis occidentalis | W8: Steep east-northeast facing slope of shrubby (mountain mahogany, Brewer oak, redbud), grassy openings, and rock outcrops, surrounded by mixed conifer forest (Ponderosa pine, Douglas-fir, black oak, incense cedar). Substrate: volcanic (andesitic ash flow?) Elevation: 1018 m | X8: yes | Y8: yes | Z8: no | AA8: no | AG8: e8080bdd-1ce0-45bd-9a0a-5341e4a20f09,2d55f0aa-6978-4ac0-afb0-dbbc46d86599,ac8fd2c8-efc8-4814-898d-2aa1d7b0f131 | AH8: Lawrence P. Janeway | AI8: 15103-4 | AJ8: Locality: High Cascade Range. Slope above Road 27N08 (road from Hwy 32 across Deer Creek toward Onion Butte), 2.3 road-km east of the major hairpin turn where road starts dropping into the canyon. WGS84
A9: CA_DC_3_LJ | B9: b6ec0991-ce5b-4ca3-abea-16b5f43eae79 | C9: Quercus garryana var. semota | D9: 2024-11-20 22:30:47 UTC | E9: FAB ACE | F9: SRID=4326;POINT(-121.60221 40.15947) | G9: 40.15947 | H9: -121.60221 | I9: Quercus garryana var. semota | J9: CA | K9: Deer Creek | L9: DC | M9: 3 | N9: LJ | O9: CA_DC_3_LJ | P9: 45571 | Q9: 10 | R9: 3.5 | U9: Quercus garryana var. breweri, Quercus chrysolepis, small Pseudotsuga menziesii | V9: Pinus ponderosa, Pseudotsuga menziensii, Quercus kelloggii, Calocedrus decurrens; shrubs: Cercocarpus betuloides, Cercis occidentalis | W9: Steep east-northeast facing slope of shrubby (mountain mahogany, Brewer oak, redbud), grassy openings, and rock outcrops, surrounded by mixed conifer forest (Ponderosa pine, Douglas-fir, black oak, incense cedar). Substrate: volcanic (andesitic ash flow?) Elevation: 1007 m | X9: yes | Y9: yes | Z9: n/a | AA9: no | AD9: bfd73288-699b-481b-83cd-8f4e87329e45 | AG9: de4ac3ab-0a7f-4a8a-9c4a-428bba154b5b,306f73c9-647f-471c-848c-2f78eed19a58,04f2e21d-6f97-4e68-97d5-98b4f5da436e | AH9: Lawrence P. Janeway | AI9: 15103-3 | AJ9: Locality: High Cascade Range. Slope above Road 27N08 (road from Hwy 32 across Deer Creek toward Onion Butte), 2.3 road-km east of the major hairpin turn where road starts dropping into the canyon. WGS84
A10: CA_DC_5_LJ | B10: b8039ee4-57c6-45a5-bc32-71e667411c06 | C10: Quercus garryana var. semota | D10: 2024-11-20 22:30:37 UTC | E10: FAB ACE | F10: SRID=4326;POINT(-121.6022 40.15957) | G10: 40.15957 | H10: -121.6022 | I10: Quercus garryana var. semota | J10: CA | K10: Deer Creek | L10: DC | M10: 5 | N10: LJ | O10: CA_DC_5_LJ | P10: 45571 | Q10: 12 | R10: 5 | U10: Quercus garryana var. breweri | V10: Pinus ponderosa, Pseudotsuga menziensii, Quercus kelloggii, Calocedrus decurrens; shrubs: Cercocarpus betuloides, Quercus garryana var. breweri, Prunus cf. subcordata?, Cercis occidentalis, Philadelphus lewisii | W10: Steep east-northeast facing slope of shrubby (mountain mahogany, Brewer oak, redbud), grassy openings, and rock outcrops, surrounded by mixed conifer forest (Ponderosa pine, Douglas-fir, black oak, incense cedar). Substrate: volcanic (andesitic ash flow?) Elevation: 1012 m | X10: yes | Y10: yes | Z10: no | AA10: no | AD10: 60ef7461-955d-4826-821e-686092cfcfc4 | AG10: 66c2f4c8-dd8e-4e7b-a930-a7d959651f1b,14307c5c-105a-47f3-bea6-17657e699565,b2de26de-8955-4dde-b93a-467a9da83f79 | AH10: Lawrence P. Janeway | AI10: 15103-5 | AJ10: Closest samples to the dusty road - leaves dusty; Locality: High Cascade Range. Slope above Road 27N08 (road from Hwy 32 across Deer Creek toward Onion Butte), 2.3 road-km east of the major hairpin turn where road starts dropping into the canyon. WGS84
A11: CA_RH_2_LJ | B11: 7aca9f1d-7790-43a0-9e57-189c31377359 | C11: Quercus garryana var. breweri | D11: 2024-11-20 22:30:27 UTC | E11: FAB ACE | F11: SRID=4326;POINT(-121.15902 40.04045) | G11: 40.04045 | H11: -121.15902 | I11: Quercus garryana var. breweri | J11: CA | K11: Red Hill | L11: RH | M11: 2 | N11: LJ | O11: CA_RH_2_LJ | P11: 45571 | R11: 2 | U11: Only burned remains | V11: Pseudotsuga menziensii, Pinus lambertiana, Pinus jeffreyi, Calocedrus decurrens; shrubs:Garrya fremontii, Ceanothus integerrimus, Quercus garryana var. breweri, Ceanothus arcuatus | W11: Southeast-facing slope of rocky red soil serpentine; very open forest of Douglas-fir, sugar pine, Jeffrey pine, incense cedar. Elevation: 1606 | X11: yes | Y11: yes | Z11: no | AA11: no | AD11: cdc67724-762d-4eb3-aca9-dfcdc455db68 | AG11: 25a8895f-0adc-4926-a09d-acd1e8291b43,f6fff36a-5c9b-4efa-b326-56644a2b4b39,9745bec7-6e24-4bf3-9546-a73d893f6619,ca744652-df17-435a-aa4c-1409ab9494f3 | AH11: Lawrence P. Janeway | AI11: 15104-2 | AJ11: Multi-stemmed shrub, leaves and voucher all from one stem; Locality: Northern High Sierra Nevada. Along Road 26N22F (to top of Red Hill) 2.4 road-km from Deadwood Saddle; 2.6 air-km east of the summit of Red Hill. WGS84
A12: CA_RH_1_LJ | B12: c4c8fd72-c625-4b48-a20f-e3f90e7ab2cb | C12: Quercus garryana var. breweri | D12: 2024-11-20 22:30:16 UTC | E12: FAB ACE | F12: SRID=4326;POINT(-121.15899 40.04064) | G12: 40.04064 | H12: -121.15899 | I12: Quercus garryana var. breweri | J12: CA | K12: Red Hill | L12: RH | M12: 1 | N12: LJ | O12: CA_RH_1_LJ | P12: 45571 | R12: 2 | U12: Pinus jeffreyi and fire-kills, plus seedlings of Pinus jeffreyi anjd Calocedrus decurrens | V12: Pseudotsuga menziensii, Pinus lambertiana, Pinus jeffreyi, Calocedrus decurrens; shrubs:Ceanothus arcuatus, Quercus garryana var. breweri, Garrya fremontii, Ceanothus integerrimus, Ribes roezlii | W12: Southeast-facing slope of rocky red soil serpentine; very open forest of Douglas-fir, sugar pine, Jeffrey pine, incense cedar. Elevation 1611 m | X12: yes | Y12: yes | Z12: no | AA12: no | AD12: e430e0cf-945d-4514-a84e-03d481d290a3,09b334ca-e4f4-404c-a565-21c58e568110 | AG12: c87030dd-aed8-4239-b736-eac51620414b,fb9fd2eb-e2da-4a73-8669-9061d6357212,108eb5e0-9d97-4a34-9c14-a184f0c13f55,832b1c23-6d17-44c7-8f3a-b9ac30eef672 | AH12: Lawrence P. Janeway | AI12: 15104-1 | AJ12: Mostly one main stem and some longer branching from base. Probably same size before fire but stump sprouted now. Locality: Northern High Sierra Nevada. Along Road 26N22F (to top of Red Hill) 2.4 road-km from Deadwood Saddle; 2.6 air-km east of the summit of Red Hill. WGS84
A13: CA_RH_3_LJ | B13: 4e28465b-ca0c-4098-86ff-2e7c29972647 | C13: Quercus garryana var. breweri | D13: 2024-11-20 22:29:53 UTC | E13: FAB ACE | F13: SRID=4326;POINT(-121.15919 40.04031) | G13: 40.04031 | H13: -121.15919 | I13: Quercus garryana var. breweri | J13: CA | K13: Red Hill | L13: RH | M13: 3 | N13: LJ | O13: CA_RH_3_LJ | P13: 45571 | U13: Calocedrus decurrens, Pinus jeffreyi, Pseudotsuga menziensii including saplings | V13: Pseudotsuga menziensii, Pinus lambertiana, Pinus jeffreyi, Calocedrus decurrens; shrubs: Ceanothus integerrimus, Ceanothus arcuatus, Quercus garryana var. breweri, Arctostaphylos viscida, Garrya fremontii | W13: Southeast-facing slope of rocky red soil serpentine; very open forest of Douglas-fir, sugar pine, Jeffrey pine, incense cedar. Elevation: 1616 m | X13: yes | Y13: yes | Z13: no | AA13: no | AG13: a08b5636-eab6-4d7a-b58a-359a852d87ff,898a7136-1ce6-421d-aff9-ee6af74244d0,8496f69f-3728-4869-9a86-131e73c8f86f,84e59a8c-d31d-45e8-b11f-adc1de5b313c | AH13: Lawrence P. Janeway | AI13: 15104-3 | AJ13: Shrub with multiple branches, especially from base. All samples and voucher from one stem. Locality: Northern High Sierra Nevada. Along Road 26N22F (to top of Red Hill) 2.4 road-km from Deadwood Saddle; 2.6 air-km east of the summit of Red Hill. WGS84
A14: CA_RH_4_LJ | B14: 667a581d-90fb-441f-9f9f-bb6e00a8797d | C14: Quercus garryana var. breweri | D14: 2024-11-20 22:29:44 UTC | E14: FAB ACE | F14: SRID=4326;POINT(-121.15841 40.0403) | G14: 40.0403 | H14: -121.15841 | I14: Quercus garryana var. breweri | J14: CA | K14: Red Hill | L14: RH | M14: 4 | N14: LJ | O14: CA_RH_4_LJ | P14: 45571 | Q14: 3 | R14: 1 | V14: Pseudotsuga menziensii, Pinus lambertiana, Pinus jeffreyi, Calocedrus decurrens; shrubs: Quercus garryana var. breweri, Ceanothus integerrimus, Garrya fremontii, Ceanothus arcuatus | W14: Southeast-facing slope of rocky red soil serpentine; very open forest of Douglas-fir, sugar pine, Jeffrey pine, incense cedar. Elevation: 1599 m | X14: yes | Y14: yes | Z14: no | AA14: no | AG14: 35e65f81-30ea-4d52-a266-3cdc881e8f7b,b59b6864-8509-4a3c-8728-452ac077affa,39767878-1419-4c83-b19f-cff9d7098676,7978d2ca-b0e9-4d3b-9531-4565c019a7d9 | AH14: Lawrence P. Janeway | AI14: 15104-4 | AJ14: Locality: Northern High Sierra Nevada. Along Road 26N22F (to top of Red Hill) 2.4 road-km from Deadwood Saddle; 2.6 air-km east of the summit of Red Hill. WGS84
A15: CA_RH_5_LJ | B15: 0cad1ff6-02a4-4b36-9f41-9d2dc115dc7e | C15: Quercus garryana var. breweri | D15: 2024-11-20 22:29:35 UTC | E15: FAB ACE | F15: SRID=4326;POINT(-121.15865 40.04015) | G15: 40.04015 | H15: -121.15865 | I15: Quercus garryana var. breweri | J15: CA | K15: Red Hill | L15: RH | M15: 5 | N15: LJ | O15: CA_RH_5_LJ | P15: 45571 | Q15: 4 | R15: 3 | U15: remnant conifer boles | V15: Pseudotsuga menziensii, Pinus lambertiana, Pinus jeffreyi, Calocedrus decurrens; shrubs: Quercus garryana var. breweri, Ceanothus integerrimus, Garrya fremontii, Ceanothus arcuatus | W15: Southeast-facing slope of rocky red soil serpentine; very open forest of Douglas-fir, sugar pine, Jeffrey pine, incense cedar. Elevation: 1596 m | X15: yes | Y15: yes | Z15: no | AA15: no | AG15: f9850a3a-6a41-4b65-ae41-0fb27a8dd4e5,3f2d377d-b8a7-4fe2-82bc-a89e48552c7e,9719ed05-2916-4832-8820-050959a18aa0,200d5d0e-3207-4f1f-88df-12d544aebefb | AH15: Lawrence P. Janeway | AI15: 15104-5 | AJ15: 3 main stems, leaves and voucher from one stem. Locality: Northern High Sierra Nevada. Along Road 26N22F (to top of Red Hill) 2.4 road-km from Deadwood Saddle; 2.6 air-km east of the summit of Red Hill. WGS84
A16: CA_WW_2_LJ | B16: 05db1107-c132-4a01-bbda-bbfee6529faf | C16: Quercus garryana var. semota | D16: 2024-11-20 22:29:25 UTC | E16: FAB ACE | F16: SRID=4326;POINT(-123.00089 40.40159) | G16: 40.40159 | H16: -123.00089 | I16: Quercus garryana var. semota | J16: CA | K16: Wildwood | L16: WW | M16: 2 | N16: LJ | O16: CA_WW_2_LJ | P16: 45572 | Q16: 9 | R16: 4.5 | U16: Quercus garryana var. breweri, Quercus wislizeni var. frutescens | V16: shrubs: Cercocarpus betuloides, few low Quercus garryana var. breweri, Ceanothus arcuatus | W16: Small open southwest-sloping serpentine outcrop, but the shrubby areas are on the adjacent non-serpentine metamorphic substrate; shallow gravelly soil; surrounded by mixed conifer forest. Elevation: 1356 m | X16: yes | Y16: yes | Z16: no | AA16: no | AG16: 4a80cd46-8a76-4f14-95f9-00305c3a9be7,63fb593a-c60a-4f97-8c58-b5099096a49d,f3c7e9d4-f317-4679-89e6-6d8b4faef81e | AH16: Lawrence P. Janeway | AI16: 15105-2 | AJ16: A few Quercus garryana var. breweri appear stressed; Either end of summer drought stress or early fall cool nights stress. Locality: Klamath Ranges. Along Road 30N15 0.1 km northwest of Road 30N01; 4.9 air-km east of Wildwood. WGS84
A17: CA_WW_1_LJ | B17: de70a4e3-c3bf-48f8-865c-76def134ebef | C17: Quercus garryana var. semota | D17: 2024-11-20 22:29:14 UTC | E17: FAB ACE | F17: SRID=4326;POINT(-123.00067 40.40157) | G17: 40.40157 | H17: -123.00067 | I17: Quercus garryana var. semota | J17: CA | K17: Wildwood | L17: WW | M17: 1 | N17: LJ | O17: CA_WW_1_LJ | P17: 45572 | R17: 1 | U17: small Quercus garryana var. breweri | V17: shrubs: Cercocarpus betuloides, Quercus garryana var. breweri | W17: Small open southwest-sloping serpentine outcrop, but the shrubby areas are on the adjacent non-serpentine metamorphic substrate; shallow gravelly soil; surrounded by mixed conifer forest. Elevation: 1364 m | X17: yes | Y17: yes | Z17: no | AA17: no | AD17: c37ab8eb-ddc2-474a-8886-353637807f63,3e4cc372-9ff9-46f9-8c3e-4788415ff00f | AG17: a8fc8f96-f1af-4f96-ac76-137511496280,07858777-203a-4f5a-a0d3-b5a9d0213e6a,b80fcd0a-b979-4658-83c1-8d856165a263 | AH17: Lawrence P. Janeway | AI17: 15105-1 | AJ17: Common multi-branched low shrubs. Leaves and voucher from one stem. Locality: Klamath Ranges. Along Road 30N15 0.1 km northwest of Road 30N01; 4.9 air-km east of Wildwood. WGS84
A18: CA_WW_3_LJ | B18: 1ca352b8-b8f4-4509-9dbf-5d5e0ec8b0ff | C18: Quercus garryana var. semota | D18: 2024-11-20 22:29:05 UTC | E18: FAB ACE | F18: SRID=4326;POINT(-123.00063 40.40097) | G18: 40.40097 | H18: -123.00063 | I18: Quercus garryana var. semota | J18: CA | K18: Wildwood | L18: WW | M18: 3 | N18: LJ | O18: CA_WW_3_LJ | P18: 45572 | Q18: 1 | R18: 23 | U18: Quercus wislizeni var. frutescens | V18: shrubs: Ceanothus arcuatus, Cercocarpus betuloides, Quercus garryana var. breweri | W18: Small open southwest-sloping serpentine outcrop, but the shrubby areas are on the adjacent non-serpentine metamorphic substrate; shallow gravelly soil; surrounded by mixed conifer forest. Elevation: 1353 m | X18: yes | Y18: yes | Z18: no | AA18: no | AG18: edc9537f-c304-4289-895a-96ef388a0366,86cae053-96d5-4621-a1c3-2b7c0c6e5e2f,3e65a541-ff38-47f6-afeb-9c5d32a59578 | AH18: Lawrence P. Janeway | AI18: 15105-3 | AJ18: Locality: Klamath Ranges. Along Road 30N15 0.1 km northwest of Road 30N01; 4.9 air-km east of Wildwood. WGS84
A19: CA_WW_4_LJ | B19: af332df9-5640-4792-bf50-2c220c4fe327 | C19: Quercus garryana var. semota | D19: 2024-11-20 22:28:53 UTC | E19: FAB ACE | F19: SRID=4326;POINT(-123.00058 40.40084) | G19: 40.40084 | H19: -123.00058 | I19: Quercus garryana var. semota | J19: CA | K19: Wildwood | L19: WW | M19: 4 | N19: LJ | O19: CA_WW_4_LJ | P19: 45572 | R19: 1 | V19: shrubs: Quercus garryana var. breweri, Cercocarpus betuloides, Ceanothus arcuatus, Quercus wislizeni var. frutescens | W19: Small open southwest-sloping serpentine outcrop, but the shrubby areas are on the adjacent non-serpentine metamorphic substrate; shallow gravelly soil; surrounded by mixed conifer forest. Elevation: 1343 m | X19: yes | Y19: yes | Z19: no | AA19: no | AG19: 41861dde-aa4f-420b-a838-821afc4e6665,285d977f-bf4a-44b9-b892-4e0fed764ad2,f2ceb207-e5fa-46cb-9c7b-a3c5ce424fb4 | AH19: Lawrence P. Janeway | AI19: 15105-4 | AJ19: Common multi-branched low shrub. Leaves and voucher from one stem. Locality: Klamath Ranges. Along Road 30N15 0.1 km northwest of Road 30N01; 4.9 air-km east of Wildwood. WGS84
A20: CA_WW_5_LJ | B20: 40d655aa-c7cc-45a8-b7fe-3810ca7ff848 | C20: Quercus garryana var. semota | D20: 2024-11-20 22:28:43 UTC | E20: FAB ACE | F20: SRID=4326;POINT(-123.00037 40.40076) | G20: 40.40076 | H20: -123.00037 | I20: Quercus garryana var. semota | J20: CA | K20: Wildwood | L20: WW | M20: 5 | N20: LJ | O20: CA_WW_5_LJ | P20: 45572 | Q20: 10 | R20: 4 | U20: Quercus garryana var. breweri | V20: shrubs: Quercus garryana var. breweri, Cercocarpus betuloides, Ceanothus arcuatus | W20: Small open southwest-sloping serpentine outcrop, but the shrubby areas are on the adjacent non-serpentine metamorphic substrate; shallow gravelly soil; surrounded by mixed conifer forest. Elevation: 1354 m | X20: yes | Y20: yes | Z20: no | AA20: no | AG20: 20f0f1f3-8d01-4902-8acb-10abc3637c74,1dbfc3d5-e510-4e02-a682-754f5319d593,3f95a6f5-0823-4264-b39a-4f3e90f8bc97 | AH20: Lawrence P. Janeway | AI20: 15105-5 | AJ20: Locality: Klamath Ranges. Along Road 30N15 0.1 km northwest of Road 30N01; 4.9 air-km east of Wildwood. WGS84
A21: CA_BR_1_LJ | B21: 108cb359-3b6d-435d-86eb-fc877ecbbb18 | C21: Quercus garryana var. breweri | D21: 2024-11-20 22:28:17 UTC | E21: FAB ACE | F21: SRID=4326;POINT(-122.94738 39.90052) | G21: 39.90052 | H21: -122.94738 | I21: Quercus garryana var. breweri | J21: CA | K21: Buck Rock | L21: BR | M21: 1 | N21: LJ | O21: CA_BR_1_LJ | P21: 45573 | Q21: -2 | R21: 1.5 | U21: Abies concolor, small Calocedrus decurrens | V21: Abies concolor, Ponderosa pine, Calocedrus decurrens, occasional Pinus lambertiana; shrubs: Quercus garryana var. breweri, Amelanchier utahensis, Ceanothus cordulatus, Prunus emarginata | W21: Open gravelly ridgeline in white fir dominated mixed conifer forest (white fir, Ponderosa pine, incense cedar, occasional sugar pine). Elevation: 1898 m | X21: yes | Y21: yes | Z21: no | AA21: no | AD21: b9530cfe-6894-43da-8982-c7ffceedd1fd | AG21: 587e05a6-5b86-41d8-8439-84ca8f4f4ff3,44d31edf-7c06-4177-887c-a8cc406204f8,813811a2-882f-488f-a8f9-95b249e98ca0,73581397-daa7-4c7b-a92a-0af01ee850d7,51cff253-3447-483b-bde0-da9904de2e08,9721e408-f2bd-4928-a6c6-155e62514cef | AH21: Lawrence P. Janeway | AI21: 15108-1 | AJ21: Locality: High North Coast Ranges. Along ┬▒ open ridgeline 0.6 mi south of Buck Rock. WGS84
A22: CA_BR_2_LJ | B22: 0692a142-172d-4f61-83de-99cbff73644a | C22: Quercus garryana var. breweri | D22: 2024-11-20 22:28:07 UTC | E22: FAB ACE | F22: SRID=4326;POINT(-122.94776 39.90083) | G22: 39.90083 | H22: -122.94776 | I22: Quercus garryana var. breweri | J22: CA | K22: Buck Rock | L22: BR | M22: 2 | N22: LJ | O22: CA_BR_2_LJ | P22: 45573 | R22: 0.8 | V22: Abies concolor, Ponderosa pine, Calocedrus decurrens, occasional Pinus lambertiana. shrubs: Quercus garryana var. breweri, Sambucus mexicana var. cerulea, Ceanothus cordulatus, Prunus emarginata, Ribes roezlii, Rubus leucodermis, Arctostaphylos canescens | W22: Open gravelly ridgeline in white fir dominated mixed conifer forest (white fir, Ponderosa pine, incense cedar, occasional sugar pine). Elevation: 1913 m | X22: yes | Y22: yes | Z22: no | AA22: no | AG22: e935f345-8c2b-469c-b607-240b41e43eee,506b7ae6-12f2-434c-8c14-cb0b88f64afe,c074a3ad-eed9-469f-a3e5-b038605f609f,a3a1231f-4308-478e-831b-258dffe1a595,248533fa-82a6-4f56-9934-562f043d9614,60f5cf65-a2d9-4901-a0a9-5513d6e3b68a | AH22: Lawrence P. Janeway | AI22: 15108-2 | AJ22: Multi-stemmed shrub ranges in height 5-8 dm tall. Leaves and voucher from one stem. Locality: High North Coast Ranges. Along ┬▒ open ridgeline 0.6 mi south of Buck Rock. WGS84
A23: CA_BR_3_LJ | B23: b3383061-fdf9-447d-88f7-833e8c357c2c | C23: Quercus garryana var. breweri | D23: 2024-11-20 22:27:55 UTC | E23: FAB ACE | F23: SRID=4326;POINT(-122.94785 39.9005) | G23: 39.9005 | H23: -122.94785 | I23: Quercus garryana var. breweri | J23: CA | K23: Buck Rock | L23: BR | M23: 3 | N23: LJ | O23: CA_BR_3_LJ | P23: 45573 | R23: 1.2 | U23: Abies concolor, sapling Calocedrus decurrens | V23: Abies concolor, Ponderosa pine, Calocedrus decurrens, occasional Pinus lambertiana. shrubs: Symphoricarpos mollis, Quercus garryana var. breweri | W23: Open gravelly ridgeline in white fir dominated mixed conifer forest (white fir, Ponderosa pine, incense cedar, occasional sugar pine). Elevation: 1902 m | X23: yes | Y23: yes | Z23: no | AA23: no | AG23: 35597068-d931-44e5-92a2-1b1f7287a49c,6a2dcbea-cf86-4d56-8320-872b3044e70a,1b0939d1-100a-4846-b03e-9489edd83406,49110acf-b0a9-4870-9df8-5669b5b5cec2,1c6d265b-b074-4273-8e22-7a74bbd5c37d,93e25765-2ecc-46e9-89b6-e23232814e93 | AH23: Lawrence P. Janeway | AI23: 15108-3 | AJ23: Spreading shrub(s) 5-12 dm tall, some branches erect and some decumbent. Locality: High North Coast Ranges. Along ┬▒ open ridgeline 0.6 mi south of Buck Rock. WGS84
A24: CA_BR_4_LJ | B24: 6ac17752-5685-4ac6-abcd-fff71640c49d | C24: Quercus garryana var. breweri | D24: 2024-11-20 22:27:45 UTC | E24: FAB ACE | F24: SRID=4326;POINT(-122.94768 39.90017) | G24: 39.90017 | H24: -122.94768 | I24: Quercus garryana var. breweri | J24: CA | K24: Buck Rock | L24: BR | M24: 4 | N24: LJ | O24: CA_BR_4_LJ | P24: 45573 | R24: 1.8 | V24: Abies concolor, Ponderosa pine, Calocedrus decurrens, occasional Pinus lambertiana. Quercus garryana var. breweri, Prunus emarginata, Ceanothus cordulatus, Amelanchier utahensis | W24: Open gravelly ridgeline in white fir dominated mixed conifer forest (white fir, Ponderosa pine, incense cedar, occasional sugar pine). Elevation: 1896 m | X24: yes | Y24: yes | Z24: no | AA24: no | AG24: 81efe386-3a60-4789-a472-c508a2358573,3adfc2d5-2606-4bd7-88cc-bbfdacd97e43,d889673e-072a-4fe8-8912-4404019a085c,204d7600-e2d8-499d-838b-8a8246b65ec1,23b12f87-315c-45c5-a9aa-376528772ac2,b98b2c48-1460-45b9-a551-f7f7bb6b76fb | AH24: Lawrence P. Janeway | AI24: 15108-4 | AJ24: Sprawling shrub(s) 0.6-1.8 m tall. Locality: High North Coast Ranges. Along ┬▒ open ridgeline 0.6 mi south of Buck Rock. WGS84
A25: CA_BR_5_LJ | B25: a11c646c-aaed-4dda-8f71-316b88aa337e | C25: Quercus garryana var. breweri | D25: 2024-11-20 22:27:35 UTC | E25: FAB ACE | F25: SRID=4326;POINT(-122.948 39.89991) | G25: 39.89991 | H25: -122.948 | I25: Quercus garryana var. breweri | J25: CA | K25: Buck Rock | L25: BR | M25: 5 | N25: LJ | O25: CA_BR_5_LJ | P25: 45573 | R25: 1.5 | U25: Calocedrus decurrens, Abies concolor | V25: Abies concolor, Ponderosa pine, Calocedrus decurrens, occasional Pinus lambertiana. shrubs: Quercus garryana var. breweri, Ceanothus cordulatus | W25: Open gravelly ridgeline in white fir dominated mixed conifer forest (white fir, Ponderosa pine, incense cedar, occasional sugar pine). Elevation: 1902 | X25: yes | Y25: yes | Z25: no | AA25: no | AD25: 3f821919-bdb0-4fcc-8274-2338aa6622c6,2695322d-d52a-4de0-aec5-2e84723e61de | AG25: 0ab9965f-b0e6-4784-9a24-7b5e50c979ef,c7980a90-1051-4bab-8893-4057b3f27af6,fd27a1cd-4eb2-49a3-89db-62d38292bffc,8c2d700b-b282-4202-a898-69cc73d7c825,6a6b4cb7-eced-48da-ac91-68467dd12a77,acbf3a14-34b6-47b7-af31-58cf768855e9 | AH25: Lawrence P. Janeway | AI25: 15108-5 | AJ25: Large sprawling shrub(s) 0.5-1.5 m tall. Locality: High North Coast Ranges. Along ┬▒ open ridgeline 0.6 mi south of Buck Rock. WGS84
A26: CA_BV_1_LJ | B26: 76feca8e-f87d-4922-8d5f-70871fd6ea42 | C26: Quercus garryana var. breweri | D26: 2024-11-20 22:27:22 UTC | E26: FAB ACE | F26: SRID=4326;POINT(-121.292 39.466) | G26: 39.466 | H26: -121.292 | I26: Quercus garryana var. breweri | J26: CA | K26: Brownsville | L26: BV | M26: 1 | N26: LJ | O26: CA_BV_1_LJ | P26: 45574 | R26: 1.8 | U26: Quercus wislizeni var. wislizeni | V26: Arctostaphylos viscida, Quercus garryana var. breweri, Quercus wislizenii, Heteromeles arbutifolia, Cercis occidentalis, Rhamnus ilicifolia. Arctostaphylos viscida, Heteromeles arbutifolia, Ceanothus lemmonii | W26: Southwest-facing dense chaparral of white-leaf manzanita, Brewer oak, interior live oak, toyon, redbud, hollyleaf redberry; rocky gabbro substrate. Elevation: 689 m | X26: yes | Y26: yes | Z26: no | AA26: no | AD26: 53b83138-908e-4a0c-ad96-a46aa19fc0f2 | AG26: 266fe875-57de-4f69-8f36-205fd7df3384,3b57addc-9471-46fc-9997-58c2b990a171 | AH26: Lawrence P. Janeway | AI26: 15110-1 | AJ26: Small cluster of erect stems 1.5-1.8m tall; roadside (dust). Locality: Northern Sierra Nevada Foothills. ALong Ponderosa Way 1.3 road km north of La Porte Road (and Brownsville). WGS84
A27: CA_BV_2_LJ | B27: a2c57563-5a21-478a-9866-2429e8c5ff54 | C27: Quercus garryana var. breweri | D27: 2024-11-20 22:27:11 UTC | E27: FAB ACE | F27: SRID=4326;POINT(-121.29168 39.45636) | G27: 39.45636 | H27: -121.29168 | I27: Quercus garryana var. breweri | J27: CA | K27: Brownsville | L27: BV | M27: 2 | N27: LJ | O27: CA_BV_2_LJ | P27: 45574 | R27: 2 | U27: Pinus ponderosa, Calocedrus decurrens (nearby Quercus wislizeni var. wislizeni, Quercus kelloggii) | V27: Arctostaphylos viscida, Quercus garryana var. breweri, Quercus wislizenii, Heteromeles arbutifolia, Cercis occidentalis, Rhamnus ilicifolia. Arctostaphylos viscida, Cercis occidentalis, Ceanothus lemmonii, Berberis aquifolium, Rhamnus ilicifolia, Toxicodendron diversilobum, Heteromeles arbutifolia | W27: Southwest-facing dense chaparral of white-leaf manzanita, Brewer oak, interior live oak, toyon, redbud, hollyleaf redberry; rocky gabbro substrate. Elevation: 700 m | X27: yes | Y27: yes | Z27: no | AA27: no | AG27: 296d85e1-42b4-4ebe-848b-a264dc2241fd,20ddd3e4-21f6-40bc-b200-53903714c731 | AH27: Lawrence P. Janeway | AI27: 15110-2 | AJ27: Single trunk. Locality: Northern Sierra Nevada Foothills. ALong Ponderosa Way 1.3 road km north of La Porte Road (and Brownsville). WGS84
A28: CA_BV_3_LJ | B28: cebf979c-a257-41b6-a9c8-fc05a1abafa2 | C28: Quercus garryana var. breweri | D28: 2024-11-20 22:26:59 UTC | E28: FAB ACE | F28: SRID=4326;POINT(-121.29162 39.46626) | G28: 39.46626 | H28: -121.29162 | I28: Quercus garryana var. breweri | J28: CA | K28: Brownsville | L28: BV | M28: 3 | N28: LJ | O28: CA_BV_3_LJ | P28: 45574 | Q28: 3 | R28: 3.5 | U28: Pinus ponderosa sapling, small Quercus wislizeni var. wislizeni, Quercus kelloggii seedling (nearby Quercus kelloggii, Heteromeles arbutifolia) | V28: Arctostaphylos viscida, Quercus garryana var. breweri, Quercus wislizenii, Heteromeles arbutifolia, Cercis occidentalis, Rhamnus ilicifolia. shrubs: Arctostaphylos viscida, Ceanothus lemmonii, Cercis occidentalis, Berberis aquifolium, Salvia sonomensis, Rhamnus ilicifolia, Heteromeles arbutifolia, Toxicodendron diversilobum, Pickeringia montana | W28: Southwest-facing dense chaparral of white-leaf manzanita, Brewer oak, interior live oak, toyon, redbud, hollyleaf redberry; rocky gabbro substrate. Elevation: 707 m | X28: yes | Y28: yes | Z28: no | AA28: no | AG28: d9ea71cd-b558-42aa-b21c-eaa15cf1a769,308eaf9d-95ac-474a-9b7a-2304f6295426 | AH28: Lawrence P. Janeway | AI28: 15110-3 | AJ28: Single trunk but leaning into the sun from under a tall Arctostaphylos viscida. Locality: Northern Sierra Nevada Foothills. ALong Ponderosa Way 1.3 road km north of La Porte Road (and Brownsville). WGS84
A29: CA_BV_4_LJ | B29: f2808fea-d6ae-4703-9425-18721367fa67 | C29: Quercus garryana var. breweri | D29: 2024-11-20 22:26:50 UTC | E29: FAB ACE | F29: SRID=4326;POINT(-121.29205 39.4666) | G29: 39.4666 | H29: -121.29205 | I29: Quercus garryana var. breweri | J29: CA | K29: Brownsville | L29: BV | M29: 4 | N29: LJ | O29: CA_BV_4_LJ | P29: 45574 | R29: 2.5 | U29: Quercus wislizeni var. wislizeni (nearby LIDE [Notholithocarpus densiflorus?], Pinus ponderosa) | V29: Arctostaphylos viscida, Quercus garryana var. breweri, Quercus wislizenii, Heteromeles arbutifolia, Cercis occidentalis, Rhamnus ilicifolia. shrubs: Heteromeles arbutifolia, Arctostaphylos viscida | W29: Southwest-facing dense chaparral of white-leaf manzanita, Brewer oak, interior live oak, toyon, redbud, hollyleaf redberry; rocky gabbro substrate. Elevation: 686 m | X29: yes | Y29: yes | Z29: no | AA29: no | AG29: c07d5aa2-1706-42ef-951c-be5f9a161f59,b648448f-e352-45d8-a78c-e7300344f359 | AH29: Lawrence P. Janeway | AI29: 15110-4 | AJ29: Dusty along road. Locality: Northern Sierra Nevada Foothills. ALong Ponderosa Way 1.3 road km north of La Porte Road (and Brownsville). WGS84
A30: CA_BV_5_LJ | B30: 5f32d7cb-4fda-4157-bef7-56b896116340 | C30: Quercus garryana var. breweri | D30: 2024-11-20 22:26:40 UTC | E30: FAB ACE | F30: SRID=4326;POINT(-121.29197 39.46677) | G30: 39.46677 | H30: -121.29197 | I30: Quercus garryana var. breweri | J30: CA | K30: Brownsville | L30: BV | M30: 5 | N30: LJ | O30: CA_BV_5_LJ | P30: 45574 | U30: Quercus wislizeni var. wislizeni, Pinus ponderosa (nearby Pinus sabiniana) | V30: Arctostaphylos viscida, Quercus garryana var. breweri, Quercus wislizenii, Heteromeles arbutifolia, Cercis occidentalis, Rhamnus ilicifolia. shrubs: Ceanothus lemmonii, Berberis aquifolium, Arctostaphylos viscida, Rhamnus ilicifolia | W30: Southwest-facing dense chaparral of white-leaf manzanita, Brewer oak, interior live oak, toyon, redbud, hollyleaf redberry; rocky gabbro substrate. Elevation: 690 m | X30: yes | Y30: yes | Z30: no | AA30: no | AG30: e9ee3b09-1439-4365-9997-39c5f9f1c74f,79ebbafa-75b7-407e-8765-d63ea50acec7 | AH30: Lawrence P. Janeway | AI30: 15110-5 | AJ30: 2-3 long stems arching out from under a large Quercus wislizeni var. wislizeni
A31: WA_SJI_1_PD | B31: 8d22b9ae-bbdf-43d3-9291-815544deb5db | C31: Quercus garryana var. garryana | D31: 2024-11-20 22:26:28 UTC | E31: FAB ACE | F31: SRID=4326;POINT(-123.04203 48.50379) | G31: 48.50379 | H31: -123.04203 | I31: Quercus garryana var. garryana | J31: WA | K31: San Juan Island | L31: SJI | M31: 1 | N31: PD | O31: WA_SJI_1_PD | P31: 45558 | Q31: 75 | R31: 13 | W31: A widely spreading, open-grown tree in a hedgerow of Rubus bifrons and Symphoricarpos album. A large Pseudotsuga menziesii is growing immediately adjacent to it. | X31: no | Y31: yes | Z31: no | AA31: no | AH31: "Peter Dunwiddie, Peter Zika, R. Adam Martin" | AI31: Peter Dunwiddie, Peter Zika, R. Adam Martin 1 | AJ31: Willey/Little Rd junction, San Juan Island
A32: WA_SJI_2_PD | B32: 2b8d0b81-cab2-46b2-b9f6-509514f1cd77 | C32: Quercus garryana var. garryana | D32: 2024-11-20 22:26:19 UTC | E32: FAB ACE | F32: SRID=4326;POINT(-123.04151 48.50654) | G32: 48.50654 | H32: -123.04151 | I32: Quercus garryana var. garryana | J32: WA | K32: San Juan Island | L32: SJI | M32: 2 | N32: PD | O32: WA_SJI_2_PD | P32: 45558 | Q32: 55 | R32: 16 | W32: One of many oaks in an open woodland of large oaks, most trees are open grown and 12-17m (est.) tall. | X32: no | Y32: yes | Z32: no | AA32: no | AH32: "Peter Dunwiddie, Peter Zika, R. Adam Martin" | AI32: Peter Dunwiddie, Peter Zika, R. Adam Martin 2 | AJ32: Locality: North end of Willey Rd, San Juan Island
A33: WA_SJI_3_PD | B33: 328a9f41-1a95-489f-a637-5169930ae2f1 | C33: Quercus garryana var. garryana | D33: 2024-11-20 22:26:08 UTC | E33: FAB ACE | F33: SRID=4326;POINT(-123.0136111 48.54508333) | G33: 48.545083 | H33: -123.01361 | I33: Quercus garryana var. garryana | J33: WA | K33: San Juan Island | L33: SJI | M33: 3 | N33: PD | O33: WA_SJI_3_PD | P33: 45558 | Q33: 75 | R33: 10 | W33: At edge of coastal bald above Friday Harbor shoreline. No other trees or shrubs anywhere nearby. | X33: no | Y33: yes | Z33: no | AA33: no | AH33: "Peter Dunwiddie, Peter Zika, R. Adam Martin" | AI33: Peter Dunwiddie, Peter Zika, R. Adam Martin 3 | AJ33: Locality: Friday Harbor Laboratory grounds, San Juan Island
A34: WA_SJI_4_PD | B34: c71615e4-f92d-4e55-8e97-c19259fbc954 | C34: Quercus garryana var. garryana | D34: 2024-11-20 22:25:58 UTC | E34: FAB ACE | F34: SRID=4326;POINT(-123.143823 48.580145) | G34: 48.580145 | H34: -123.14382 | I34: Quercus garryana var. garryana | J34: WA | K34: San Juan Island | L34: SJI | M34: 4 | N34: PD | O34: WA_SJI_4_PD | P34: 45559 | Q34: 80 | V34: Acer macrophyllum, Symphoricarpos album, Rosa nutkana | W34: No nearby oaks but smaller (10-20cm dbh) Acer macrophyllum close by. Understory of Symphoricarpos album and Rosa nutkana | X34: no | Y34: yes | Z34: no | AA34: no | AH34: "Peter Dunwiddie, Peter Zika, R. Adam Martin" | AI34: Peter Dunwiddie, Peter Zika, R. Adam Martin 4 | AJ34: A large, multi-stemmed (4) tree, trunks ca. 60-80 cm dbh. Locality: Edge of British Camp, West Valley Rd., San Juan Island
A35: WA_SJI_5_PD | B35: 0329249c-cc82-4702-8105-ae2a633cb40e | C35: Quercus garryana var. garryana | D35: 2024-11-20 22:25:49 UTC | E35: FAB ACE | F35: SRID=4326;POINT(-123.140643 48.575688) | G35: 48.575688 | H35: -123.14064 | I35: Quercus garryana var. garryana | J35: WA | K35: San Juan Island | L35: SJI | M35: 5 | N35: PD | O35: WA_SJI_5_PD | P35: 45559 | Q35: 100 | R35: 15 | V35: Pseudotsuga menziesii | W35: Roadside tree at edge of grassy pasture. Several Pseudotsuga menziesii trees within 100 feet | X35: no | Y35: yes | Z35: no | AA35: no | AH35: "Peter Dunwiddie, Peter Zika, R. Adam Martin" | AI35: Peter Dunwiddie, Peter Zika, R. Adam Martin 5 | AJ35: Locality: Alpaca farm, West Valley Rd, San Juan Island
A36: OR_EDM_1_DG | B36: 8737f35c-2d5b-4444-873a-c1f9e2b4c744 | C36: Quercus garryana var. semota | D36: 2024-11-20 22:25:39 UTC | E36: FAB ACE | F36: SRID=4326;POINT(-123.6657217 42.23339833) | G36: 42.233398 | H36: -123.66572 | I36: Quercus garryana var. semota | J36: OR | K36: Eight Dollar Mnt Rd | L36: EDM | M36: 1 | N36: DG | O36: OR_EDM_1_DG | P36: 45572 | W36: Dry, S-facing slope above Illinois R., with broadly spaced pines, Arctostaphylos, dry forbs in October; intermittent serpentine; Q. chrysolepis or Q. chrysolepis ├ù vacciniifolia is present a bit down road to W (a more densely treed area); noted Darlingtonia fens. Elevation 424 m | X36: no | Y36: yes | Z36: no | AA36: no | AH36: Dirk Giesburt | AI36: Dirk Giesburt 1 | AJ36: Very productive acorn season 2023; none in Oct. 2024. Locality: OR Josephine County, Illinois R. basin, Rogue River-Siskiyou National Forest, Eight Dollar Mountain Rd., west of Jeffrey Pine Loop Trailhead, S side of road just below road maintenance deposit area.
A37: OR_EDM_2_DG | B37: 716d4895-1ecf-4c01-8891-acada9bebc4a | C37: Quercus garryana aff. var. semota | D37: 2024-11-20 22:25:28 UTC | E37: FAB ACE | F37: SRID=4326;POINT(-123.6691383 42.23716667) | G37: 42.237167 | H37: -123.66914 | I37: Quercus garryana aff. var. semota | J37: OR | K37: Eight Dollar Mnt Rd | L37: EDM | M37: 2 | N37: DG | O37: OR_EDM_2_DG | P37: 45572 | W37: Dry, S-facing slope above Illinois R., with broadly spaced pines, Arctostaphylos, dry forbs in October; intermittent serpentine; Q. chrysolepis or Q. chrysolepis ├ù vacciniifolia is present a bit down road to W (a more densely treed area); noted Darlingtonia fens. Elevation 422 m | X37: no | Y37: yes | Z37: no | AA37: no | AH37: Dirk Giesburt | AI37: Dirk Giesburt 2 | AJ37: Locality: OR Josephine County, Illinois R. basin, Rogue River-Siskiyou National Forest, Eight Dollar Mountain Rd., west of Jeffrey Pine Loop Trailhead, W of Q. garryana 1, N side of road, top of road cut
A38: OR_EDM_3_DG | B38: aedf313a-7e5a-46e6-a101-124c379e4698 | C38: Quercus garryana | D38: 2024-11-20 22:25:18 UTC | E38: FAB ACE | F38: SRID=4326;POINT(-123.643215 42.23188833) | G38: 42.231888 | H38: -123.64321 | I38: Quercus garryana | J38: OR | K38: Eight Dollar Mnt Rd | L38: EDM | M38: 3 | N38: DG | O38: OR_EDM_3_DG | P38: 45572 | W38: Broken woodland with small-sized, dry-site Q. garryana var. garryana with pines. Elevation 395 m | X38: no | Y38: yes | Z38: no | AA38: no | AH38: Dirk Giesburt | AI38: Dirk Giesburt 3 | AJ38: Locality: OR Josephine County, Illinois R. basin, Rogue River-Siskiyou National Forest, Eight Dollar Mountain Rd., at E end, ~100 m from Hwy 199, S side of road nr. Roadcut
A39: OR_WCR_4_DG | B39: 8732474c-daa4-43d5-8ada-af475e91eed5 | C39: Quercus garryana | D39: 2024-11-20 22:25:07 UTC | E39: FAB ACE | F39: SRID=4326;POINT(-123.5589383 42.37610833) | G39: 42.376108 | H39: -123.55894 | I39: Quercus garryana | J39: OR | K39: Waters Creek Rd | L39: WCR | M39: 4 | N39: DG | O39: OR_WCR_4_DG | P39: 45572 | W39: Wooded, rural residential valley of easterly-flowing Waters Cr.; specimen has riparian location at top of short, steep creek bank. Elevation 368 m | X39: no | Y39: yes | Z39: no | AA39: no | AH39: Dirk Giesburt | AI39: Dirk Giesburt 4 | AJ39: Productive acorn season 2024. Locality: OR Josephine County, Slate Cr. Valley, S side of Rogue R. basin, Waters Cr. Rd., 1.4 mi from Hwy 199, N side of large turnout
A40: OR_RSP_5_DG | B40: 93eb0322-f1de-4e5d-b611-d66216bece43 | C40: Quercus garryana | D40: 2024-11-20 22:24:57 UTC | E40: FAB ACE | F40: SRID=4326;POINT(-123.1290833 42.4104) | G40: 42.4104 | H40: -123.12908 | I40: Quercus garryana | J40: OR | K40: Rogue St. Park | L40: RSP | M40: 5 | N40: DG | O40: OR_RSP_5_DG | P40: 45572 | V40: mostly Q. kelloggii with conifers and introduced tree species | W40: Large tree in flat, exposed, open turf area of park spreading away from Rogue R. bank; mostly Q. kelloggii with conifers and introduced tree species. Elevation 315 m | X40: no | Y40: yes | Z40: no | AA40: no | AH40: Dirk Giesburt | AI40: Dirk Giesburt 5 | AJ40: Locality: OR Jackson County, Rogue R. basin, Valley of the Rogue St. Park, middle of broad turf area toward W end of park's developed area
A41: CA_KRB_6_DG | B41: 4dfa4ff2-cdcd-4754-b708-7782785da78c | C41: Quercus garryana | D41: 2024-11-20 22:24:44 UTC | E41: FAB ACE | F41: SRID=4326;POINT(-122.6168667 41.99577167) | G41: 41.995772 | H41: -122.61687 | I41: Quercus garryana | J41: CA | K41: Klamath River Basin | L41: KRB | M41: 6 | N41: DG | O41: CA_KRB_6_DG | P41: 45572 | V41: Juniperus uphill and dry grass spreading downhill | W41: Solitary, compact habit on dry, SW-facing slope at road margin, backed by Juniperus uphill and dry grass spreading downhill. Elevation 902 m | X41: no | Y41: yes | Z41: no | AA41: no | AH41: Dirk Giesburt | AI41: Dirk Giesburt 6 | AJ41: Locality: CA Siskiyou County, Klamath R. basin, I-5 exit Hilt, descending Hilt Rd. on W side of hwy, N side of road as it descends to Hilt Church
A42: CA_KRB_7_DG | B42: 6790df9c-7ad1-4ace-bca9-7b1efef2ae20 | C42: Quercus garryana | D42: 2024-11-20 22:24:27 UTC | E42: FAB ACE | F42: SRID=4326;POINT(-122.5667583 41.899885) | G42: 41.899885 | H42: -122.56676 | I42: Quercus garryana | J42: CA | K42: Klamath River Basin | L42: KRB | M42: 7 | N42: DG | O42: CA_KRB_7_DG | P42: 45572 | W42: Solitary, compact shrub form with dry grass in gently sloped basin; fire had burned all trees to W. Elevation 703 m | X42: no | Y42: yes | Z42: no | AA42: no | AH42: Dirk Giesburt | AI42: Dirk Giesburt 7 | AJ42: Locality: CA Siskiyou County, Klamath R. basin, I-5 Southbound onramp from Henley-Hornbrook exit, at margin of roadcut
A43: CA_CCP_8_DG | B43: fd304d0d-d3c7-4384-aec7-7a8969a081d2 | C43: Quercus garryana | D43: 2024-11-20 22:24:14 UTC | E43: FAB ACE | F43: SRID=4326;POINT(-122.3150833 41.14817667) | G43: 41.148177 | H43: -122.31508 | I43: Quercus garryana | J43: CA | K43: Castle Crags St. Park | L43: CCP | M43: 8 | N43: DG | O43: CA_CCP_8_DG | P43: 45572 | V43: conifers and Q. kelloggii | W43: Wooded roadside at top of steep and deep bank of Sacramento R. to E; conifers and Q. kelloggii. Elevation 635 m | X43: no | Y43: yes | Z43: no | AA43: no | AH43: Dirk Giesburt | AI43: Dirk Giesburt 8 | AJ43: Locality: CA Shasta County, Sacramento R. basin, I-5 exit for Castle Crags St. Park, E side of Frontage Road on E of I-5, opposite the freeway overpass
A44: CA_DC_2_LJ | B44: 8425ab06-18fb-4c33-9995-b7c3f85865d0 | C44: Quercus garryana var. semota | D44: 2024-11-20 22:24:00 UTC | E44: FAB ACE | F44: SRID=4326;POINT(-121.60242 40.15979) | G44: 40.15979 | H44: -121.60242 | I44: Quercus garryana var. semota | J44: CA | K44: Deer Creek | L44: DC | M44: 2 | N44: LJ | O44: CA_DC_2_LJ | P44: 45571 | Q44: 10 | R44: 4 | U44: Pseudotsuga menziensii, Quercus garryana var. breweri | V44: Pinus ponderosa, Pseudotsuga menziensii, Quercus kelloggii, Calocedrus decurrens; Shrubs: Cercocarpus betuloides, Quercus garryana var. breweri, Prunus cf. subcordata?, Cercis occidentalis | W44: Steep east-northeast facing slope of shrubby (mountain mahogany, Brewer oak, redbud), grassy openings, and rock outcrops, surrounded by mixed conifer forest (Ponderosa pine, Douglas-fir, black oak, incense cedar). Substrate: volcanic (andesitic ash flow?) Elevation: 1022 m | X44: yes | Y44: yes | Z44: no | AA44: no | AG44: e76cbf90-5636-44cb-a96b-5a3a318131b2,8aca8f95-8d83-43a6-b550-c999394d9592,4b50d068-7cae-4180-9903-e27ab71bc8ad | AH44: Lawrence P. Janeway | AI44: 15103-2 | AJ44: Locality: High Cascade Range. Slope above Road 27N08 (road from Hwy 32 across Deer Creek toward Onion Butte), 2.3 road-km east of the major hairpin turn where road starts dropping into the canyon. WGS84
A45: WY_WBH_5_IP | B45: 024bd903-dc2c-46d7-8464-5391ccae9d3c | C45: Quercus macrocarpa | D45: 2024-10-28 19:48:20 UTC | E45: FAB ACE | F45: SRID=4326;POINT(-104.328293 44.65910671) | G45: 44.659107 | H45: -104.32829 | I45: Quercus macrocarpa | J45: WY | K45: Wyoming Black Hills | L45: WBH | M45: 5 | N45: IP | O45: WY_WBH_5_IP | P45: 45449 | Q45: 24 | T45: yes | U45: 1 x P. ponderosa 4 x Q. macrocarpa | V45: Oak, ponderosa pine savannah | W45: Along forest service two-track road in National Forest. Oak and ponderosa pine savannah. A lovely site. | X45: yes | Z45: no | AA45: no | AD45: ed121963-58fc-4464-a62c-020dfada77ff | AH45: Ian Pearse | AJ45: west of Aladdin, WY, 24 cm, , Further along road, maybe 150 meters. Bending ahead. Single trunk near ponderosa pine. 09/15/2024: updated tree tag number. | AO45: 45550 | AP45: 259
A46: WY_WBH_4_IP | B46: 59c102ad-4c9f-471e-978c-82b5f0a83926 | C46: Quercus macrocarpa | D46: 2024-10-28 19:46:49 UTC | E46: FAB ACE | F46: SRID=4326;POINT(-104.3296992 44.658644) | G46: 44.658644 | H46: -104.3297 | I46: Quercus macrocarpa | J46: WY | K46: Wyoming Black Hills | L46: WBH | M46: 4 | N46: IP | O46: WY_WBH_4_IP | P46: 45449 | Q46: 7 | T46: yes | U46: 4 x P. ponderosa | V46: Oak, ponderosa pine savannah | W46: Along forest service two-track road in National Forest. Oak and ponderosa pine savannah. A lovely site. | X46: yes | Y46: yes | Z46: no | AA46: no | AD46: ea0375ca-545c-4842-a04e-33a7e8124c54 | AH46: Ian Pearse | AJ46: west of Aladdin, WY, multistem, max 6 cm, , Further along 2-track. On left small multistem. about 40-ft past tree 3. 09/15/2024: updated DBH and tree tag number. Multistemmed individual with 4 stems > 4 cm DBH. | AO46: 45550 | AP46: 229
A47: WY_WBH_3_IP | B47: b4533ce5-fde6-4038-8583-5de469c1575f | C47: Quercus macrocarpa | D47: 2024-10-28 19:45:02 UTC | E47: FAB ACE | F47: SRID=4326;POINT(-104.3302075 44.6579967) | G47: 44.657997 | H47: -104.33021 | I47: Quercus macrocarpa | J47: WY | K47: Wyoming Black Hills | L47: WBH | M47: 3 | N47: IP | O47: WY_WBH_3_IP | P47: 45449 | Q47: 34 | T47: yes | U47: 1 x P. ponderosa | V47: Oak, ponderosa pine savannah | W47: Along forest service two-track road in National Forest. Oak and ponderosa pine savannah. A lovely site. | X47: yes | Y47: yes | Z47: no | AA47: no | AD47: c8dc903a-aca1-48eb-94f4-22b2fae31436 | AH47: Ian Pearse | AJ47: west of Aladdin, WY, 34 cm, , Further along 2-track. On right. Leaning to the right. 09/15/2024: updated tree tag number. | AO47: 45550 | AP47: 250
A48: WY_WBH_2_IP | B48: b207c507-275e-448b-bcac-043076c0393b | C48: Quercus macrocarpa | D48: 2024-10-28 19:43:42 UTC | E48: FAB ACE | F48: SRID=4326;POINT(-104.3304324 44.6575894) | G48: 44.657589 | H48: -104.33043 | I48: Quercus macrocarpa | J48: WY | K48: Wyoming Black Hills | L48: WBH | M48: 2 | N48: IP | O48: WY_WBH_2_IP | P48: 45449 | Q48: 21 | T48: yes | U48: 7 x P. ponderosa | V48: Oak, ponderosa pine savannah | W48: Along forest service two-track road in National Forest. Oak and ponderosa pine savannah. A lovely site. | X48: yes | Y48: yes | Z48: no | AA48: no | AD48: 35087f4f-3d65-425d-ba55-ed27a55e076f | AH48: Ian Pearse | AJ48: west of Aladdin, WY, 21 cm, , Continue on 2-track road past gate. Just past gate. Single trunk 09/15/2024: updated tree tag number. | AO48: 45550 | AP48: 64
A49: WY_WBH_1_IP | B49: 0bba68f4-80a1-4588-9a5a-323733a49424 | C49: Quercus macrocarpa | D49: 2024-10-28 19:41:16 UTC | E49: FAB ACE | F49: SRID=4326;POINT(-104.3302218 44.65742405) | G49: 44.657424 | H49: -104.33022 | I49: Quercus macrocarpa | J49: WY | K49: Wyoming Black Hills | L49: WBH | M49: 1 | N49: IP | O49: WY_WBH_1_IP | P49: 45449 | Q49: 18 | T49: yes | U49: 3 x P. ponderosa | V49: Oak, ponderosa pine savannah | W49: Along forest service two-track road in National Forest. Oak and ponderosa pine savannah. A lovely site. | X49: yes | Y49: yes | Z49: no | AA49: no | AD49: 32818db4-f340-4be0-9a49-4bc36a14ca69 | AH49: Ian Pearse | AJ49: west of Aladdin, WY, 18 cm, , Take road west from Aladdin, WY to Forest Road across from Bearlodge Campground. Continue short distance to where a gated 2-track goes off to the right. Tree 1 is right next to the usfs gate and sign reading '83040'. 09/15/2024: updated tree tag number. | AO49: 45550 | AP49: 65
A50: SD_RLF_5_IP | B50: 7d60b43c-36c4-4200-8f11-79f8f6016d75 | C50: Quercus macrocarpa | D50: 2024-10-28 19:39:08 UTC | E50: FAB ACE | F50: SRID=4326;POINT(-103.9442713 44.3501097) | G50: 44.35011 | H50: -103.94427 | I50: Quercus macrocarpa | J50: SD | K50: Roughlock Falls | L50: RLF | M50: 5 | N50: IP | O50: SD_RLF_5_IP | P50: 45449 | Q50: 20 | T50: yes | U50: 1 x Q. macrocarpa | V50: willow, birch, black hills spruce, boxelder. Occational ponderosa pine | W50: Near waterfall coming into Spearfish Canyon. Along roadside and waterfall trail on steap, rocky hill. | X50: yes | Z50: no | AA50: no | AD50: 8502e06e-19f2-4fdc-84e8-5a2810e46083 | AH50: Ian Pearse | AJ50: Spearfish Canyon, multistem, max DBH 10-cm, , Across road from main parking for falls. Small multistem grove with dominant stem. 09/14/2024: DBH and tree tag number updated. Multistemmed individual with 7 total stems. | AO50: 45549 | AP50: 99
A51: SD_RLF_4_IP | B51: 82aaea0b-2eb3-48ee-8555-58af036d9361 | C51: Quercus macrocarpa | D51: 2024-10-28 19:36:50 UTC | E51: FAB ACE | F51: SRID=4326;POINT(-103.9438555 44.35011981) | G51: 44.35012 | H51: -103.94386 | I51: Quercus macrocarpa | J51: SD | K51: Roughlock Falls | L51: RLF | M51: 4 | N51: IP | O51: SD_RLF_4_IP | P51: 45449 | Q51: 20 | T51: yes | U51: 5 x Q. macrocarpa | V51: willow, birch, black hills spruce, boxelder. Occational ponderosa pine | W51: Near waterfall coming into Spearfish Canyon. Along roadside and waterfall trail on steap, rocky hill. | X51: yes | Y51: yes | Z51: no | AA51: no | AD51: b35f856d-b5ac-4522-b8ee-7708a0f5646b | AH51: Ian Pearse | AJ51: Spearfish Canyon, multistem, max DBH 10-cm, , Looking across road from "Roughlock Falls" sign on big rock. Look across street and to right. Biggest multistem grove. 09/14/2024: DBH and tree tag number updated. Multistemmed individual with 10 total stems. | AO51: 45549 | AP51: 268
A52: SD_RFL_3_IP | B52: 51ad8e0c-d00b-40e6-862d-34008bb18c57 | C52: Quercus macrocarpa | D52: 2024-10-28 19:34:56 UTC | E52: FAB ACE | F52: SRID=4326;POINT(-103.9430899 44.350031) | G52: 44.350031 | H52: -103.94309 | I52: Quercus macrocarpa | J52: SD | K52: Roughlock Falls | L52: RFL | M52: 3 | N52: IP | O52: SD_RFL_3_IP | P52: 45471 | Q52: 11 | T52: yes | U52: 1 x willow 1 x boxelder | V52: willow, birch, black hills spruce, boxelder. Occational ponderosa pine | W52: Near waterfall coming into Spearfish Canyon. Along roadside and waterfall trail on steap, rocky hill. | X52: yes | Y52: yes | Z52: no | AA52: no | AD52: c9668a5d-5751-497b-ae04-225acd2baf3a | AH52: Ian Pearse | AJ52: Spearfish Canyon, multistem, max DBH 10-cm, , Walk to falls on paved paths. Tree is along paved trail to right walking downstream from lower overlook of roughliock falls. 09/14/2024: DBH and tree tag number updated. Herbarium specimen collected. Tree tag (#267) on back of tree due to visibility. | AO52: 45549 | AP52: 267
A53: SD_RLF_2_IP | B53: c2670d27-e1ca-48f9-9d03-89d47700491a | C53: Quercus macrocarpa | D53: 2024-10-28 19:32:50 UTC | E53: FAB ACE | F53: SRID=4326;POINT(-103.9452397 44.35093374) | G53: 44.350934 | H53: -103.94524 | I53: Quercus macrocarpa | J53: SD | K53: Roughlock Falls | L53: RLF | M53: 2 | N53: IP | O53: SD_RLF_2_IP | P53: 45449 | Q53: 10 | T53: yes | U53: some Corylus sp. 2 x Q. macrocarpa | V53: willow, birch, black hills spruce, boxelder. Occational ponderosa pine | W53: Near waterfall coming into Spearfish Canyon. Along roadside and waterfall trail on steap, rocky hill. | X53: yes | Z53: no | AA53: no | AD53: 4506d55f-d690-4b55-938c-4a054cc3a5ed | AH53: Ian Pearse | AJ53: Spearfish Canyon, multistem, max DBH 10-cm, , Walk toward falls (downstream) along road. Tree on left uphill from parking area with No Camping sign (tent with cross through it). Go up scree slope to foot of cliff. 09/14/2024: DBH and tree tag number updated. Multistemmed individuals with 7 stems. Acorn with essentially no fringe but ~ QUMA leaves | AO53: 45549 | AP53: 266
A54: SD_RLF_1_IP | B54: 40d55640-5d3c-4163-b752-6cb86dcd7a1c | C54: Quercus macrocarpa | D54: 2024-10-28 19:30:24 UTC | E54: FAB ACE | F54: SRID=4326;POINT(-103.946243 44.35095137) | G54: 44.350951 | H54: -103.94624 | I54: Quercus macrocarpa | J54: SD | K54: Roughlock Falls | L54: RLF | M54: 1 | N54: IP | O54: SD_RLF_1_IP | P54: 45449 | Q54: 21 | T54: yes | U54: 2 x aspen 1 x birch | V54: willow, birch, black hills spruce, boxelder. Occational ponderosa pine | W54: Near waterfall coming into Spearfish Canyon. Along roadside and waterfall trail on steap, rocky hill. | X54: yes | Y54: yes | Z54: no | AA54: no | AD54: 335a7089-9e6b-480a-a250-7fccdad4e87e | AH54: Ian Pearse | AJ54: Spearfish Canyon, multistem, max DBH 10-cm, , Park at roughlock falls -- one of the parking areas just a bit past the falls. Tree is along road on right just past the 'County Road Maintanence Ends' sign. multistem 09/14/2024: DBH and tree tag number updated. Multistemmed individuals with 8 stems. | AO54: 45549 | AP54: 265
A55: SD_JSR_5_IP | B55: 26bbae3f-97f1-45a0-b676-19341fe19a63 | C55: Quercus macrocarpa | D55: 2024-10-28 19:25:34 UTC | E55: FAB ACE | F55: SRID=4326;POINT(-103.4147397 43.7787752) | G55: 43.778775 | H55: -103.41474 | I55: Quercus macrocarpa | J55: SD | K55: Junction 89 16A to Shady Rest | L55: JSR | M55: 5 | N55: IP | O55: SD_JSR_5_IP | P55: 45449 | Q55: 5 | T55: yes | U55: 5 total stems; species not indicated | V55: P. ponderosa and Q. macrocarpa dominant. | W55: two areas. Trees 1-3 near junction of rt 87N (needles hwy) and 16A in ponderosa - oak meadow. Trees 4-5 in oak meadow to the east across from Shady Rest group camps site. This site has many multi trunk oaks, perhaps stump spouts | X55: no | Y55: yes | Z55: no | AA55: no | AD55: 2e0ca77e-729d-426a-9da3-cb4e3bff61e2 | AH55: Ian Pearse | AJ55: Custer State Park, multistem, max DBH 10-cm, , 20-m in front and to the right of Tree 4. As dirt road splits right. Multistem. 09/14/2024: DBH and tree tag number updated. | AO55: 45549 | AP55: 275
A56: SD_JSR_4_IP | B56: da63620e-44ff-4502-bde7-e63731a81c48 | C56: Quercus macrocarpa | D56: 2024-10-28 19:24:25 UTC | E56: FAB ACE | F56: SRID=4326;POINT(-103.4149409 43.77858737) | G56: 43.778587 | H56: -103.41494 | I56: Quercus macrocarpa | J56: SD | K56: Junction 89 16A to Shady Rest | L56: JSR | M56: 4 | N56: IP | O56: SD_JSR_4_IP | P56: 45449 | Q56: 5 | T56: yes | U56: 6 total stems; species not indicated | V56: P. ponderosa and Q. macrocarpa dominant. | W56: two areas. Trees 1-3 near junction of rt 87N (needles hwy) and 16A in ponderosa - oak meadow. Trees 4-5 in oak meadow to the east across from Shady Rest group camps site. This site has many multi trunk oaks, perhaps stump spouts | X56: yes | Y56: yes | Z56: no | AA56: no | AD56: 5e57e15e-0b6e-48a1-9a37-b0742d78e9cc | AH56: Ian Pearse | AI56: Custer State Park, multistem, max DBH 10-cm, , Drive to Shady Rest Group Site. Oak site is across rt 16A on dirt pulloff. Multistem. First tree to left of gravel road pull off. 09/14/2024: DBH and tree tag number updated. | AO56: 45549 | AP56: 274
A57: SD_JSR_3_IP | B57: f7bd77d7-681c-4c19-9829-a1fb31a63cb1 | C57: Quercus macrocarpa | D57: 2024-10-28 19:22:45 UTC | E57: FAB ACE | F57: SRID=4326;POINT(-103.4568565 43.76751889) | G57: 43.767519 | H57: -103.45686 | I57: Quercus macrocarpa | J57: SD | K57: Junction 89 16A to Shady Rest | L57: JSR | M57: 3 | N57: IP | O57: SD_JSR_3_IP | P57: 45449 | Q57: 12 | T57: yes | U57: 1 x P. ponderosa 3 x Q. macrocarpa | V57: P. ponderosa and Q. macrocarpa dominant. | W57: two areas. Trees 1-3 near junction of rt 87N (needles hwy) and 16A in ponderosa - oak meadow. Trees 4-5 in oak meadow to the east across from Shady Rest group camps site. This site has many multi trunk oaks, perhaps stump spouts | X57: yes | Y57: yes | Z57: no | AA57: no | AD57: 19bb39f1-f051-4e47-9b32-84b3f3b73a20 | AH57: Ian Pearse | AJ57: Custer State Park, single trunk, DBH not recorded, , Top missing. Near powerline. Near tree 2 09/14/2024: DBH and tree tag number updated. | AO57: 45549 | AP57: 263
A58: SD_JSR_2_IP | B58: fa8aa94a-00a8-4554-9fce-7915fbd3b2ed | C58: Quercus macrocarpa | D58: 2024-10-28 19:22:36 UTC | E58: FAB ACE | F58: SRID=4326;POINT(-103.4571564 43.76747398) | G58: 43.767474 | H58: -103.45716 | I58: Quercus macrocarpa | J58: SD | K58: Junction 89 16A to Shady Rest | L58: JSR | M58: 2 | N58: IP | O58: SD_JSR_2_IP | P58: 45449 | Q58: 10 | T58: yes | U58: 2 x P. ponderosa 1 x Q. macrocarpa | V58: P. ponderosa and Q. macrocarpa dominant. | W58: two areas. Trees 1-3 near junction of rt 87N (needles hwy) and 16A in ponderosa - oak meadow. Trees 4-5 in oak meadow to the east across from Shady Rest group camps site. This site has many multi trunk oaks, perhaps stump spouts | X58: yes | Y58: yes | Z58: no | AA58: no | AD58: 57ae03c8-95e4-42c4-8170-cbc277d2eb44 | AH58: Ian Pearse | AJ58: Custer State Park, single trunk, DBH not recorded, , Further back from outhouses. 09/14/2024: DBH and tree tag number updated. | AO58: 45549 | AP58: 262
A59: SD_JSR_1_IP | B59: 076e41e9-e223-4198-830f-f4fc0ee2913d | C59: Quercus macrocarpa | D59: 2024-10-28 19:22:27 UTC | E59: FAB ACE | F59: SRID=4326;POINT(-103.4571866 43.7676179) | G59: 43.767618 | H59: -103.45719 | I59: Quercus macrocarpa | J59: SD | K59: Junction 89 16A to Shady Rest | L59: JSR | M59: 1 | N59: IP | O59: SD_JSR_1_IP | P59: 45449 | Q59: 14 | T59: yes | U59: 2 x P. ponderosa 4 x Q. macrocarpa | V59: P. ponderosa and Q. macrocarpa dominant. | W59: two areas. Trees 1-3 near junction of rt 87N (needles hwy) and 16A in ponderosa - oak meadow. Trees 4-5 in oak meadow to the east across from Shady Rest group camps site. This site has many multi trunk oaks, perhaps stump spouts | X59: yes | Y59: no | Z59: no | AA59: no | AD59: d79f841a-84a6-48bc-acc7-c79b5329ab31 | AH59: Ian Pearse | AJ59: Custer State Park, single trunk, DBH not recorded, , At junction. Behind outhouses. 09/14/2024: DBH and tree tag number updated. | AO59: 45549 | AP59: 261
A60: SD_PTH_4_IP | B60: f88f989d-4f90-49f7-a671-ababc1ce4d54 | C60: Quercus macrocarpa | D60: 2024-10-28 19:15:33 UTC | E60: FAB ACE | F60: SRID=4326;POINT(-103.4147059 43.65797039) | G60: 43.65797 | H60: -103.41471 | I60: Quercus macrocarpa | J60: SD | K60: Prairie Trail Head | L60: PTH | M60: 4 | N60: IP | O60: SD_PTH_4_IP | P60: 45445 | Q60: 32 | T60: yes | U60: 2 x Fraxinus 2 x Q. macrocarpa | V60: common: Salix sp., cottonwood. | W60: prairie stream corridor. Oak savannah. bur oak dominant. Some willows and riparian vegetation. | X60: yes | Y60: yes | Z60: no | AA60: no | AD60: 97bdc3e4-091a-4505-b8f7-fa4bc9ede1e8 | AH60: Ian Pearse | AJ60: Custer State Park, single trunk, DBH not recorded, some bags or presses might say 'French Creek' as the site., Tree bent over Dirst of cluster. 09/14/2024: DBH and tree tag updated. | AO60: 45549 | AP60: 277
A61: SD_PTH_3_IP | B61: a981c723-5724-4887-a5f9-a9b9fea28779 | C61: Quercus macrocarpa | D61: 2024-10-28 19:15:05 UTC | E61: FAB ACE | F61: SRID=4326;POINT(-103.414549 43.657961) | G61: 43.657961 | H61: -103.41455 | I61: Quercus macrocarpa | J61: SD | K61: Prairie Trail Head | L61: PTH | M61: 3 | N61: IP | O61: SD_PTH_3_IP | P61: 45445 | Q61: 36 | T61: yes | U61: 2 x Q. macrocarpa | V61: common: Salix sp., cottonwood. | W61: prairie stream corridor. Oak savannah. bur oak dominant. Some willows and riparian vegetation. | X61: yes | Y61: yes | Z61: no | AA61: no | AD61: 42b8b063-6550-47a3-aac7-1929bf48104e | AH61: Ian Pearse | AJ61: Custer State Park, single trunk, DBH not recorded, some bags or presses might say 'French Creek' as the site., Nearby. Tree with small branches. vertical. 09/14/2024: DBH and tree tag updated. | AO61: 45549 | AP61: 278
A62: SD_PTH_2_IP | B62: e7134fa2-8858-4eaf-950f-692a62fe14ae | C62: Quercus macrocarpa | D62: 2024-10-28 19:14:53 UTC | E62: FAB ACE | F62: SRID=4326;POINT(-103.4143757 43.658017) | G62: 43.658017 | H62: -103.41438 | I62: Quercus macrocarpa | J62: SD | K62: Prairie Trail Head | L62: PTH | M62: 2 | N62: IP | O62: SD_PTH_2_IP | P62: 45445 | Q62: 35 | T62: yes | U62: 3 x Fraxinus 3 x Q. macrocarpa | V62: common: Salix sp., cottonwood. | W62: prairie stream corridor. Oak savannah. bur oak dominant. Some willows and riparian vegetation. | X62: yes | Y62: yes | Z62: no | AA62: no | AD62: cfb989f3-30e3-40d4-89c4-774ca3307373 | AH62: Ian Pearse | AJ62: Custer State Park, single trunk, DBH not recorded, some bags or presses might say 'French Creek' as the site., Follow creek to the right. Has low branch away from creek. 09/14/2024: DBH and tree tag updated. | AO62: 45549 | AP62: 264
A63: SD_PTH_1_IP | B63: 95975525-a983-4106-acad-fddddf48aee0 | C63: Quercus macrocarpa | D63: 2024-10-28 19:14:42 UTC | E63: FAB ACE | F63: SRID=4326;POINT(-103.4142003 43.658164) | G63: 43.658164 | H63: -103.4142 | I63: Quercus macrocarpa | J63: SD | K63: Prairie Trail Head | L63: PTH | M63: 1 | N63: IP | O63: SD_PTH_1_IP | P63: 45445 | Q63: 48 | T63: yes | U63: 1 x Fraxinus 1 x Ulmus | V63: common: Salix sp., cottonwood. | W63: prairie stream corridor. Oak savannah. bur oak dominant. Some willows and riparian vegetation. | X63: yes | Y63: yes | Z63: no | AA63: no | AH63: Ian Pearse | AJ63: Custer State Park, single trunk, DBH not recorded, some bags or presses might say 'French Creek' as the site., From Prairie Trail trailhead in Custer State Park. Tree on left before crossing creek immediately next to trail. 09/14/2024: DBH updated; no new tree tag, as tree is too visible from trail. | AO63: 45549
A64: SD_PTH_5_IP | B64: 3efe3f43-a85f-4a43-8540-ae54babe66ac | C64: Quercus macrocarpa | D64: 2024-10-28 19:14:02 UTC | E64: FAB ACE | F64: SRID=4326;POINT(-103.4149021 43.65799731) | G64: 43.657997 | H64: -103.4149 | I64: Quercus macrocarpa | J64: SD | K64: Prairie Trail Head | L64: PTH | M64: 5 | N64: IP | O64: SD_PTH_5_IP | P64: 45471 | Q64: 56 | T64: yes | U64: 2 x Fraxinus | V64: common: Salix sp., cottonwood. | W64: prairie stream corridor. Oak savannah. bur oak dominant. Some willows and riparian vegetation. | X64: yes | Y64: yes | Z64: no | AA64: no | AD64: 78b2f109-967c-468d-a404-6371d6eb0139 | AH64: Ian Pearse | AJ64: Custer State Park, single trunk, DBH not recorded, some bags or presses might say 'French Creek' as the site., Tree by itself by creek bend or wallow. 09/14/2024: DBH and tree tag updated. Two main stems present. | AO64: 45549 | AP64: 276
A65: CH_MRC_3_KA | B65: 11b30100-4bcc-4ac5-bab5-84bbdfdaef03 | C65: Quercus gambelii | D65: 2024-10-24 20:50:56 UTC | E65: FAB ACE | F65: SRID=4326;POINT(-108.1963389 29.328825) | G65: 29.328825 | H65: -108.19634 | I65: Quercus gambelii | J65: CH | K65: Near Madera Reserve Chihuahua | L65: MRC | M65: 3 | N65: KA | O65: CH_MRC_3_KA | P65: 45573 | W65: Roadside | X65: yes | Y65: yes | Z65: no | AA65: no | AB65: ddfcab03-724e-4d6b-9afa-7ae090f98779,2f07369f-3cf5-491c-8f92-72f3f29a010d,735048c8-6fc3-4449-b4e1-d24c0bc680b5 | AD65: f7918926-4dad-44a1-96a2-0d997dc3f871 | AE65: dc315513-f44c-4bbb-be7a-f5bee56a4f2a | AH65: "Kieran Althaus, M. Socorro Gonzalez-Elizondo, Andrew Hipp, Cesar Rodriguez, Jorge Noriega" | AI65: KA_2024_028 | AJ65: Locality: Madera, Chihuahua, Mexico; Near Madera Reserve | AO65: 45589
A66: CH_MRC_2_KA | B66: 895fb7fc-63b2-43b9-af25-7a55b909e8ae | C66: Quercus gambelii | D66: 2024-10-24 20:46:55 UTC | E66: FAB ACE | F66: SRID=4326;POINT(-108.1974 29.32863333) | G66: 29.328633 | H66: -108.1974 | I66: Quercus gambelii | J66: CH | K66: Near Madera Reserve Chihuahua | L66: MRC | M66: 2 | N66: KA | O66: CH_MRC_2_KA | P66: 45573 | V66: Pinus arizonica, P. strobiformis, Pseudotsuga | W66: Roadside with Pinus arizonica, P. strobiformis, Pseudotsuga | X66: yes | Y66: yes | Z66: no | AA66: no | AB66: 645f1b31-923a-4cc5-ad4c-1ad4a2fdd38c,f85ae5e5-27ab-4b0e-a144-9a016da62bfc | AH66: "Kieran Althaus, M. Socorro Gonzalez-Elizondo, Andrew Hipp, Cesar Rodriguez, Jorge Noriega" | AI66: KA_2024_027 | AJ66: Locality: Madera, Chihuahua, Mexico; Near Madera Reserve | AO66: 45589
A67: CH_MRC_1_KA | B67: be106046-45cf-445d-8f53-ce820a7a4270 | C67: Quercus gambelii | D67: 2024-10-24 18:57:19 UTC | E67: FAB ACE | F67: SRID=4326;POINT(-108.1979806 29.32845833) | G67: 29.328458 | H67: -108.19798 | I67: Quercus gambelii | J67: CH | K67: Near Madera Reserve Chihuahua | L67: MRC | M67: 1 | N67: KA | O67: CH_MRC_1_KA | P67: 45573 | V67: Pinus arizonica, P. strobiformis, Pseudotsuga | W67: Roadside with Pinus arizonica, P. strobiformis, Pseudotsuga | X67: yes | Y67: yes | Z67: no | AA67: no | AB67: 4cf50121-c432-4128-81c9-90ce32f1c7b3,f0a9c836-3945-41e4-84f3-2a8208395deb | AE67: b90abb42-b889-49e2-a3c2-1b8243c2c90f | AH67: "Kieran Althaus, M. Socorro Gonzalez-Elizondo, Andrew Hipp, Cesar Rodriguez, Jorge Noriega" | AI67: KA_2024_026 | AJ67: Locality: Madera, Chihuahua, Mexico; Near Madera Reserve | AO67: 45589
A68: CO_PCD_573_IP | B68: b4565479-001e-42a2-b354-83cd2e13da6f | C68: Q. gambelii | D68: 2024-10-23 16:49:28 UTC | E68: FAB ACE | F68: SRID=4326;POINT(-105.0007974 39.4844548) | G68: 39.484455 | H68: -105.0008 | I68: Q. gambelii | J68: CO | K68: Plum Creek Dupont | L68: PCD | M68: 573 | N68: IP | O68: CO_PCD_573_IP | P68: 45485 | Q68: 20 | V68: Populus deltoides, Rhus triloba | W68: Cottonwood, gambel oak, skunkbush sumac along Plum Creek. Flood Pain Forest in disturbed semi-urban area. | X68: yes | Y68: yes | Z68: n/a | AH68: "Ian Pearse, Marion Pearse, Soren Pearse, Asa Pearse" | AI68: Plum Creek Dupont Q. gambelii 4 | AJ68: Near Louvier, CO in DuPont Park. Trees 1-3 in park. Trees 4-5 along road near bridge.. Along road on other side of bridge furtherst east of trees. | AO68: 45588
A69: CO_PHC_567_IP | B69: 99483b29-bf99-4785-a1d0-dd893b2ca160 | C69: Q. gambelii/undulata complex | D69: 2024-09-10 19:50:43 UTC | E69: FAB ACE | F69: SRID=4326;POINT(-105.1062797 38.50227038) | G69: 38.50227 | H69: -105.10628 | I69: Q. gambelii/undulata complex | J69: CO | K69: Phantom Canyon | L69: PHC | M69: 567 | N69: IP | O69: CO_PHC_567_IP | P69: 45485 | Q69: 15 | V69: Cylindropuntia imbricata, Juniperus sp., gambel oak hybridy things, Populus angustifolia, Rhus triloba. | W69: Trees along 8-mile creek going up phantom canyon road. Narrow canyon with juniper oak, narrowleaf cottonwood, skunkbush sumac, chola cactus. I only went up to mile 10 or so. | X69: yes | Y69: yes | Z69: n/a | AH69: "Ian Pearse, Marion Pearse, Soren Pearse, Asa Pearse" | AI69: Phantom Canyon Q. gambelii/undulata complex 3 | AJ69: N of Canon City along Phantom Cyn Road. trees here look like hybrids of the undulata complex with hints of turbinella or grisea or something like that with Q. gambelii. Good camping along road.. a couple miles downhill from tree 2 where pavement turns into dirt road and there is a little pulloff. Multistem undulata-like tree overhanding parking spot.
A70: CO_CWC_563_IP | B70: a1593583-c6da-4e81-9e00-13d1b4c46c1e | C70: Q. gambelii/undulata | D70: 2024-09-10 19:49:16 UTC | E70: FAB ACE | F70: SRID=4326;POINT(-103.0829496 37.1418735) | G70: 37.141874 | H70: -103.08295 | I70: Q. gambelii/undulata | J70: CO | K70: Cottonwood Canyon | L70: CWC | M70: 563 | N70: IP | O70: CO_CWC_563_IP | P70: 45485 | Q70: 10 | V70: Tree chola (Cylindropuntia imbricata), Rhus triloba, Juniperus sp., Opuntia sp., Salix sp. along creek. | W70: Grove of oak trees along Cottonwood Creek in small canyon. Along creek near old homestead, there are trees that look a lot like hybrid bur / gambel oak and others that look like gambels or undulata complex. All putative bur oak hybrids were in a single grove stretching ~ 100-m in one direction along the creek. Some were really impressively large trees. | X70: yes | Y70: yes | Z70: n/a | AH70: "Ian Pearse, Marion Pearse, Soren Pearse, Asa Pearse" | AI70: Cottonwood Canyon Q. gambelii/undulata 3 | AJ70: on Comanche Grasslands SE of Kim, CO. very interesting site. on other side of big rock from undulata 2
A71: CO_PHC_566_IP | B71: 494b56c4-96e9-4dee-a740-91e419e99762 | C71: Q. gambelii/undulata complex | D71: 2024-09-10 19:47:04 UTC | E71: FAB ACE | F71: SRID=4326;POINT(-105.1187866 38.51745791) | G71: 38.517458 | H71: -105.11879 | I71: Q. gambelii/undulata complex | J71: CO | K71: Phantom Canyon | L71: PHC | M71: 566 | N71: IP | O71: CO_PHC_566_IP | P71: 45485 | Q71: 7 | V71: Cylindropuntia imbricata, Juniperus sp., gambel oak hybridy things, Populus angustifolia, Rhus triloba. | W71: Trees along 8-mile creek going up phantom canyon road. Narrow canyon with juniper oak, narrowleaf cottonwood, skunkbush sumac, chola cactus. I only went up to mile 10 or so. | X71: yes | Y71: yes | Z71: n/a | AH71: "Ian Pearse, Marion Pearse, Soren Pearse, Asa Pearse" | AI71: Phantom Canyon Q. gambelii/undulata complex 2 | AJ71: N of Canon City along Phantom Cyn Road. trees here look like hybrids of the undulata complex with hints of turbinella or grisea or something like that with Q. gambelii. Good camping along road.. across road from tree 1
A72: CO_PCD_570_IP | B72: c57bb2df-f8c1-430b-8bdc-7773492883e5 | C72: Q. gambelii | D72: 2024-09-10 19:44:57 UTC | E72: FAB ACE | F72: SRID=4326;POINT(-105.003779 39.4778679) | G72: 39.477868 | H72: -105.00378 | I72: Q. gambelii | J72: CO | K72: Plum Creek Dupont | L72: PCD | M72: 570 | N72: IP | O72: CO_PCD_570_IP | P72: 45485 | Q72: 22 | V72: Populus deltoides, Rhus triloba | W72: Cottonwood, gambel oak, skunkbush sumac along Plum Creek. Flood Pain Forest in disturbed semi-urban area. | X72: yes | Y72: yes | Z72: n/a | AH72: "Ian Pearse, Marion Pearse, Soren Pearse, Asa Pearse" | AI72: Plum Creek Dupont Q. gambelii 1 | AJ72: Near Louvier, CO in DuPont Park. Trees 1-3 in park. Trees 4-5 along road near bridge.. next to children's playground swing set adjacent to mowed area
A73: CO_PCD_574_IP | B73: 2ce3f4d1-3500-4c43-b41f-24d9984aafec | C73: Q. gambelii | D73: 2024-09-10 19:44:07 UTC | E73: FAB ACE | F73: SRID=4326;POINT(-105.0012964 39.48463601) | G73: 39.484636 | H73: -105.0013 | I73: Q. gambelii | J73: CO | K73: Plum Creek Dupont | L73: PCD | M73: 574 | N73: IP | O73: CO_PCD_574_IP | P73: 45485 | Q73: 8 | V73: Populus deltoides, Rhus triloba | W73: Cottonwood, gambel oak, skunkbush sumac along Plum Creek. Flood Pain Forest in disturbed semi-urban area. | X73: yes | Y73: yes | Z73: n/a | AH73: "Ian Pearse, Marion Pearse, Soren Pearse, Asa Pearse" | AI73: Plum Creek Dupont Q. gambelii 5 | AJ73: Near Louvier, CO in DuPont Park. Trees 1-3 in park. Trees 4-5 along road near bridge.. along road on other side of raod. Small tree under big clit-trunk cottonwood.
A74: CO_PHC_569_IP | B74: 5323f7a0-91d6-47af-9674-4ad382ba96f7 | C74: Q. gambelii/undulata complex | D74: 2024-09-10 19:41:16 UTC | E74: FAB ACE | F74: SRID=4326;POINT(-105.106166 38.50240472) | G74: 38.502405 | H74: -105.10617 | I74: Q. gambelii/undulata complex | J74: CO | K74: Phantom Canyon | L74: PHC | M74: 569 | N74: IP | O74: CO_PHC_569_IP | P74: 45485 | Q74: 7 | V74: Cylindropuntia imbricata, Juniperus sp., gambel oak hybridy things, Populus angustifolia, Rhus triloba. | W74: Trees along 8-mile creek going up phantom canyon road. Narrow canyon with juniper oak, narrowleaf cottonwood, skunkbush sumac, chola cactus. I only went up to mile 10 or so. | X74: yes | Y74: yes | Z74: n/a | AH74: "Ian Pearse, Marion Pearse, Soren Pearse, Asa Pearse" | AI74: Phantom Canyon Q. gambelii/undulata complex 5 | AJ74: N of Canon City along Phantom Cyn Road. trees here look like hybrids of the undulata complex with hints of turbinella or grisea or something like that with Q. gambelii. Good camping along road.. slightly uphill from tree 4 looks like turbinella or undulata.
A75: CO_PCD_572_IP | B75: 15d977f5-1746-47d7-a7c2-1e466f470cae | C75: Q. gambelii | D75: 2024-09-10 19:37:55 UTC | E75: FAB ACE | F75: SRID=4326;POINT(-105.0036218 39.47762445) | G75: 39.477624 | H75: -105.00362 | I75: Q. gambelii | J75: CO | K75: Plum Creek Dupont | L75: PCD | M75: 572 | N75: IP | O75: CO_PCD_572_IP | P75: 45485 | Q75: 10 | V75: Populus deltoides, Rhus triloba | W75: Cottonwood, gambel oak, skunkbush sumac along Plum Creek. Flood Pain Forest in disturbed semi-urban area. | X75: yes | Y75: yes | Z75: n/a | AH75: "Ian Pearse, Marion Pearse, Soren Pearse, Asa Pearse" | AI75: Plum Creek Dupont Q. gambelii 3 | AJ75: Near Louvier, CO in DuPont Park. Trees 1-3 in park. Trees 4-5 along road near bridge.. Sprawwling and multistem. At corner of baseball field.
A76: CO_PCD_571_IP | B76: 55a3202c-4e06-451a-8854-73a214fb64e8 | C76: Q. gambelii | D76: 2024-09-10 19:29:39 UTC | E76: FAB ACE | F76: SRID=4326;POINT(-105.0039387 39.47800344) | G76: 39.478003 | H76: -105.00394 | I76: Q. gambelii | J76: CO | K76: Plum Creek Dupont | L76: PCD | M76: 571 | N76: IP | O76: CO_PCD_571_IP | P76: 45485 | Q76: 30 | V76: Populus deltoides, Rhus triloba | W76: Cottonwood, gambel oak, skunkbush sumac along Plum Creek. Flood Pain Forest in disturbed semi-urban area. | X76: yes | Y76: yes | Z76: n/a | AH76: "Ian Pearse, Marion Pearse, Soren Pearse, Asa Pearse" | AI76: Plum Creek Dupont Q. gambelii 2 | AJ76: Near Louvier, CO in DuPont Park. Trees 1-3 in park. Trees 4-5 along road near bridge.. top fell off. Along trail from p;layground to river on right still newar playground.
A77: CO_PHC_568_IP | B77: 2794f1d4-c933-4fe1-9d80-d1f1d445d07f | C77: Q. gambelii/undulata complex | D77: 2024-09-10 19:16:47 UTC | E77: FAB ACE | F77: SRID=4326;POINT(-105.1060233 38.50238368) | G77: 38.502384 | H77: -105.10602 | I77: Q. gambelii/undulata complex | J77: CO | K77: Phantom Canyon | L77: PHC | M77: 568 | N77: IP | O77: CO_PHC_568_IP | P77: 45485 | Q77: 12 | V77: Cylindropuntia imbricata, Juniperus sp., gambel oak hybridy things, Populus angustifolia, Rhus triloba. | W77: Trees along 8-mile creek going up phantom canyon road. Narrow canyon with juniper oak, narrowleaf cottonwood, skunkbush sumac, chola cactus. I only went up to mile 10 or so. | X77: yes | Y77: yes | Z77: n/a | AH77: "Ian Pearse, Marion Pearse, Soren Pearse, Asa Pearse" | AI77: Phantom Canyon Q. gambelii/undulata complex 4 | AJ77: N of Canon City along Phantom Cyn Road. trees here look like hybrids of the undulata complex with hints of turbinella or grisea or something like that with Q. gambelii. Good camping along road.. nearby on same side of road by rock along parking area. unlulata like
A78: CO_PHC_565_IP | B78: b0b2fde1-7fa7-4a32-bc06-0a89b4673678 | C78: Q. gambelii/undulata complex | D78: 2024-09-10 19:01:24 UTC | E78: FAB ACE | F78: SRID=4326;POINT(-105.1189569 38.51734354) | G78: 38.517344 | H78: -105.11896 | I78: Q. gambelii/undulata complex | J78: CO | K78: Phantom Canyon | L78: PHC | M78: 565 | N78: IP | O78: CO_PHC_565_IP | P78: 45485 | Q78: 25 | V78: Cylindropuntia imbricata, Juniperus sp., gambel oak hybridy things, Populus angustifolia, Rhus triloba. | W78: Trees along 8-mile creek going up phantom canyon road. Narrow canyon with juniper oak, narrowleaf cottonwood, skunkbush sumac, chola cactus. I only went up to mile 10 or so. | X78: yes | Y78: yes | Z78: n/a | AH78: "Ian Pearse, Marion Pearse, Soren Pearse, Asa Pearse" | AI78: Phantom Canyon Q. gambelii/undulata complex 1 | AJ78: N of Canon City along Phantom Cyn Road. trees here look like hybrids of the undulata complex with hints of turbinella or grisea or something like that with Q. gambelii. Good camping along road.. on left of road while going uphill. Just before bridge and mile 7 sign
A79: CO_CWC_564_IP | B79: 2d54836f-71dd-4c54-88ca-2618a4c9640c | C79: Q. gambelii/undulata | D79: 2024-09-10 18:51:23 UTC | E79: FAB ACE | F79: SRID=4326;POINT(-103.0832683 37.14207912) | G79: 37.142079 | H79: -103.08327 | I79: Q. gambelii/undulata | J79: CO | K79: Cottonwood Canyon | L79: CWC | M79: 564 | N79: IP | O79: CO_CWC_564_IP | P79: 45484 | Q79: 18 | V79: Tree chola (Cylindropuntia imbricata), Rhus triloba, Juniperus sp., Opuntia sp., Salix sp. along creek. | W79: Grove of oak trees along Cottonwood Creek in small canyon. Along creek near old homestead, there are trees that look a lot like hybrid bur / gambel oak and others that look like gambels or undulata complex. All putative bur oak hybrids were in a single grove stretching ~ 100-m in one direction along the creek. Some were really impressively large trees. | X79: yes | Y79: yes | Z79: n/a | AH79: "Ian Pearse, Marion Pearse, Soren Pearse, Asa Pearse" | AI79: Cottonwood Canyon Q. gambelii/undulata 4 | AJ79: on Comanche Grasslands SE of Kim, CO. very interesting site. on side of creek with putative bur oak grove.
A80: CO_CWC_562_IP | B80: 28ec0d20-384d-4d97-8d65-a8dbd105efdb | C80: Q. gambelii/undulata | D80: 2024-09-10 18:46:13 UTC | E80: FAB ACE | F80: SRID=4326;POINT(-103.0825514 37.14213959) | G80: 37.14214 | H80: -103.08255 | I80: Q. gambelii/undulata | J80: CO | K80: Cottonwood Canyon | L80: CWC | M80: 562 | N80: IP | O80: CO_CWC_562_IP | P80: 45484 | Q80: 10 | V80: Tree chola (Cylindropuntia imbricata), Rhus triloba, Juniperus sp., Opuntia sp., Salix sp. along creek. | W80: Grove of oak trees along Cottonwood Creek in small canyon. Along creek near old homestead, there are trees that look a lot like hybrid bur / gambel oak and others that look like gambels or undulata complex. All putative bur oak hybrids were in a single grove stretching ~ 100-m in one direction along the creek. Some were really impressively large trees. | X80: yes | Y80: yes | Z80: n/a | AH80: "Ian Pearse, Marion Pearse, Soren Pearse, Asa Pearse" | AI80: Cottonwood Canyon Q. gambelii/undulata 2 | AJ80: on Comanche Grasslands SE of Kim, CO. very interesting site. along strem on other side from putative bur oak grove by big rock.
... A83: CO_CWC_559_IP | B83: 6fcddacd-9de8-403b-bec2-e94164cd85c9 | C83: Q. gambelii | D83: 2024-09-10 18:31:13 UTC | E83: FAB ACE | F83: SRID=4326;POINT(-103.0828688 37.14216511) | G83: 37.142165 | H83: -103.08287 | I83: Q. gambelii | J83: CO | K83: Cottonwood Canyon | L83: CWC | M83: 559 | N83: IP | O83: CO_CWC_559_IP | P83: 45484 | Q83: 15 | V83: Tree chola (Cylindropuntia imbricata), Rhus triloba, Juniperus sp., Opuntia sp., Salix sp. along creek. | W83: Grove of oak trees along Cottonwood Creek in small canyon. Along creek near old homestead, there are trees that look a lot like hybrid bur / gambel oak and others that look like gambels or undulata complex. All putative bur oak hybrids were in a single grove stretching ~ 100-m in one direction along the creek. Some were really impressively large trees. | X83: yes | Y83: yes | Z83: n/a | AH83: "Ian Pearse, Marion Pearse, Soren Pearse, Asa Pearse" | AI83: Cottonwood Canyon Q. gambelii 4 | AJ83: on Comanche Grasslands SE of Kim, CO. very interesting site. at edge of grove leaning on its side.
A84: CO_CWC_556_IP | B84: 32573a4a-2ece-433c-a960-3b09ccd6e38f | C84: Q. gambelii | D84: 2024-09-10 18:20:49 UTC | E84: FAB ACE | F84: SRID=4326;POINT(-103.0832024 37.14247963) | G84: 37.14248 | H84: -103.0832 | I84: Q. gambelii | J84: CO | K84: Cottonwood Canyon | L84: CWC | M84: 556 | N84: IP | O84: CO_CWC_556_IP | P84: 45484 | Q84: 58 | T84: n/a | V84: Tree chola (Cylindropuntia imbricata), Rhus triloba, Juniperus sp., Opuntia sp., Salix sp. along creek. | W84: Grove of oak trees along Cottonwood Creek in small canyon. Along creek near old homestead, there are trees that look a lot like hybrid bur / gambel oak and others that look like gambels or undulata complex. All putative bur oak hybrids were in a single grove stretching ~ 100-m in one direction along the creek. Some were really impressively large trees. | X84: yes | Y84: yes | Z84: no | AA84: no | AH84: "Ian Pearse, Marion Pearse, Soren Pearse, Asa Pearse" | AI84: Cottonwood Canyon Q. gambelii 2 | AJ84: on Comanche Grasslands SE of Kim, CO. very interesting site. immediately behind ruined stone homestead. Large tree. Next to large juniper.
A85: CO_CWC_557_IP | B85: 1f9d74bf-178e-4da9-a75a-76e4414bad43 | C85: Q. gambelii | D85: 2024-09-10 18:15:30 UTC | E85: FAB ACE | F85: SRID=4326;POINT(-103.0831799 37.1423105) | G85: 37.142311 | H85: -103.08318 | I85: Q. gambelii | J85: CO | K85: Cottonwood Canyon | L85: CWC | M85: 557 | N85: IP | O85: CO_CWC_557_IP | P85: 45484 | V85: Tree chola (Cylindropuntia imbricata), Rhus triloba, Juniperus sp., Opuntia sp., Salix sp. along creek. | W85: Grove of oak trees along Cottonwood Creek in small canyon. Along creek near old homestead, there are trees that look a lot like hybrid bur / gambel oak and others that look like gambels or undulata complex. All putative bur oak hybrids were in a single grove stretching ~ 100-m in one direction along the creek. Some were really impressively large trees. | X85: yes | Y85: yes | Z85: n/a | AH85: "Ian Pearse, Marion Pearse, Soren Pearse, Asa Pearse" | AI85: Cottonwood Canyon Q. gambelii 2 | AJ85: on Comanche Grasslands SE of Kim, CO. very interesting site. Nearby. Very large tree toward creek from tree 1
A86: CO_MM_2_IP | B86: fb085ff1-02fa-4291-988d-e1a3486db8a6 | C86: Quercus gambelii | D86: 2024-06-28 16:13:59 UTC | E86: FAB ACE | F86: SRID=4326;POINT(-106.01401 38.498594) | G86: 38.498594 | H86: -106.01401 | I86: Quercus gambelii | J86: CO | K86: Methodist Mountain | L86: MM | M86: 2 | N86: IP | O86: CO_MM_2_IP | P86: 45436 | Q86: 5 | U86: Not Collected | V86: common: Pinus edulis, Juniperus sp, occasional: Ribes sp., Cercocarpus ledifolius | W86: pinon juniper forest on mountain side. Rocky soils. Oaks tend to be along dry washes. | X86: yes | Y86: no | Z86: no | AA86: no | AD86: 7fd6e53d-f958-43b7-8901-0bf360b52117 | AH86: Asa Pearse,Ian Pearse | AJ86: near Salida, shubby multistem, max 5 cm DBH, near dry wash, Near Tree 1 on other side of road.
A87: CO_MM_4_IP | B87: 2f54a1be-c1d9-4b24-b347-1e5d10b1eae5 | C87: Quercus gambelii | D87: 2024-06-28 16:12:57 UTC | E87: FAB ACE | F87: SRID=4326;POINT(-106.0043033 38.49783866) | G87: 38.497839 | H87: -106.0043 | I87: Quercus gambelii | J87: CO | K87: Methodist Mountain | L87: MM | M87: 4 | N87: IP | O87: CO_MM_4_IP | P87: 45436 | Q87: 5 | U87: Not Collected | V87: common: Pinus edulis, Juniperus sp, occasional: Ribes sp., Cercocarpus ledifolius | W87: pinon juniper forest on mountain side. Rocky soils. Oaks tend to be along dry washes. | X87: yes | Y87: no | Z87: no | AA87: no | AD87: 331185c0-544f-42e9-9a09-0ca30e727c68 | AH87: Asa Pearse,Ian Pearse | AJ87: near Salida, shubby multistem, max 5 cm DBH, near dry wash, Along same wash as tree 3, head downhill for a ways. Tree is in wash.
A88: CO_MM_3_IP | B88: 83908b30-e2b2-4335-98fa-a9b55fd45d46 | C88: Quercus gambelii | D88: 2024-06-28 16:12:45 UTC | E88: FAB ACE | F88: SRID=4326;POINT(-106.004199 38.4970266) | G88: 38.497027 | H88: -106.0042 | I88: Quercus gambelii | J88: CO | K88: Methodist Mountain | L88: MM | M88: 3 | N88: IP | O88: CO_MM_3_IP | P88: 45436 | Q88: 5 | S88: No evidence | U88: Not Collected | V88: common: Pinus edulis, Juniperus sp, occasional: Ribes sp., Cercocarpus ledifolius | W88: pinon juniper forest on mountain side. Rocky soils. Oaks tend to be along dry washes. | X88: yes | Y88: no | Z88: n/a | AH88: Asa Pearse,Ian Pearse | AJ88: near Salida, shubby multistem, max 5 cm DBH, near dry wash, Go back to junction with road 108. follow powerline the other direction for only ~ 30 meters. Tree on right.
A89: CO_MM_1_IP | B89: 4e1e5df1-3a21-4482-9aa0-31c84b142805 | C89: Quercus gambelii | D89: 2024-06-28 15:49:40 UTC | E89: FAB ACE | F89: SRID=4326;POINT(-106.014191 38.498408045) | G89: 38.498408 | H89: -106.01419 | I89: Quercus gambelii | J89: CO | K89: Methodist Mountain | L89: MM | M89: 1 | N89: IP | O89: CO_MM_1_IP | P89: 45436 | Q89: 5 | U89: Not Collected | V89: common: Pinus edulis, Juniperus sp, occasional: Ribes sp., Cercocarpus ledifolius | W89: pinon juniper forest on mountain side. Rocky soils. Oaks tend to be along dry washes. | X89: yes | Y89: yes | Z89: no | AA89: no | AD89: 8752d5a5-b754-4fec-be1d-591a5fad5cdc | AH89: Asa Pearse,Ian Pearse | AJ89: near Salida, near dry wash, Directions: From Salida, head up toward methodist mountain on rd 107 / 108. Take a right to follow powerline until you almost reach the Rainbow Trail and road gets rough. Tree on left in wash
A90: MA_SBF_406_MG | B90: 013c8fa2-3f74-4c58-ba5e-49349d26e86d | C90: Quercus macrocarpa | D90: 2023-10-11 00:36:25 UTC | E90: FAB ACE | F90: SRID=4326;POINT(-73.38521434001008 42.08476204894699) | G90: 42.084762 | H90: -73.385214 | I90: Quercus macrocarpa | J90: MA | K90: Schenob Brook Fen | L90: SBF | M90: 406 | N90: MG | O90: MA_SBF_406_MG | P90: 44795 | Q90: 57.9 | R90: 27 | S90: No evidence | T90: no | U90: 1 hemlock 3 Fraxinus 1 Juglans 2 Pinus 1 Q. macrocarpa | V90: Dryopterus, sensitive fern, Christmas fern, hylodesmum glutinosum, northern spice bush | W90: Fern understory, watershed forest | X90: yes | Y90: yes | Z90: yes | AA90: yes | AB90: 13964a9c-fe6d-4b64-be94-3a7548870997,fb68f17f-4ba9-4a40-9cfe-6c3d536a9182 | AD90: 6628e69d-7005-4bbe-a3a5-a2cc99698b73,cdff667a-a39a-40ac-a8f4-2f472cbdf00d | AE90: 0bdf2477-3a52-4cdc-9fbe-0ae77ff40912 | AH90: Leah Samuels,Mira Garner | AJ90: Need pole pruners Subcanopy leaves
A91: MN_CDR_221_BF | B91: 26b7e1db-8f50-43f9-aa1a-b23b49d92b19 | C91: Quercus alba | D91: 2023-09-15 17:03:15 UTC | E91: FAB ACE | F91: SRID=4326;POINT(-93.2002115 45.4243206) | G91: 45.424321 | H91: -93.200211 | I91: Quercus alba | J91: MN | K91: Cedar Creek | L91: CDR | M91: 221 | N91: BF | O91: MN_CDR_221_BF | P91: 44799 | Q91: 24 | R91: 17 | S91: No evidence | T91: no | U91: 4 pin oaks 2 red maple | V91: Unknown ferns Red pine seedlings | W91: Closed canopy forest In a depression next to the road | X91: yes | Y91: yes | Z91: no | AA91: no | AB91: f9cea524-aad6-41e2-8bc0-c1954c14810c | AC91: e20e5196-3fdb-4f8c-988c-3947fa4b91c4 | AD91: df7270e8-d2a2-4670-9378-3a6aff43a991 | AE91: 41c1473e-16cc-4eac-b2b2-936d996a8336 | AH91: Brett Fredericksen
A92: MN_CDR_216_BF | B92: 5c08f3dd-f10b-406f-85df-9e6af609898e | C92: Quercus macrocarpa | D92: 2023-09-15 15:35:09 UTC | E92: FAB ACE | F92: SRID=4326;POINT(-93.1825429 45.3977715) | G92: 45.397771 | H92: -93.182543 | I92: Quercus macrocarpa | J92: MN | K92: Cedar Creek | L92: CDR | M92: 216 | N92: BF | O92: MN_CDR_216_BF | P92: 44784 | Q92: 39 | R92: 16 | S92: Seeds ripening | U92: 4 bur oaks, 1 quaking aspen | V92: Big blue stem, bergamot, pig weed, Virginia creeper, hazel | W92: Savanna. Open with mild north facing slope | X92: yes | Y92: yes | Z92: no | AA92: no | AB92: a9f6c896-e153-49dc-a165-1328c1f32391,65b71f07-5891-4141-b1bb-04662ebef088 | AD92: 21a94d10-b3e6-49bf-a522-5e95261635c0 | AE92: defb7e7f-ed80-450b-bd51-e4c6b6a27523 | AH92: Brett Fredericksen | AJ92: Plant 86 from acorn collection 2021. Tagged 2817 from another study.
A93: MN_CDR_215_BF | B93: e0bef873-d607-4c96-b992-d09313776fe5 | C93: Quercus macrocarpa | D93: 2023-09-15 15:04:19 UTC | E93: FAB ACE | F93: SRID=4326;POINT(-93.1828171 45.3980073) | G93: 45.398007 | H93: -93.182817 | I93: Quercus macrocarpa | J93: MN | K93: Cedar Creek | L93: CDR | M93: 215 | N93: BF | O93: MN_CDR_215_BF | P93: 44784 | Q93: 61.7 | R93: 20 | S93: No evidence | T93: no | U93: 1 pin oak, 3 chokeberry, 2 bur oaks. 1 cherry | V93: Solidarity canadensis, milkweed, hazel | W93: Forest edge near Savanah area. Relatively flat and sandy | X93: yes | Y93: yes | Z93: no | AB93: 5cd16b89-1fb8-49b1-ae14-0390daafa80f,22870816-ccc7-475d-9da1-57b42ec2869e | AD93: 83039afb-ddb8-4517-b7d6-5035d23b0ff7 | AE93: 82cd3727-4652-46a0-9214-1cd0fa7ab964 | AF93: e345ea2b-8320-470b-b302-2fdb3fbff109 | AH93: Brett Fredericksen | AJ93: Tree 85 from acorn collections. Tagged 101 from another study.
A94: MN_CDR_217_BF | B94: 55ec94ac-3b45-4bfa-97a4-12ba8122840d | C94: Quercus macrocarpa | D94: 2023-09-15 14:58:27 UTC | E94: FAB ACE | F94: SRID=4326;POINT(-93.1830983 45.3990201) | G94: 45.39902 | H94: -93.183098 | I94: Quercus macrocarpa | J94: MN | K94: Cedar Creek | L94: CDR | M94: 217 | N94: BF | O94: MN_CDR_217_BF | P94: 44784 | Q94: 17.8 | R94: 8 | S94: Seeds ripening | T94: no | U94: 4 bur oak, 1 pin oak, 1 black cherry | V94: Hazel, buckthorn, sedges, milkweed, big bluestem | W94: Open savanna on a small rise. Very sandy | X94: yes | Y94: yes | Z94: no | AA94: no | AB94: e738881a-d066-4a44-aebc-9291bc5acbac,802ddeed-0034-4f67-b80a-5351d8f5c599 | AD94: ccd711b2-c83f-42e8-9c92-915b1f1db6bd | AE94: 8ed3d9ea-68bb-4652-b027-df35770e67c1 | AH94: Brett Fredericksen | AJ94: Multi-stemed. Plant 82 in acorn collection
A95: MN_CDR_219_BF | B95: ba6fff16-f927-4a30-b744-8398b89c0532 | C95: Quercus macrocarpa | D95: 2023-09-15 14:35:53 UTC | E95: FAB ACE | F95: SRID=4326;POINT(-93.1832759 45.4001406) | G95: 45.400141 | H95: -93.183276 | I95: Quercus macrocarpa | J95: MN | K95: Cedar Creek | L95: CDR | M95: 219 | N95: BF | O95: MN_CDR_219_BF | P95: 44784 | Q95: 14.8 | R95: 8 | S95: Seeds ripening | T95: no | U95: 3 bur oaks | V95: Hazel, bromus, small pin oaks, little blue stem | W95: Semiopen area with lots of downed woody debris | X95: yes | Y95: yes | Z95: no | AA95: no | AB95: d509c6e1-0f54-4a42-914e-817b808a4a00,c01bc1d6-6967-4df4-823b-82d7a3bd5e27 | AC95: df5dc1bc-03b8-41f7-a4a3-95994121aa1a,29354727-07d9-4e1a-b0d2-ec113e8771d9 | AD95: c2723610-857f-4940-8a9c-83c9f410ab19 | AE95: d1df390e-6750-42ec-9192-721d0ff09add | AH95: Brett Fredericksen | AJ95: Plant 89 acorn collections
A96: WI_PKL_231_MG | B96: 14317e10-079d-4c3b-b0b6-037bd35dac1d | C96: Quercus alba | D96: 2023-09-14 19:01:47 UTC | E96: FAB ACE | F96: SRID=4326;POINT(-91.50763906582696 46.33254466263731) | G96: 46.332545 | H96: -91.507639 | I96: Quercus alba | J96: WI | K96: Pickerel Lake | L96: PKL | M96: 231 | N96: MG | O96: WI_PKL_231_MG | P96: 44763 | Q96: 4.3 | R96: 8 | S96: Seeds ripening | T96: no | U96: 1 Aspen | V96: Quercus red oak group, fern, red maple, Ulmus sp., Sessile bellwort | W96: Lake forest, fairly dry, low underbrush, lots of small stems. Upland sand barrens | X96: yes | Y96: yes | Z96: n/a | AA96: no | AB96: f000e59f-6876-499e-aa0b-c4bb94490b5e,14a36231-9415-4485-b946-482d31c4883f | AC96: 0ef8e9dd-9c77-47da-aae2-d421d17db0f2 | AD96: 3441442f-cc95-45a6-ab3f-55ddbba8b0f6 | AE96: a8105c1e-9d0b-43d0-93e8-d93a8108313a | AH96: Leah Samuels,Mira Garner | AJ96: All trees at this site are tagged at the base
A97: WI_PKL_235_MG | B97: 3f88e73e-c584-4aae-9205-91fcb125b0a0 | C97: Quercus macrocarpa | D97: 2023-09-14 18:29:14 UTC | E97: FAB ACE | F97: SRID=4326;POINT(-91.50660711417501 46.331629874773725) | G97: 46.33163 | H97: -91.506607 | I97: Quercus macrocarpa | J97: WI | K97: Pickerel Lake | L97: PKL | M97: 235 | N97: MG | O97: WI_PKL_235_MG | P97: 44763 | Q97: 14.8 | R97: 19 | S97: Male flowers showing,Seeds ripening | T97: no | U97: 1 Spruce 4 red maple | V97: Red maple, Quercus macrocarpa, ferns, starflower, poaceae, ulmus sp., | W97: Lake forest, fairly dry, low underbrush, lots of small stems. Upland sand barrens | X97: yes | Y97: yes | Z97: no | AA97: no | AB97: d6987c25-aa89-4149-a70d-80aa522e28c0,56b84958-1809-4175-8063-a1ba0374536d,296dcb1f-9613-480b-998f-3748bcf20249,f5afeff0-5a25-44cb-8356-dfa1a2ed5078 | AD97: 6ab56104-a2cf-45fd-836b-029d93491a6e | AE97: bc188da8-b60b-43fa-8eec-f1a0f7cf725c | AH97: Leah Samuels,Mira Garner
A98: WI_PKL_229_MG | B98: 7d8ff0e1-02fb-48f8-9ade-b06d13b07caa | C98: Quercus alba | D98: 2023-09-14 18:25:37 UTC | E98: FAB ACE | F98: SRID=4326;POINT(-91.50712662429156 46.33213000138265) | G98: 46.33213 | H98: -91.507127 | I98: Quercus alba | J98: WI | K98: Pickerel Lake | L98: PKL | M98: 229 | N98: MG | O98: WI_PKL_229_MG | P98: 44763 | Q98: 7.7 | R98: 13 | S98: Seeds ripening | T98: no | U98: None over 10cm | V98: Red Maple White oak Fern, burr oak, starflower, milkweed, | W98: Lake forest, fairly dry, low underbrush, lots of small stems. Upland sand barrens | X98: yes | Y98: yes | Z98: no | AA98: no | AB98: f77199fe-ec7a-40f6-8101-0d0946818c14,fe63d516-c74f-4177-b06e-9cae45cfc71d,5f852666-49d0-4a5b-bb02-31da33b21af3 | AD98: fb9746a9-c5cf-4307-b9ae-a0243e6a3d01 | AE98: de0bd81e-9aa0-4b3a-8393-f93945f8058f | AH98: Leah Samuels,Mira Garner
A99: WI_PKL_237_MG | B99: 5e01ebe1-cee0-42d9-b7bd-bf51e0debb0a | C99: Quercus macrocarpa | D99: 2023-09-14 17:29:39 UTC | E99: FAB ACE | F99: SRID=4326;POINT(-91.50784836547305 46.330648421679456) | G99: 46.330648 | H99: -91.507848 | I99: Quercus macrocarpa | J99: WI | K99: Pickerel Lake | L99: PKL | M99: 237 | N99: MG | O99: WI_PKL_237_MG | P99: 44763 | Q99: 29 | R99: 18 | S99: Male flowers showing,Seeds ripening | T99: no | U99: 1 aspen | V99: Ulmus sp., fern, poaceae, wild sarsaparilla, early meadow rue, | W99: Lake forest, fairly dry, practically no foliage , lots of small stems. Upland sand barrens | X99: yes | Y99: yes | Z99: n/a | AA99: no | AB99: 5f01903d-6aff-45bb-bf18-de8578d8af7b,f4fb128a-9123-49ad-96f1-72a02a3d77bd,4b9c52c2-da05-45f0-b1a8-b4976faab641 | AD99: f2a8ee23-e137-4e6a-8259-2acd5b1ae0a9 | AH99: Leah Samuels,Mira Garner
A100: WI_PKL_234_MG | B100: 5ce4567c-0360-412d-b905-ccd6aead4d9e | C100: Quercus macrocarpa | D100: 2023-09-14 16:03:29 UTC | E100: FAB ACE | F100: SRID=4326;POINT(-91.50691587348588 46.33084630329239) | G100: 46.330846 | H100: -91.506916 | I100: Quercus macrocarpa | J100: WI | K100: Pickerel Lake | L100: PKL | M100: 234 | N100: MG | O100: WI_PKL_234_MG | P100: 44763 | Q100: 15.9 | R100: 18 | S100: Male flowers showing,Seeds ripening | T100: no | U100: 3 spruce 2 red maple | V100: Ulmus sp., ferns, poaceae, wood anemone, | W100: Lake forest, fairly dry, low underbrush, lots of small stems. Upland sand barrens | X100: yes | Y100: yes | Z100: no | AA100: no | AB100: a1709c07-b1dd-4fcb-8080-a1d1c63d4633,22ea9bdc-12b4-4996-9445-6c7b865b2d6c,33813116-193a-4d9d-9608-0dc6b985588d,dbaa777d-096a-4ff5-8473-f988e1c83479 | AD100: 8a82ae0a-4c81-405b-bb7c-038730f9e4c0 | AE100: 4224c6c0-a1cb-4815-9c26-60aa3b2e7ed1 | AH100: Leah Samuels,Mira Garner
A101: WI_PKL_236_MG | B101: 4c67c379-808c-47ed-b8e1-2e851ba5a13a | C101: Quercus macrocarpa | D101: 2023-09-14 14:55:39 UTC | E101: FAB ACE | F101: SRID=4326;POINT(-91.50697116764337 46.330664789169695) | G101: 46.330665 | H101: -91.506971 | I101: Quercus macrocarpa | J101: WI | K101: Pickerel Lake | L101: PKL | M101: 236 | N101: MG | O101: WI_PKL_236_MG | P101: 44763 | Q101: 12.8 | R101: 12 | S101: Male flowers showing,Seeds ripening | T101: no | U101: 1 pinus sp. (Resinosa?? 2 Quercus red oak group 2 Quercus macrocarpa | V101: Wood anemone, Rubus? | W101: Lake forest, fairly dry, practically no foliage , lots of small stems. Upland sand barrens | X101: yes | Y101: yes | Z101: no | AA101: no | AB101: ecb94907-1939-43c6-9163-cee203265729,680ee671-d44a-40ea-8fd3-5c9f8f60d128,bbeb3f06-92c8-480a-8887-443ed04a32f7,b8ccdb6e-7e75-4abf-b5ed-b2222f168aa2 | AD101: f7326873-078f-40a9-9fa3-a8168af1755f | AE101: 4a00edca-e778-4155-8b4b-07b993955747 | AH101: Leah Samuels,Mira Garner | AJ101: Untagged
A102: IA_CHP_069_MG | B102: d7fc4465-24e1-46da-90b5-e0fa5fcac21c | C102: Quercus macrocarpa | D102: 2023-09-13 14:24:49 UTC | E102: FAB ACE | F102: SRID=4326;POINT(-91.72294098074616 41.973951936463166) | G102: 41.973952 | H102: -91.722941 | I102: Quercus macrocarpa | J102: IA | K102: Cherokee Park | L102: CHP | M102: 69 | N102: MG | O102: IA_CHP_069_MG | P102: 44722 | Q102: 74.5 | R102: 24 | S102: No evidence | T102: no | U102: No woody stems | V102: Grass, common plantain, dandelion | W102: Open park | X102: yes | Y102: yes | Z102: yes | AA102: yes | AB102: 2dd0d39c-d4b8-4b82-ad91-d094a334408d,6d12d44f-af86-4ba2-b08f-b839f439e393 | AD102: fde4c971-f8f6-46df-b2e1-72c24af59dc4 | AE102: 315b5598-f895-405e-b140-567062ab2313 | AF102: 7c8f4608-f968-45ef-89c2-b142dbdc41b0,04a4569e-2c09-4d65-aad8-b1d3601570a2 | AH102: Briana Beatty,Klara Peterson,Leah Samuels,Mira Garner | AJ102: Subcanopy leaves, untagged left of trail
...

Sheet Sheet4
A1: Seq | B1: Bam | C1: collectionNumber | D1: State | E1: siteABB | F1: Pop | G1: GenomicVoucherID_USE_THIS | H1: Sp | I1: count
A2: SYST-MOR-0007129 | B2: =_xlfn.CONCAT(A2,".bam") -> SYST-MOR-0007129.bam | C2: AR_BRP_409_MG | D2: AR | E2: BRP | F2: AR_BRP | G2: Quercus lyrata Walt. | H2: =IF(ISERROR(FIND("x",LEFT(G2,LEN(G2)-7),1)),RIGHT(LEFT(G2,11),3),G2) -> lyr | I2: 1
A3: SYST-MOR-0007130 | B3: =_xlfn.CONCAT(A3,".bam") -> SYST-MOR-0007130.bam | C3: AR_BRP_410_MG | D3: AR | E3: BRP | F3: AR_BRP | G3: Quercus macrocarpa Michx. | H3: =IF(ISERROR(FIND("x",LEFT(G3,LEN(G3)-7),1)),RIGHT(LEFT(G3,11),3),G3) -> mac | I3: 1
A4: SYST-MOR-0007131 | B4: =_xlfn.CONCAT(A4,".bam") -> SYST-MOR-0007131.bam | C4: AR_BRP_411_MG | D4: AR | E4: BRP | F4: AR_BRP | G4: Quercus stellata Wangenh. | H4: =IF(ISERROR(FIND("x",LEFT(G4,LEN(G4)-7),1)),RIGHT(LEFT(G4,11),3),G4) -> ste | I4: 1
A5: SYST-MOR-0007132 | B5: =_xlfn.CONCAT(A5,".bam") -> SYST-MOR-0007132.bam | C5: AR_BRP_412_MG | D5: AR | E5: BRP | F5: AR_BRP | G5: Quercus macrocarpa Michx. | H5: =IF(ISERROR(FIND("x",LEFT(G5,LEN(G5)-7),1)),RIGHT(LEFT(G5,11),3),G5) -> mac | I5: 1
A6: SYST-MOR-0007133 | B6: =_xlfn.CONCAT(A6,".bam") -> SYST-MOR-0007133.bam | C6: AR_BRP_413_MG | D6: AR | E6: BRP | F6: AR_BRP | G6: Quercus stellata Wangenh. | H6: =IF(ISERROR(FIND("x",LEFT(G6,LEN(G6)-7),1)),RIGHT(LEFT(G6,11),3),G6) -> ste | I6: 1
A7: SYST-MOR-0007134 | B7: =_xlfn.CONCAT(A7,".bam") -> SYST-MOR-0007134.bam | C7: AR_BRP_414_MG | D7: AR | E7: BRP | F7: AR_BRP | G7: Quercus lyrata Walt. | H7: =IF(ISERROR(FIND("x",LEFT(G7,LEN(G7)-7),1)),RIGHT(LEFT(G7,11),3),G7) -> lyr | I7: 1
A8: SYST-MOR-0007135 | B8: =_xlfn.CONCAT(A8,".bam") -> SYST-MOR-0007135.bam | C8: AR_BRP_415_MG | D8: AR | E8: BRP | F8: AR_BRP | G8: Quercus alba L. | H8: =IF(ISERROR(FIND("x",LEFT(G8,LEN(G8)-7),1)),RIGHT(LEFT(G8,11),3),G8) -> alb | I8: 1
A9: SYST-MOR-0007136 | B9: =_xlfn.CONCAT(A9,".bam") -> SYST-MOR-0007136.bam | C9: AR_BRP_416_MG | D9: AR | E9: BRP | F9: AR_BRP | G9: Quercus stellata Wangenh. | H9: =IF(ISERROR(FIND("x",LEFT(G9,LEN(G9)-7),1)),RIGHT(LEFT(G9,11),3),G9) -> ste | I9: 1
A10: SYST-MOR-0007137 | B10: =_xlfn.CONCAT(A10,".bam") -> SYST-MOR-0007137.bam | C10: AR_BRP_417_MG | D10: AR | E10: BRP | F10: AR_BRP | G10: Quercus macrocarpa Michx. | H10: =IF(ISERROR(FIND("x",LEFT(G10,LEN(G10)-7),1)),RIGHT(LEFT(G10,11),3),G10) -> mac | I10: 1
A11: SYST-MOR-0007138 | B11: =_xlfn.CONCAT(A11,".bam") -> SYST-MOR-0007138.bam | C11: AR_BRP_418_MG | D11: AR | E11: BRP | F11: AR_BRP | G11: Quercus lyrata Walt. | H11: =IF(ISERROR(FIND("x",LEFT(G11,LEN(G11)-7),1)),RIGHT(LEFT(G11,11),3),G11) -> lyr | I11: 1
A12: SYST-MOR-0007139 | B12: =_xlfn.CONCAT(A12,".bam") -> SYST-MOR-0007139.bam | C12: AR_BRP_419_MG | D12: AR | E12: BRP | F12: AR_BRP | G12: Quercus stellata Wangenh. | H12: =IF(ISERROR(FIND("x",LEFT(G12,LEN(G12)-7),1)),RIGHT(LEFT(G12,11),3),G12) -> ste | I12: 1
A13: SYST-MOR-0007140 | B13: =_xlfn.CONCAT(A13,".bam") -> SYST-MOR-0007140.bam | C13: AR_BRP_420_MG | D13: AR | E13: BRP | F13: AR_BRP | G13: Quercus alba L. | H13: =IF(ISERROR(FIND("x",LEFT(G13,LEN(G13)-7),1)),RIGHT(LEFT(G13,11),3),G13) -> alb | I13: 1
... A57: SYST-MOR-0007250 | B57: =_xlfn.CONCAT(A57,".bam") -> SYST-MOR-0007250.bam | C57: IL_CHB_530_MG | D57: IL | E57: CHB | F57: IL_CHB | G57: Quercus alba L. | H57: =IF(ISERROR(FIND("x",LEFT(G57,LEN(G57)-7),1)),RIGHT(LEFT(G57,11),3),G57) -> alb | I57: 1
A58: SYST-MOR-0006717 | B58: =_xlfn.CONCAT(A58,".bam") -> SYST-MOR-0006717.bam | C58: IL_HP_MG919_MG | D58: IL | E58: HP | F58: IL_HP | G58: Quercus michauxii Nutt. | H58: mic | I58: 1
A59: SYST-MOR-0006718 | B59: =_xlfn.CONCAT(A59,".bam") -> SYST-MOR-0006718.bam | C59: IL_HP_MG920_MG | D59: IL | E59: HP | F59: IL_HP | G59: Quercus michauxii Nutt. | H59: mic | I59: 1
A60: SYST-MOR-0006719 | B60: =_xlfn.CONCAT(A60,".bam") -> SYST-MOR-0006719.bam | C60: IL_HP_MG921_MG | D60: IL | E60: HP | F60: IL_HP | G60: Quercus michauxii Nutt. | H60: mic | I60: 1
A61: SYST-MOR-0006729 | B61: =_xlfn.CONCAT(A61,".bam") -> SYST-MOR-0006729.bam | C61: IL_MOR_135_MG | D61: IL | E61: MOR | F61: IL_MOR | G61: Quercus macrocarpa Michx. | H61: =IF(ISERROR(FIND("x",LEFT(G61,LEN(G61)-7),1)),RIGHT(LEFT(G61,11),3),G61) -> mac | I61: 1
A62: SYST-MOR-0006732 | B62: =_xlfn.CONCAT(A62,".bam") -> SYST-MOR-0006732.bam | C62: IL_MOR_136_MG | D62: IL | E62: MOR | F62: IL_MOR | G62: Quercus alba L. | H62: =IF(ISERROR(FIND("x",LEFT(G62,LEN(G62)-7),1)),RIGHT(LEFT(G62,11),3),G62) -> alb | I62: 1
A63: SYST-MOR-0006731 | B63: =_xlfn.CONCAT(A63,".bam") -> SYST-MOR-0006731.bam | C63: IL_MOR_137_MG | D63: IL | E63: MOR | F63: IL_MOR | G63: Quercus macrocarpa Michx. | H63: =IF(ISERROR(FIND("x",LEFT(G63,LEN(G63)-7),1)),RIGHT(LEFT(G63,11),3),G63) -> mac | I63: 1
A64: SYST-MOR-0006730 | B64: =_xlfn.CONCAT(A64,".bam") -> SYST-MOR-0006730.bam | C64: IL_MOR_138_MG | D64: IL | E64: MOR | F64: IL_MOR | G64: Quercus alba L. | H64: =IF(ISERROR(FIND("x",LEFT(G64,LEN(G64)-7),1)),RIGHT(LEFT(G64,11),3),G64) -> alb | I64: 1
A65: SYST-MOR-0006733 | B65: =_xlfn.CONCAT(A65,".bam") -> SYST-MOR-0006733.bam | C65: IL_MOR_139_MG | D65: IL | E65: MOR | F65: IL_MOR | G65: Quercus bicolor Willd. | H65: =IF(ISERROR(FIND("x",LEFT(G65,LEN(G65)-7),1)),RIGHT(LEFT(G65,11),3),G65) -> bic | I65: 1
A66: SYST-MOR-0006734 | B66: =_xlfn.CONCAT(A66,".bam") -> SYST-MOR-0006734.bam | C66: IL_MOR_140_MG | D66: IL | E66: MOR | F66: IL_MOR | G66: Quercus alba L. | H66: =IF(ISERROR(FIND("x",LEFT(G66,LEN(G66)-7),1)),RIGHT(LEFT(G66,11),3),G66) -> alb | I66: 1
A67: SYST-MOR-0006736 | B67: =_xlfn.CONCAT(A67,".bam") -> SYST-MOR-0006736.bam | C67: IL_MOR_141_MG | D67: IL | E67: MOR | F67: IL_MOR | G67: Quercus alba L. | H67: =IF(ISERROR(FIND("x",LEFT(G67,LEN(G67)-7),1)),RIGHT(LEFT(G67,11),3),G67) -> alb | I67: 1
A68: SYST-MOR-0006735 | B68: =_xlfn.CONCAT(A68,".bam") -> SYST-MOR-0006735.bam | C68: IL_MOR_142_MG | D68: IL | E68: MOR | F68: IL_MOR | G68: Quercus macrocarpa Michx. | H68: =IF(ISERROR(FIND("x",LEFT(G68,LEN(G68)-7),1)),RIGHT(LEFT(G68,11),3),G68) -> mac | I68: 1
A69: SYST-MOR-0006737 | B69: =_xlfn.CONCAT(A69,".bam") -> SYST-MOR-0006737.bam | C69: IL_MOR_143_MG | D69: IL | E69: MOR | F69: IL_MOR | G69: Quercus macrocarpa Michx. | H69: =IF(ISERROR(FIND("x",LEFT(G69,LEN(G69)-7),1)),RIGHT(LEFT(G69,11),3),G69) -> mac | I69: 1
A70: SYST-MOR-0006739 | B70: =_xlfn.CONCAT(A70,".bam") -> SYST-MOR-0006739.bam | C70: IL_MOR_144_MG | D70: IL | E70: MOR | F70: IL_MOR | G70: Quercus alba L. | H70: =IF(ISERROR(FIND("x",LEFT(G70,LEN(G70)-7),1)),RIGHT(LEFT(G70,11),3),G70) -> alb | I70: 1
A71: SYST-MOR-0006738 | B71: =_xlfn.CONCAT(A71,".bam") -> SYST-MOR-0006738.bam | C71: IL_MOR_145_MG | D71: IL | E71: MOR | F71: IL_MOR | G71: Quercus macrocarpa Michx. | H71: =IF(ISERROR(FIND("x",LEFT(G71,LEN(G71)-7),1)),RIGHT(LEFT(G71,11),3),G71) -> mac | I71: 1
A72: SYST-MOR-0006740 | B72: =_xlfn.CONCAT(A72,".bam") -> SYST-MOR-0006740.bam | C72: IL_MOR_146_MG | D72: IL | E72: MOR | F72: IL_MOR | G72: Quercus macrocarpa Michx. | H72: =IF(ISERROR(FIND("x",LEFT(G72,LEN(G72)-7),1)),RIGHT(LEFT(G72,11),3),G72) -> mac | I72: 1
... A82: SYST-MOR-0006761 | B82: =_xlfn.CONCAT(A82,".bam") -> SYST-MOR-0006761.bam | C82: IL_OB_029_All | D82: IL | E82: OB | F82: IL_OB | G82: Quercus macrocarpa Michx. | H82: =IF(ISERROR(FIND("x",LEFT(G82,LEN(G82)-7),1)),RIGHT(LEFT(G82,11),3),G82) -> mac | I82: 1
A83: SYST-MOR-0006762 | B83: =_xlfn.CONCAT(A83,".bam") -> SYST-MOR-0006762.bam | C83: IL_OB_030_All | D83: IL | E83: OB | F83: IL_OB | G83: Quercus lyrata x Quercus macrocarpa | H83: lyr x mac | I83: 1
A84: SYST-MOR-0007180 | B84: =_xlfn.CONCAT(A84,".bam") -> SYST-MOR-0007180.bam | C84: IL_RCA_460_MG | D84: IL | E84: RCA | F84: IL_RCA | G84: Quercus alba L. | H84: =IF(ISERROR(FIND("x",LEFT(G84,LEN(G84)-7),1)),RIGHT(LEFT(G84,11),3),G84) -> alb | I84: 1
A85: SYST-MOR-0007181 | B85: =_xlfn.CONCAT(A85,".bam") -> SYST-MOR-0007181.bam | C85: IL_RCA_461_MG | D85: IL | E85: RCA | F85: IL_RCA | G85: Quercus macrocarpa Michx. | H85: =IF(ISERROR(FIND("x",LEFT(G85,LEN(G85)-7),1)),RIGHT(LEFT(G85,11),3),G85) -> mac | I85: 1
A86: SYST-MOR-0007182 | B86: =_xlfn.CONCAT(A86,".bam") -> SYST-MOR-0007182.bam | C86: IL_RCA_462_MG | D86: IL | E86: RCA | F86: IL_RCA | G86: Quercus bicolor Willd. | H86: =IF(ISERROR(FIND("x",LEFT(G86,LEN(G86)-7),1)),RIGHT(LEFT(G86,11),3),G86) -> bic | I86: 1
A87: SYST-MOR-0007183 | B87: =_xlfn.CONCAT(A87,".bam") -> SYST-MOR-0007183.bam | C87: IL_RCA_463_MG | D87: IL | E87: RCA | F87: IL_RCA | G87: Quercus macrocarpa Michx. | H87: =IF(ISERROR(FIND("x",LEFT(G87,LEN(G87)-7),1)),RIGHT(LEFT(G87,11),3),G87) -> mac | I87: 1
A88: SYST-MOR-0007184 | B88: =_xlfn.CONCAT(A88,".bam") -> SYST-MOR-0007184.bam | C88: IL_RCA_464_MG | D88: IL | E88: RCA | F88: IL_RCA | G88: Quercus alba L. | H88: =IF(ISERROR(FIND("x",LEFT(G88,LEN(G88)-7),1)),RIGHT(LEFT(G88,11),3),G88) -> alb | I88: 1
A89: SYST-MOR-0007185 | B89: =_xlfn.CONCAT(A89,".bam") -> SYST-MOR-0007185.bam | C89: IL_RCA_465_MG | D89: IL | E89: RCA | F89: IL_RCA | G89: Quercus bicolor Willd. | H89: =IF(ISERROR(FIND("x",LEFT(G89,LEN(G89)-7),1)),RIGHT(LEFT(G89,11),3),G89) -> bic | I89: 1
A90: SYST-MOR-0007186 | B90: =_xlfn.CONCAT(A90,".bam") -> SYST-MOR-0007186.bam | C90: IL_RCA_466_MG | D90: IL | E90: RCA | F90: IL_RCA | G90: Quercus alba L. | H90: =IF(ISERROR(FIND("x",LEFT(G90,LEN(G90)-7),1)),RIGHT(LEFT(G90,11),3),G90) -> alb | I90: 1
A91: SYST-MOR-0007187 | B91: =_xlfn.CONCAT(A91,".bam") -> SYST-MOR-0007187.bam | C91: IL_RCA_467_MG | D91: IL | E91: RCA | F91: IL_RCA | G91: Quercus bicolor Willd. | H91: =IF(ISERROR(FIND("x",LEFT(G91,LEN(G91)-7),1)),RIGHT(LEFT(G91,11),3),G91) -> bic | I91: 1
A92: SYST-MOR-0007188 | B92: =_xlfn.CONCAT(A92,".bam") -> SYST-MOR-0007188.bam | C92: IL_RCA_468_MG | D92: IL | E92: RCA | F92: IL_RCA | G92: Quercus macrocarpa Michx. | H92: =IF(ISERROR(FIND("x",LEFT(G92,LEN(G92)-7),1)),RIGHT(LEFT(G92,11),3),G92) -> mac | I92: 1
A93: SYST-MOR-0007189 | B93: =_xlfn.CONCAT(A93,".bam") -> SYST-MOR-0007189.bam | C93: IL_RCA_469_MG | D93: IL | E93: RCA | F93: IL_RCA | G93: Quercus alba L. | H93: =IF(ISERROR(FIND("x",LEFT(G93,LEN(G93)-7),1)),RIGHT(LEFT(G93,11),3),G93) -> alb | I93: 1
A94: SYST-MOR-0007190 | B94: =_xlfn.CONCAT(A94,".bam") -> SYST-MOR-0007190.bam | C94: IL_RCA_470_MG | D94: IL | E94: RCA | F94: IL_RCA | G94: Quercus macrocarpa Michx. | H94: =IF(ISERROR(FIND("x",LEFT(G94,LEN(G94)-7),1)),RIGHT(LEFT(G94,11),3),G94) -> mac | I94: 1
A95: SYST-MOR-0007191 | B95: =_xlfn.CONCAT(A95,".bam") -> SYST-MOR-0007191.bam | C95: IL_RCA_471_MG | D95: IL | E95: RCA | F95: IL_RCA | G95: Quercus bicolor x Quercus macrocarpa | H95: bic x mac | I95: 1
A96: SYST-MOR-0007192 | B96: =_xlfn.CONCAT(A96,".bam") -> SYST-MOR-0007192.bam | C96: IL_RCA_472_MG | D96: IL | E96: RCA | F96: IL_RCA | G96: Quercus alba L. | H96: =IF(ISERROR(FIND("x",LEFT(G96,LEN(G96)-7),1)),RIGHT(LEFT(G96,11),3),G96) -> alb | I96: 1
A97: SYST-MOR-0007193 | B97: =_xlfn.CONCAT(A97,".bam") -> SYST-MOR-0007193.bam | C97: IL_RCA_473_MG | D97: IL | E97: RCA | F97: IL_RCA | G97: Quercus macrocarpa Michx. | H97: =IF(ISERROR(FIND("x",LEFT(G97,LEN(G97)-7),1)),RIGHT(LEFT(G97,11),3),G97) -> mac | I97: 1
A98: SYST-MOR-0007194 | B98: =_xlfn.CONCAT(A98,".bam") -> SYST-MOR-0007194.bam | C98: IL_RCA_474_MG | D98: IL | E98: RCA | F98: IL_RCA | G98: Quercus bicolor Willd. | H98: =IF(ISERROR(FIND("x",LEFT(G98,LEN(G98)-7),1)),RIGHT(LEFT(G98,11),3),G98) -> bic | I98: 1
A99: SYST-MOR-0007219 | B99: =_xlfn.CONCAT(A99,".bam") -> SYST-MOR-0007219.bam | C99: IN_BLR_499_MG | D99: IN | E99: BLR | F99: IN_BLR | G99: Quercus macrocarpa Michx. | H99: =IF(ISERROR(FIND("x",LEFT(G99,LEN(G99)-7),1)),RIGHT(LEFT(G99,11),3),G99) -> mac | I99: 1
A100: SYST-MOR-0007220 | B100: =_xlfn.CONCAT(A100,".bam") -> SYST-MOR-0007220.bam | C100: IN_BLR_500_MG | D100: IN | E100: BLR | F100: IN_BLR | G100: Quercus macrocarpa Michx. | H100: =IF(ISERROR(FIND("x",LEFT(G100,LEN(G100)-7),1)),RIGHT(LEFT(G100,11),3),G100) -> mac | I100: 1
A101: SYST-MOR-0007228 | B101: =_xlfn.CONCAT(A101,".bam") -> SYST-MOR-0007228.bam | C101: IN_GRL_508_MG | D101: IN | E101: GRL | F101: IN_GRL | G101: Quercus alba L. | H101: =IF(ISERROR(FIND("x",LEFT(G101,LEN(G101)-7),1)),RIGHT(LEFT(G101,11),3),G101) -> alb | I101: 1
A102: SYST-MOR-0007229 | B102: =_xlfn.CONCAT(A102,".bam") -> SYST-MOR-0007229.bam | C102: IN_GRL_509_MG | D102: IN | E102: GRL | F102: IN_GRL | G102: Quercus alba L. | H102: =IF(ISERROR(FIND("x",LEFT(G102,LEN(G102)-7),1)),RIGHT(LEFT(G102,11),3),G102) -> alb | I102: 1
A103: SYST-MOR-0007230 | B103: =_xlfn.CONCAT(A103,".bam") -> SYST-MOR-0007230.bam | C103: IN_GRL_510_MG | D103: IN | E103: GRL | F103: IN_GRL | G103: Quercus alba L. | H103: =IF(ISERROR(FIND("x",LEFT(G103,LEN(G103)-7),1)),RIGHT(LEFT(G103,11),3),G103) -> alb | I103: 1
A104: SYST-MOR-0007231 | B104: =_xlfn.CONCAT(A104,".bam") -> SYST-MOR-0007231.bam | C104: IN_GRL_511_MG | D104: IN | E104: GRL | F104: IN_GRL | G104: Quercus alba L. | H104: =IF(ISERROR(FIND("x",LEFT(G104,LEN(G104)-7),1)),RIGHT(LEFT(G104,11),3),G104) -> alb | I104: 1
A105: SYST-MOR-0007232 | B105: =_xlfn.CONCAT(A105,".bam") -> SYST-MOR-0007232.bam | C105: IN_GRL_512_MG | D105: IN | E105: GRL | F105: IN_GRL | G105: Quercus alba L. | H105: =IF(ISERROR(FIND("x",LEFT(G105,LEN(G105)-7),1)),RIGHT(LEFT(G105,11),3),G105) -> alb | I105: 1
A106: SYST-MOR-0007233 | B106: =_xlfn.CONCAT(A106,".bam") -> SYST-MOR-0007233.bam | C106: IN_IUC_513_MG | D106: IN | E106: IUC | F106: IN_IUC | G106: Quercus macrocarpa Michx. | H106: =IF(ISERROR(FIND("x",LEFT(G106,LEN(G106)-7),1)),RIGHT(LEFT(G106,11),3),G106) -> mac | I106: 1
A107: SYST-MOR-0007221 | B107: =_xlfn.CONCAT(A107,".bam") -> SYST-MOR-0007221.bam | C107: IN_LCP_501_MG | D107: IN | E107: LCP | F107: IN_LCP | G107: Quercus macrocarpa Michx. | H107: =IF(ISERROR(FIND("x",LEFT(G107,LEN(G107)-7),1)),RIGHT(LEFT(G107,11),3),G107) -> mac | I107: 1
... A136: SYST-MOR-0007217 | B136: =_xlfn.CONCAT(A136,".bam") -> SYST-MOR-0007217.bam | C136: IN_TYL_497_MG | D136: IN | E136: TYL | F136: IN_TYL | G136: Quercus alba L. | H136: =IF(ISERROR(FIND("x",LEFT(G136,LEN(G136)-7),1)),RIGHT(LEFT(G136,11),3),G136) -> alb | I136: 1
A137: SYST-MOR-0007218 | B137: =_xlfn.CONCAT(A137,".bam") -> SYST-MOR-0007218.bam | C137: IN_TYL_498_MG | D137: IN | E137: TYL | F137: IN_TYL | G137: Quercus alba x Quercus muehlenbergii | H137: alb x mue | I137: 1
A138: SYST-MOR-0007425 | B138: =_xlfn.CONCAT(A138,".bam") -> SYST-MOR-0007425.bam | C138: IN-MG631 | D138: IN | E138: BOW | F138: IN_BOW | G138: Quercus macrocarpa Michx. | H138: =IF(ISERROR(FIND("x",LEFT(G138,LEN(G138)-7),1)),RIGHT(LEFT(G138,11),3),G138) -> mac | I138: 1
A139: SYST-MOR-0007426 | B139: =_xlfn.CONCAT(A139,".bam") -> SYST-MOR-0007426.bam | C139: IN-MG632 | D139: IN | E139: BOW | F139: IN_BOW | G139: Quercus macrocarpa Michx. | H139: =IF(ISERROR(FIND("x",LEFT(G139,LEN(G139)-7),1)),RIGHT(LEFT(G139,11),3),G139) -> mac | I139: 1
A140: SYST-MOR-0007427 | B140: =_xlfn.CONCAT(A140,".bam") -> SYST-MOR-0007427.bam | C140: IN-MG633 | D140: IN | E140: BOW | F140: IN_BOW | G140: Quercus macrocarpa Michx. | H140: =IF(ISERROR(FIND("x",LEFT(G140,LEN(G140)-7),1)),RIGHT(LEFT(G140,11),3),G140) -> mac | I140: 1
A141: SYST-MOR-0007428 | B141: =_xlfn.CONCAT(A141,".bam") -> SYST-MOR-0007428.bam | C141: IN-MG634 | D141: IN | E141: BOW | F141: IN_BOW | G141: Quercus macrocarpa Michx. | H141: =IF(ISERROR(FIND("x",LEFT(G141,LEN(G141)-7),1)),RIGHT(LEFT(G141,11),3),G141) -> mac | I141: 1
A142: SYST-MOR-0007429 | B142: =_xlfn.CONCAT(A142,".bam") -> SYST-MOR-0007429.bam | C142: IN-MG635 | D142: IN | E142: BOW | F142: IN_BOW | G142: Quercus macrocarpa Michx. | H142: =IF(ISERROR(FIND("x",LEFT(G142,LEN(G142)-7),1)),RIGHT(LEFT(G142,11),3),G142) -> mac | I142: 1
A143: SYST-MOR-0007430 | B143: =_xlfn.CONCAT(A143,".bam") -> SYST-MOR-0007430.bam | C143: IN-MG636 | D143: IN | E143: BOW | F143: IN_BOW | G143: Quercus macrocarpa Michx. | H143: =IF(ISERROR(FIND("x",LEFT(G143,LEN(G143)-7),1)),RIGHT(LEFT(G143,11),3),G143) -> mac | I143: 1
A144: SYST-MOR-0007431 | B144: =_xlfn.CONCAT(A144,".bam") -> SYST-MOR-0007431.bam | C144: IN-MG637 | D144: IN | E144: BOW | F144: IN_BOW | G144: Quercus macrocarpa Michx. | H144: =IF(ISERROR(FIND("x",LEFT(G144,LEN(G144)-7),1)),RIGHT(LEFT(G144,11),3),G144) -> mac | I144: 1
A145: SYST-MOR-0007432 | B145: =_xlfn.CONCAT(A145,".bam") -> SYST-MOR-0007432.bam | C145: IN-MG638 | D145: IN | E145: BOW | F145: IN_BOW | G145: Quercus macrocarpa Michx. | H145: =IF(ISERROR(FIND("x",LEFT(G145,LEN(G145)-7),1)),RIGHT(LEFT(G145,11),3),G145) -> mac | I145: 1
A146: SYST-MOR-0007433 | B146: =_xlfn.CONCAT(A146,".bam") -> SYST-MOR-0007433.bam | C146: IN-MG639 | D146: IN | E146: BOW | F146: IN_BOW | G146: Quercus macrocarpa Michx. | H146: =IF(ISERROR(FIND("x",LEFT(G146,LEN(G146)-7),1)),RIGHT(LEFT(G146,11),3),G146) -> mac | I146: 1
A147: SYST-MOR-0007434 | B147: =_xlfn.CONCAT(A147,".bam") -> SYST-MOR-0007434.bam | C147: IN-MG640 | D147: IN | E147: BOW | F147: IN_BOW | G147: Quercus macrocarpa Michx. | H147: =IF(ISERROR(FIND("x",LEFT(G147,LEN(G147)-7),1)),RIGHT(LEFT(G147,11),3),G147) -> mac | I147: 1
A148: SYST-MOR-0007035 | B148: =_xlfn.CONCAT(A148,".bam") -> SYST-MOR-0007035.bam | C148: KS_KCP_315_MG | D148: KS | E148: KCP | F148: KS_KCP | G148: Quercus prinoides Willd. | H148: =IF(ISERROR(FIND("x",LEFT(G148,LEN(G148)-7),1)),RIGHT(LEFT(G148,11),3),G148) -> pri | I148: 1
A149: SYST-MOR-0007036 | B149: =_xlfn.CONCAT(A149,".bam") -> SYST-MOR-0007036.bam | C149: KS_KCP_316_MG | D149: KS | E149: KCP | F149: KS_KCP | G149: Quercus prinoides Willd. | H149: =IF(ISERROR(FIND("x",LEFT(G149,LEN(G149)-7),1)),RIGHT(LEFT(G149,11),3),G149) -> pri | I149: 1
... A223: SYST-MOR-0006936 | B223: =_xlfn.CONCAT(A223,".bam") -> SYST-MOR-0006936.bam | C223: KY_GRF_214_MG | D223: KY | E223: GRF | F223: KY_GRF | G223: Quercus macrocarpa Michx. | H223: =IF(ISERROR(FIND("x",LEFT(G223,LEN(G223)-7),1)),RIGHT(LEFT(G223,11),3),G223) -> mac | I223: 1
A224: SYST-MOR-0006917 | B224: =_xlfn.CONCAT(A224,".bam") -> SYST-MOR-0006917.bam | C224: KY_JJA_195_MG | D224: KY | E224: JJA | F224: KY_JJA | G224: Quercus michauxii Nutt. | H224: mic | I224: 1
A225: SYST-MOR-0006918 | B225: =_xlfn.CONCAT(A225,".bam") -> SYST-MOR-0006918.bam | C225: KY_JJA_196_MG | D225: KY | E225: JJA | F225: KY_JJA | G225: Quercus lyrata Walt. | H225: =IF(ISERROR(FIND("x",LEFT(G225,LEN(G225)-7),1)),RIGHT(LEFT(G225,11),3),G225) -> lyr | I225: 1
A226: SYST-MOR-0006919 | B226: =_xlfn.CONCAT(A226,".bam") -> SYST-MOR-0006919.bam | C226: KY_JJA_197_MG | D226: KY | E226: JJA | F226: KY_JJA | G226: Quercus lyrata x Quercus michauxii | H226: lyr x mic | I226: 1
A227: SYST-MOR-0006920 | B227: =_xlfn.CONCAT(A227,".bam") -> SYST-MOR-0006920.bam | C227: KY_JJA_198_MG | D227: KY | E227: JJA | F227: KY_JJA | G227: Quercus michauxii Nutt. | H227: mic | I227: 1
A228: SYST-MOR-0006921 | B228: =_xlfn.CONCAT(A228,".bam") -> SYST-MOR-0006921.bam | C228: KY_JJA_199_MG | D228: KY | E228: JJA | F228: KY_JJA | G228: Quercus lyrata Walt. | H228: =IF(ISERROR(FIND("x",LEFT(G228,LEN(G228)-7),1)),RIGHT(LEFT(G228,11),3),G228) -> lyr | I228: 1
A229: SYST-MOR-0006922 | B229: =_xlfn.CONCAT(A229,".bam") -> SYST-MOR-0006922.bam | C229: KY_JJA_200_MG | D229: KY | E229: JJA | F229: KY_JJA | G229: Quercus alba L. | H229: =IF(ISERROR(FIND("x",LEFT(G229,LEN(G229)-7),1)),RIGHT(LEFT(G229,11),3),G229) -> alb | I229: 1
A230: SYST-MOR-0006923 | B230: =_xlfn.CONCAT(A230,".bam") -> SYST-MOR-0006923.bam | C230: KY_JJA_201_MG | D230: KY | E230: JJA | F230: KY_JJA | G230: Quercus alba L. x michauxii Nutt. | H230: alb x mic | I230: 1
A231: SYST-MOR-0006924 | B231: =_xlfn.CONCAT(A231,".bam") -> SYST-MOR-0006924.bam | C231: KY_JJA_202_MG | D231: KY | E231: JJA | F231: KY_JJA | G231: Quercus michauxii Nutt. | H231: mic | I231: 1
A232: SYST-MOR-0006925 | B232: =_xlfn.CONCAT(A232,".bam") -> SYST-MOR-0006925.bam | C232: KY_JJA_203_MG | D232: KY | E232: JJA | F232: KY_JJA | G232: Quercus lyrata Walt. | H232: =IF(ISERROR(FIND("x",LEFT(G232,LEN(G232)-7),1)),RIGHT(LEFT(G232,11),3),G232) -> lyr | I232: 1
A233: SYST-MOR-0006926 | B233: =_xlfn.CONCAT(A233,".bam") -> SYST-MOR-0006926.bam | C233: KY_JJA_204_MG | D233: KY | E233: JJA | F233: KY_JJA | G233: Quercus alba L. | H233: =IF(ISERROR(FIND("x",LEFT(G233,LEN(G233)-7),1)),RIGHT(LEFT(G233,11),3),G233) -> alb | I233: 1
A234: SYST-MOR-0006927 | B234: =_xlfn.CONCAT(A234,".bam") -> SYST-MOR-0006927.bam | C234: KY_JJA_205_MG | D234: KY | E234: JJA | F234: KY_JJA | G234: Quercus lyrata Walt. | H234: =IF(ISERROR(FIND("x",LEFT(G234,LEN(G234)-7),1)),RIGHT(LEFT(G234,11),3),G234) -> lyr | I234: 1
A235: SYST-MOR-0006928 | B235: =_xlfn.CONCAT(A235,".bam") -> SYST-MOR-0006928.bam | C235: KY_JJA_206_MG | D235: KY | E235: JJA | F235: KY_JJA | G235: Quercus alba L. | H235: =IF(ISERROR(FIND("x",LEFT(G235,LEN(G235)-7),1)),RIGHT(LEFT(G235,11),3),G235) -> alb | I235: 1
A236: SYST-MOR-0006929 | B236: =_xlfn.CONCAT(A236,".bam") -> SYST-MOR-0006929.bam | C236: KY_JJA_207_MG | D236: KY | E236: JJA | F236: KY_JJA | G236: Quercus muehlenbergii Engelm. | H236: =IF(ISERROR(FIND("x",LEFT(G236,LEN(G236)-7),1)),RIGHT(LEFT(G236,11),3),G236) -> mue | I236: 1
A237: SYST-MOR-0006930 | B237: =_xlfn.CONCAT(A237,".bam") -> SYST-MOR-0006930.bam | C237: KY_JJA_208_MG | D237: KY | E237: JJA | F237: KY_JJA | G237: Quercus muehlenbergii Engelm. | H237: =IF(ISERROR(FIND("x",LEFT(G237,LEN(G237)-7),1)),RIGHT(LEFT(G237,11),3),G237) -> mue | I237: 1
A238: SYST-MOR-0006931 | B238: =_xlfn.CONCAT(A238,".bam") -> SYST-MOR-0006931.bam | C238: KY_JJA_209_MG | D238: KY | E238: JJA | F238: KY_JJA | G238: Quercus muehlenbergii Engelm. | H238: =IF(ISERROR(FIND("x",LEFT(G238,LEN(G238)-7),1)),RIGHT(LEFT(G238,11),3),G238) -> mue | I238: 1
A239: SYST-MOR-0006890 | B239: =_xlfn.CONCAT(A239,".bam") -> SYST-MOR-0006890.bam | C239: KY_LXC_168_MG | D239: KY | E239: LXC | F239: KY_LXC | G239: Quercus macrocarpa Michx. | H239: =IF(ISERROR(FIND("x",LEFT(G239,LEN(G239)-7),1)),RIGHT(LEFT(G239,11),3),G239) -> mac | I239: 1
A240: SYST-MOR-0006891 | B240: =_xlfn.CONCAT(A240,".bam") -> SYST-MOR-0006891.bam | C240: KY_LXC_169_MG | D240: KY | E240: LXC | F240: KY_LXC | G240: Quercus macrocarpa Michx. | H240: =IF(ISERROR(FIND("x",LEFT(G240,LEN(G240)-7),1)),RIGHT(LEFT(G240,11),3),G240) -> mac | I240: 1
A241: SYST-MOR-0006892 | B241: =_xlfn.CONCAT(A241,".bam") -> SYST-MOR-0006892.bam | C241: KY_LXC_170_MG | D241: KY | E241: LXC | F241: KY_LXC | G241: Quercus macrocarpa Michx. | H241: =IF(ISERROR(FIND("x",LEFT(G241,LEN(G241)-7),1)),RIGHT(LEFT(G241,11),3),G241) -> mac | I241: 1
A242: SYST-MOR-0006893 | B242: =_xlfn.CONCAT(A242,".bam") -> SYST-MOR-0006893.bam | C242: KY_LXC_171_MG | D242: KY | E242: LXC | F242: KY_LXC | G242: Quercus macrocarpa Michx. | H242: =IF(ISERROR(FIND("x",LEFT(G242,LEN(G242)-7),1)),RIGHT(LEFT(G242,11),3),G242) -> mac | I242: 1
A243: SYST-MOR-0007106 | B243: =_xlfn.CONCAT(A243,".bam") -> SYST-MOR-0007106.bam | C243: MA_BTC_386_MG | D243: MA | E243: BTC | F243: MA_BTC | G243: Quercus muehlenbergii Engelm. | H243: =IF(ISERROR(FIND("x",LEFT(G243,LEN(G243)-7),1)),RIGHT(LEFT(G243,11),3),G243) -> mue | I243: 1
... A319: SYST-MOR-0006997 | B319: =_xlfn.CONCAT(A319,".bam") -> SYST-MOR-0006997.bam | C319: MI_PRA_277_MG | D319: MI | E319: PRA | F319: MI_PRA | G319: Quercus bicolor Willd. | H319: =IF(ISERROR(FIND("x",LEFT(G319,LEN(G319)-7),1)),RIGHT(LEFT(G319,11),3),G319) -> bic | I319: 1
A320: SYST-MOR-0006998 | B320: =_xlfn.CONCAT(A320,".bam") -> SYST-MOR-0006998.bam | C320: MI_PRA_278_MG | D320: MI | E320: PRA | F320: MI_PRA | G320: Quercus alba x Quercus macrocarpa | H320: alb x mac | I320: 1
A321: SYST-MOR-0006999 | B321: =_xlfn.CONCAT(A321,".bam") -> SYST-MOR-0006999.bam | C321: MI_PRA_279_MG | D321: MI | E321: PRA | F321: MI_PRA | G321: Quercus macrocarpa Michx. | H321: =IF(ISERROR(FIND("x",LEFT(G321,LEN(G321)-7),1)),RIGHT(LEFT(G321,11),3),G321) -> mac | I321: 1
A322: SYST-MOR-0007000 | B322: =_xlfn.CONCAT(A322,".bam") -> SYST-MOR-0007000.bam | C322: MI_PRA_280_MG | D322: MI | E322: PRA | F322: MI_PRA | G322: Quercus alba L. | H322: =IF(ISERROR(FIND("x",LEFT(G322,LEN(G322)-7),1)),RIGHT(LEFT(G322,11),3),G322) -> alb | I322: 1
A323: SYST-MOR-0007001 | B323: =_xlfn.CONCAT(A323,".bam") -> SYST-MOR-0007001.bam | C323: MI_PRA_281_MG | D323: MI | E323: PRA | F323: MI_PRA | G323: Quercus macrocarpa Michx. | H323: =IF(ISERROR(FIND("x",LEFT(G323,LEN(G323)-7),1)),RIGHT(LEFT(G323,11),3),G323) -> mac | I323: 1
A324: SYST-MOR-0007002 | B324: =_xlfn.CONCAT(A324,".bam") -> SYST-MOR-0007002.bam | C324: MI_PRA_282_MG | D324: MI | E324: PRA | F324: MI_PRA | G324: Quercus macrocarpa Michx. | H324: =IF(ISERROR(FIND("x",LEFT(G324,LEN(G324)-7),1)),RIGHT(LEFT(G324,11),3),G324) -> mac | I324: 1
A325: SYST-MOR-0007003 | B325: =_xlfn.CONCAT(A325,".bam") -> SYST-MOR-0007003.bam | C325: MI_PRA_283_MG | D325: MI | E325: PRA | F325: MI_PRA | G325: Quercus macrocarpa Michx. | H325: =IF(ISERROR(FIND("x",LEFT(G325,LEN(G325)-7),1)),RIGHT(LEFT(G325,11),3),G325) -> mac | I325: 1
A326: SYST-MOR-0007435 | B326: =_xlfn.CONCAT(A326,".bam") -> SYST-MOR-0007435.bam | C326: MI-MG662 | D326: MI | E326: PCP | F326: MI_PCP | G326: Quercus macrocarpa Michx. | H326: =IF(ISERROR(FIND("x",LEFT(G326,LEN(G326)-7),1)),RIGHT(LEFT(G326,11),3),G326) -> mac | I326: 1
A327: SYST-MOR-0007436 | B327: =_xlfn.CONCAT(A327,".bam") -> SYST-MOR-0007436.bam | C327: MI-MG663 | D327: MI | E327: PCP | F327: MI_PCP | G327: Quercus bicolor x Quercus macrocarpa | H327: bic x mac | I327: 1
A328: SYST-MOR-0007437 | B328: =_xlfn.CONCAT(A328,".bam") -> SYST-MOR-0007437.bam | C328: MI-MG664 | D328: MI | E328: PCP | F328: MI_PCP | G328: Quercus macrocarpa Michx. | H328: =IF(ISERROR(FIND("x",LEFT(G328,LEN(G328)-7),1)),RIGHT(LEFT(G328,11),3),G328) -> mac | I328: 1
...

Sheet Sheet9
A1: Sum of count | B1: Column Labels
A2: Row Labels | B2: mon | C2: mar | D2: alb | E2: alb x mac | F2: alb x mic | G2: alb x mue | H2: bic | I2: bic x mac | J2: lob | K2: lyr | L2: lyr x mac | M2: lyr x mic | N2: mac | O2: mac x mue | P2: mic | Q2: mue | R2: pri | S2: rub | T2: sin | U2: ste | V2: (blank) | W2: Grand Total
A3: AR_BRP | D3: 5 | K3: 4 | N3: 5 | Q3: 2 | U3: 5 | W3: 21
A4: IA_BSP | N4: 5 | W4: 5
A5: IA_CHP | H5: 1 | N5: 4 | W5: 5
A6: IA_LNW | D6: 5 | H6: 2 | N6: 2 | Q6: 6 | W6: 15
A7: IL_CHB | D7: 5 | N7: 5 | W7: 10
A8: IL_HP | P8: 3 | W8: 3
A9: IL_MOR | D9: 6 | H9: 1 | N9: 6 | W9: 13
A10: IL_OB | K10: 4 | L10: 1 | N10: 5 | W10: 10
A11: IL_RCA | D11: 5 | H11: 4 | I11: 1 | N11: 5 | W11: 15
A12: IN_BLR | N12: 2 | W12: 2
A13: IN_BOW | N13: 10 | W13: 10
A14: IN_GRL | D14: 5 | W14: 5
A15: IN_IUC | N15: 1 | W15: 1
A16: IN_LCP | N16: 2 | Q16: 5 | W16: 7
A17: IN_MWT | D17: 4 | H17: 2 | N17: 1 | Q17: 3 | W17: 10
A18: IN_TYL | D18: 3 | G18: 1 | H18: 3 | N18: 3 | Q18: 4 | W18: 14
A19: KS_KCP | R19: 2 | W19: 2
A20: KS_KZP | N20: 5 | Q20: 5 | W20: 10
A21: KS_LWP | N21: 6 | W21: 6
A22: KS_MPR | N22: 10 | W22: 10
A23: KS_SMP | D23: 5 | N23: 5 | Q23: 5 | U23: 5 | W23: 20
A24: KY_ASF | N24: 5 | Q24: 5 | W24: 10
A25: KY_BBF | N25: 5 | Q25: 5 | W25: 10
A26: KY_CSW | N26: 1 | Q26: 2 | W26: 3
A27: KY_GRF | N27: 5 | W27: 5
A28: KY_JJA | D28: 3 | F28: 1 | K28: 4 | M28: 1 | P28: 3 | Q28: 3 | W28: 15
A29: KY_LXC | N29: 4 | W29: 4
A30: MA_BTC | D30: 2 | N30: 1 | Q30: 5 | W30: 8
A31: MA_LKN | D31: 3 | N31: 1 | W31: 4
A32: MA_NMK | N32: 5 | W32: 5
A33: MA_SBF | D33: 2 | N33: 4 | W33: 6
A34: MB_ASF | N34: 10 | W34: 10
A35: MB_SWP | N35: 10 | W35: 10
A36: MB_WPP | N36: 10 | W36: 10
A37: MI_LLP | D37: 5 | H37: 5 | N37: 1 | W37: 11
A38: MI_PCP | I38: 2 | N38: 9 | W38: 11
A39: MI_PRA | D39: 5 | E39: 1 | H39: 4 | N39: 4 | R39: 5 | W39: 19
A40: MN_CDR | D40: 5 | N40: 5 | W40: 10
A41: MN_OTB | N41: 9 | W41: 9
A42: MN_PMN | D42: 3 | E42: 1 | N42: 4 | W42: 8
A43: MN_QPA | N43: 11 | W43: 11
A44: MO_BOT | K44: 3 | N44: 9 | P44: 3 | W44: 15
A45: MO_BRA | N45: 6 | W45: 6
A46: MO_CSW | N46: 3 | W46: 3
A47: MO_HHT | D47: 4 | N47: 1 | Q47: 4 | U47: 4 | W47: 13
A48: MO_PSP | R48: 4 | U48: 2 | W48: 6
A49: MO_SH | D49: 5 | N49: 5 | Q49: 5 | U49: 5 | W49: 20
A50: MO_TRC | D50: 5 | Q50: 5 | U50: 5 | W50: 15
A51: NY_APB | D51: 4 | R51: 5 | W51: 9
A52: NY_BIP | D52: 3 | E52: 1 | H52: 5 | I52: 2 | N52: 3 | W52: 14
A53: NY_BKF | B53: 5 | D53: 2 | W53: 7
A54: NY_CMB | D54: 4 | E54: 1 | N54: 5 | W54: 10
A55: NY_SSP | D55: 5 | N55: 5 | W55: 10
A56: OH_DPS | N56: 10 | W56: 10
A57: OH_GLW | D57: 4 | H57: 2 | N57: 5 | Q57: 4 | W57: 15
A58: OH_PKS | N58: 9 | U58: 1 | W58: 10
A59: OH_STR | B59: 3 | D59: 2 | Q59: 2 | W59: 7
A60: OK_NOW | N60: 10 | W60: 10
A61: OK_RRC | C61: 7 | N61: 4 | O61: 1 | Q61: 5 | W61: 17
A62: OK_TGP | N62: 5 | Q62: 3 | U62: 5 | W62: 13
A63: SD_CSP | N63: 10 | W63: 10
A64: SD_SPF | N64: 10 | W64: 10
A65: TN_BCP | D65: 5 | N65: 5 | Q65: 5 | W65: 15
A66: TN_CLP | D66: 1 | Q66: 2 | U66: 2 | W66: 5
A67: TX_BRZ | K67: 1 | N67: 5 | P67: 2 | W67: 8
A68: TX_CHP | N68: 5 | T68: 1 | U68: 5 | W68: 11
A69: TX_PLM | C69: 1 | N69: 5 | T69: 5 | W69: 11
A70: VT_DHT | D70: 4 | N70: 5 | W70: 9
A71: WI_PKL | D71: 1 | E71: 2 | N71: 6 | W71: 9
A72: WI_RLF | N72: 6 | W72: 6
A73: WI_THB | D73: 4 | N73: 2 | W73: 6
A74: WI_WFS | D74: 5 | N74: 5 | W74: 10
A75: (blank) | J75: 17 | S75: 10 | W75: 27
A76: Grand Total | B76: 8 | C76: 8 | D76: 129 | E76: 6 | F76: 1 | G76: 1 | H76: 29 | I76: 5 | J76: 17 | K76: 16 | L76: 1 | M76: 1 | N76: 330 | O76: 1 | P76: 11 | Q76: 85 | R76: 16 | S76: 10 | T76: 6 | U76: 39 | W76: 720

Sheet Sheet1
A1: INDEX | B1: Specimen CODE | C1: Seq | D1: Bam | E1: collectionNumber | F1: State | G1: siteABB | H1: Pop | I1: site | J1: Alt_Coll_No | K1: GenomicVoucherID_USE_THIS | L1: GenomicVoucherID_USE_THIS | M1: Species_reidentified | N1: FieldID_LABEL_Species_author | O1: id_modifier | P1: Genus | Q1: Species_ept | R1: spEpt | S1: collectionDate | T1: collectors | U1: Material type | V1: Received by MOR | W1: country | X1: state/provIndIowanace | Y1: substate | Z1: substateRank | AA1: site | AB1: habitat | AC1: DBH-cm | AD1: determinationOriginal | AE1: latitude.orig | AF1: longitude.orig | AG1: voucher1 | AH1: Wild_Arb_GH_Collected | AI1: lat_fixed | AJ1: long_fixed | AK1: lat_difference | AL1: long_difference | AM1: ADMIX_ALL_K8 | AN1: ADMIX_SS | AO1: MONG_PHYLO | AP1: MAC_PHYLO | AQ1: CONSTRUCT | AR1: GEA | AS1: MAC_DSTATS | AT1: MONG_DSTATS | AU1: MAC_PAINT | AV1: K8 | AW1: K12
C2: SRR14632920 | D2: =_xlfn.CONCAT(C2,".bam") -> SRR14632920.bam | G2: LOB | K2: Quercus lobata Nee. | L2: Quercus lobata Nee. | Q2: lobata | R2: lob | AM2: =_xlfn.IFNA(VLOOKUP(Sheet1!$C2,ADMIX_ALL!A:B,2,FALSE),"none") -> K6-18 | AN2: =_xlfn.IFNA(VLOOKUP(Sheet1!C2,ADMIX_SS!A:B,2,FALSE),"none") -> SubSample | AO2: =_xlfn.IFNA(VLOOKUP(Sheet1!$C2,MONG_PHYLO!A:C,3,FALSE),"-") -> - | AP2: =_xlfn.IFNA(VLOOKUP(Sheet1!$C2,MAC_PHYLO!A:C,3,FALSE),"-") -> lob | AQ2: =_xlfn.IFNA(VLOOKUP(Sheet1!$C2,ConStruct!A:C,3,FALSE),"-") -> - | AR2: =_xlfn.IFNA(VLOOKUP(Sheet1!$C2,GEA!A:C,3,FALSE),"-") -> - | AS2: =_xlfn.IFNA(VLOOKUP(Sheet1!$C2,MAC_DSUITE!A:D,3,FALSE),"-") -> lob | AT2: =_xlfn.IFNA(VLOOKUP(Sheet1!$C2,MONG_DSUITE!A:E,2,FALSE),"-") -> xxx | AU2: =_xlfn.IFNA(VLOOKUP(Sheet1!$C2,MAC_PAINT2!A:D,4,FALSE),"-") -> lob-macpaint
C3: SRR14632922 | D3: =_xlfn.CONCAT(C3,".bam") -> SRR14632922.bam | G3: LOB | K3: Quercus lobata Nee. | L3: Quercus lobata Nee. | Q3: lobata | R3: lob | AM3: =_xlfn.IFNA(VLOOKUP(Sheet1!$C3,ADMIX_ALL!A:B,2,FALSE),"none") -> K6-18 | AN3: =_xlfn.IFNA(VLOOKUP(Sheet1!C3,ADMIX_SS!A:B,2,FALSE),"none") -> SubSample | AO3: =_xlfn.IFNA(VLOOKUP(Sheet1!$C3,MONG_PHYLO!A:C,3,FALSE),"-") -> - | AP3: =_xlfn.IFNA(VLOOKUP(Sheet1!$C3,MAC_PHYLO!A:C,3,FALSE),"-") -> - | AQ3: =_xlfn.IFNA(VLOOKUP(Sheet1!$C3,ConStruct!A:C,3,FALSE),"-") -> - | AR3: =_xlfn.IFNA(VLOOKUP(Sheet1!$C3,GEA!A:C,3,FALSE),"-") -> - | AS3: =_xlfn.IFNA(VLOOKUP(Sheet1!$C3,MAC_DSUITE!A:D,3,FALSE),"-") -> - | AT3: =_xlfn.IFNA(VLOOKUP(Sheet1!$C3,MONG_DSUITE!A:E,2,FALSE),"-") -> xxx | AU3: =_xlfn.IFNA(VLOOKUP(Sheet1!$C3,MAC_PAINT2!A:D,4,FALSE),"-") -> -
C4: SRR14632924 | D4: =_xlfn.CONCAT(C4,".bam") -> SRR14632924.bam | G4: LOB | K4: Quercus lobata Nee. | L4: Quercus lobata Nee. | Q4: lobata | R4: lob | AM4: =_xlfn.IFNA(VLOOKUP(Sheet1!$C4,ADMIX_ALL!A:B,2,FALSE),"none") -> K6-18 | AN4: =_xlfn.IFNA(VLOOKUP(Sheet1!C4,ADMIX_SS!A:B,2,FALSE),"none") -> SubSample | AO4: =_xlfn.IFNA(VLOOKUP(Sheet1!$C4,MONG_PHYLO!A:C,3,FALSE),"-") -> - | AP4: =_xlfn.IFNA(VLOOKUP(Sheet1!$C4,MAC_PHYLO!A:C,3,FALSE),"-") -> - | AQ4: =_xlfn.IFNA(VLOOKUP(Sheet1!$C4,ConStruct!A:C,3,FALSE),"-") -> - | AR4: =_xlfn.IFNA(VLOOKUP(Sheet1!$C4,GEA!A:C,3,FALSE),"-") -> - | AS4: =_xlfn.IFNA(VLOOKUP(Sheet1!$C4,MAC_DSUITE!A:D,3,FALSE),"-") -> - | AT4: =_xlfn.IFNA(VLOOKUP(Sheet1!$C4,MONG_DSUITE!A:E,2,FALSE),"-") -> xxx | AU4: =_xlfn.IFNA(VLOOKUP(Sheet1!$C4,MAC_PAINT2!A:D,4,FALSE),"-") -> -
C5: SRR14632927 | D5: =_xlfn.CONCAT(C5,".bam") -> SRR14632927.bam | G5: LOB | K5: Quercus lobata Nee. | L5: Quercus lobata Nee. | Q5: lobata | R5: lob | AM5: =_xlfn.IFNA(VLOOKUP(Sheet1!$C5,ADMIX_ALL!A:B,2,FALSE),"none") -> K6-18 | AN5: =_xlfn.IFNA(VLOOKUP(Sheet1!C5,ADMIX_SS!A:B,2,FALSE),"none") -> SubSample | AO5: =_xlfn.IFNA(VLOOKUP(Sheet1!$C5,MONG_PHYLO!A:C,3,FALSE),"-") -> - | AP5: =_xlfn.IFNA(VLOOKUP(Sheet1!$C5,MAC_PHYLO!A:C,3,FALSE),"-") -> - | AQ5: =_xlfn.IFNA(VLOOKUP(Sheet1!$C5,ConStruct!A:C,3,FALSE),"-") -> - | AR5: =_xlfn.IFNA(VLOOKUP(Sheet1!$C5,GEA!A:C,3,FALSE),"-") -> - | AS5: =_xlfn.IFNA(VLOOKUP(Sheet1!$C5,MAC_DSUITE!A:D,3,FALSE),"-") -> - | AT5: =_xlfn.IFNA(VLOOKUP(Sheet1!$C5,MONG_DSUITE!A:E,2,FALSE),"-") -> xxx | AU5: =_xlfn.IFNA(VLOOKUP(Sheet1!$C5,MAC_PAINT2!A:D,4,FALSE),"-") -> -
C6: SRR14632928 | D6: =_xlfn.CONCAT(C6,".bam") -> SRR14632928.bam | G6: LOB | K6: Quercus lobata Nee. | L6: Quercus lobata Nee. | Q6: lobata | R6: lob | AM6: =_xlfn.IFNA(VLOOKUP(Sheet1!$C6,ADMIX_ALL!A:B,2,FALSE),"none") -> K6-18 | AN6: =_xlfn.IFNA(VLOOKUP(Sheet1!C6,ADMIX_SS!A:B,2,FALSE),"none") -> Constant | AO6: =_xlfn.IFNA(VLOOKUP(Sheet1!$C6,MONG_PHYLO!A:C,3,FALSE),"-") -> lob | AP6: =_xlfn.IFNA(VLOOKUP(Sheet1!$C6,MAC_PHYLO!A:C,3,FALSE),"-") -> lob | AQ6: =_xlfn.IFNA(VLOOKUP(Sheet1!$C6,ConStruct!A:C,3,FALSE),"-") -> - | AR6: =_xlfn.IFNA(VLOOKUP(Sheet1!$C6,GEA!A:C,3,FALSE),"-") -> - | AS6: =_xlfn.IFNA(VLOOKUP(Sheet1!$C6,MAC_DSUITE!A:D,3,FALSE),"-") -> lob | AT6: =_xlfn.IFNA(VLOOKUP(Sheet1!$C6,MONG_DSUITE!A:E,2,FALSE),"-") -> lobata | AU6: =_xlfn.IFNA(VLOOKUP(Sheet1!$C6,MAC_PAINT2!A:D,4,FALSE),"-") -> lob-macpaint
C7: SRR14632929 | D7: =_xlfn.CONCAT(C7,".bam") -> SRR14632929.bam | G7: LOB | K7: Quercus lobata Nee. | L7: Quercus lobata Nee. | Q7: lobata | R7: lob | AM7: =_xlfn.IFNA(VLOOKUP(Sheet1!$C7,ADMIX_ALL!A:B,2,FALSE),"none") -> K6-18 | AN7: =_xlfn.IFNA(VLOOKUP(Sheet1!C7,ADMIX_SS!A:B,2,FALSE),"none") -> SubSample | AO7: =_xlfn.IFNA(VLOOKUP(Sheet1!$C7,MONG_PHYLO!A:C,3,FALSE),"-") -> - | AP7: =_xlfn.IFNA(VLOOKUP(Sheet1!$C7,MAC_PHYLO!A:C,3,FALSE),"-") -> - | AQ7: =_xlfn.IFNA(VLOOKUP(Sheet1!$C7,ConStruct!A:C,3,FALSE),"-") -> - | AR7: =_xlfn.IFNA(VLOOKUP(Sheet1!$C7,GEA!A:C,3,FALSE),"-") -> - | AS7: =_xlfn.IFNA(VLOOKUP(Sheet1!$C7,MAC_DSUITE!A:D,3,FALSE),"-") -> - | AT7: =_xlfn.IFNA(VLOOKUP(Sheet1!$C7,MONG_DSUITE!A:E,2,FALSE),"-") -> xxx | AU7: =_xlfn.IFNA(VLOOKUP(Sheet1!$C7,MAC_PAINT2!A:D,4,FALSE),"-") -> -
C8: SRR14632932 | D8: =_xlfn.CONCAT(C8,".bam") -> SRR14632932.bam | G8: LOB | K8: Quercus lobata Nee. | L8: Quercus lobata Nee. | Q8: lobata | R8: lob | AM8: =_xlfn.IFNA(VLOOKUP(Sheet1!$C8,ADMIX_ALL!A:B,2,FALSE),"none") -> K6-18 | AN8: =_xlfn.IFNA(VLOOKUP(Sheet1!C8,ADMIX_SS!A:B,2,FALSE),"none") -> Constant | AO8: =_xlfn.IFNA(VLOOKUP(Sheet1!$C8,MONG_PHYLO!A:C,3,FALSE),"-") -> lob | AP8: =_xlfn.IFNA(VLOOKUP(Sheet1!$C8,MAC_PHYLO!A:C,3,FALSE),"-") -> lob | AQ8: =_xlfn.IFNA(VLOOKUP(Sheet1!$C8,ConStruct!A:C,3,FALSE),"-") -> - | AR8: =_xlfn.IFNA(VLOOKUP(Sheet1!$C8,GEA!A:C,3,FALSE),"-") -> - | AS8: =_xlfn.IFNA(VLOOKUP(Sheet1!$C8,MAC_DSUITE!A:D,3,FALSE),"-") -> lob | AT8: =_xlfn.IFNA(VLOOKUP(Sheet1!$C8,MONG_DSUITE!A:E,2,FALSE),"-") -> lobata | AU8: =_xlfn.IFNA(VLOOKUP(Sheet1!$C8,MAC_PAINT2!A:D,4,FALSE),"-") -> lob-macpaint
C9: SRR14632934 | D9: =_xlfn.CONCAT(C9,".bam") -> SRR14632934.bam | G9: LOB | K9: Quercus lobata Nee. | L9: Quercus lobata Nee. | Q9: lobata | R9: lob | AM9: =_xlfn.IFNA(VLOOKUP(Sheet1!$C9,ADMIX_ALL!A:B,2,FALSE),"none") -> K6-18 | AN9: =_xlfn.IFNA(VLOOKUP(Sheet1!C9,ADMIX_SS!A:B,2,FALSE),"none") -> SubSample | AO9: =_xlfn.IFNA(VLOOKUP(Sheet1!$C9,MONG_PHYLO!A:C,3,FALSE),"-") -> - | AP9: =_xlfn.IFNA(VLOOKUP(Sheet1!$C9,MAC_PHYLO!A:C,3,FALSE),"-") -> - | AQ9: =_xlfn.IFNA(VLOOKUP(Sheet1!$C9,ConStruct!A:C,3,FALSE),"-") -> - | AR9: =_xlfn.IFNA(VLOOKUP(Sheet1!$C9,GEA!A:C,3,FALSE),"-") -> - | AS9: =_xlfn.IFNA(VLOOKUP(Sheet1!$C9,MAC_DSUITE!A:D,3,FALSE),"-") -> - | AT9: =_xlfn.IFNA(VLOOKUP(Sheet1!$C9,MONG_DSUITE!A:E,2,FALSE),"-") -> xxx | AU9: =_xlfn.IFNA(VLOOKUP(Sheet1!$C9,MAC_PAINT2!A:D,4,FALSE),"-") -> -
C10: SRR14632950 | D10: =_xlfn.CONCAT(C10,".bam") -> SRR14632950.bam | G10: LOB | K10: Quercus lobata Nee. | L10: Quercus lobata Nee. | Q10: lobata | R10: lob | AM10: =_xlfn.IFNA(VLOOKUP(Sheet1!$C10,ADMIX_ALL!A:B,2,FALSE),"none") -> K6-18 | AN10: =_xlfn.IFNA(VLOOKUP(Sheet1!C10,ADMIX_SS!A:B,2,FALSE),"none") -> Constant | AO10: =_xlfn.IFNA(VLOOKUP(Sheet1!$C10,MONG_PHYLO!A:C,3,FALSE),"-") -> lob | AP10: =_xlfn.IFNA(VLOOKUP(Sheet1!$C10,MAC_PHYLO!A:C,3,FALSE),"-") -> lob | AQ10: =_xlfn.IFNA(VLOOKUP(Sheet1!$C10,ConStruct!A:C,3,FALSE),"-") -> - | AR10: =_xlfn.IFNA(VLOOKUP(Sheet1!$C10,GEA!A:C,3,FALSE),"-") -> - | AS10: =_xlfn.IFNA(VLOOKUP(Sheet1!$C10,MAC_DSUITE!A:D,3,FALSE),"-") -> lob | AT10: =_xlfn.IFNA(VLOOKUP(Sheet1!$C10,MONG_DSUITE!A:E,2,FALSE),"-") -> lobata | AU10: =_xlfn.IFNA(VLOOKUP(Sheet1!$C10,MAC_PAINT2!A:D,4,FALSE),"-") -> lob-macpaint
C11: SRR14632955 | D11: =_xlfn.CONCAT(C11,".bam") -> SRR14632955.bam | G11: LOB | K11: Quercus lobata Nee. | L11: Quercus lobata Nee. | Q11: lobata | R11: lob | AM11: =_xlfn.IFNA(VLOOKUP(Sheet1!$C11,ADMIX_ALL!A:B,2,FALSE),"none") -> K6-18 | AN11: =_xlfn.IFNA(VLOOKUP(Sheet1!C11,ADMIX_SS!A:B,2,FALSE),"none") -> SubSample | AO11: =_xlfn.IFNA(VLOOKUP(Sheet1!$C11,MONG_PHYLO!A:C,3,FALSE),"-") -> - | AP11: =_xlfn.IFNA(VLOOKUP(Sheet1!$C11,MAC_PHYLO!A:C,3,FALSE),"-") -> - | AQ11: =_xlfn.IFNA(VLOOKUP(Sheet1!$C11,ConStruct!A:C,3,FALSE),"-") -> - | AR11: =_xlfn.IFNA(VLOOKUP(Sheet1!$C11,GEA!A:C,3,FALSE),"-") -> - | AS11: =_xlfn.IFNA(VLOOKUP(Sheet1!$C11,MAC_DSUITE!A:D,3,FALSE),"-") -> - | AT11: =_xlfn.IFNA(VLOOKUP(Sheet1!$C11,MONG_DSUITE!A:E,2,FALSE),"-") -> xxx | AU11: =_xlfn.IFNA(VLOOKUP(Sheet1!$C11,MAC_PAINT2!A:D,4,FALSE),"-") -> -
C12: SRR14632961 | D12: =_xlfn.CONCAT(C12,".bam") -> SRR14632961.bam | G12: LOB | K12: Quercus lobata Nee. | L12: Quercus lobata Nee. | Q12: lobata | R12: lob | AM12: =_xlfn.IFNA(VLOOKUP(Sheet1!$C12,ADMIX_ALL!A:B,2,FALSE),"none") -> K6-18 | AN12: =_xlfn.IFNA(VLOOKUP(Sheet1!C12,ADMIX_SS!A:B,2,FALSE),"none") -> Constant | AO12: =_xlfn.IFNA(VLOOKUP(Sheet1!$C12,MONG_PHYLO!A:C,3,FALSE),"-") -> lob | AP12: =_xlfn.IFNA(VLOOKUP(Sheet1!$C12,MAC_PHYLO!A:C,3,FALSE),"-") -> lob | AQ12: =_xlfn.IFNA(VLOOKUP(Sheet1!$C12,ConStruct!A:C,3,FALSE),"-") -> - | AR12: =_xlfn.IFNA(VLOOKUP(Sheet1!$C12,GEA!A:C,3,FALSE),"-") -> - | AS12: =_xlfn.IFNA(VLOOKUP(Sheet1!$C12,MAC_DSUITE!A:D,3,FALSE),"-") -> lob | AT12: =_xlfn.IFNA(VLOOKUP(Sheet1!$C12,MONG_DSUITE!A:E,2,FALSE),"-") -> lobata | AU12: =_xlfn.IFNA(VLOOKUP(Sheet1!$C12,MAC_PAINT2!A:D,4,FALSE),"-") -> lob-macpaint
C13: SRR14632964 | D13: =_xlfn.CONCAT(C13,".bam") -> SRR14632964.bam | G13: LOB | K13: Quercus lobata Nee. | L13: Quercus lobata Nee. | Q13: lobata | R13: lob | AM13: =_xlfn.IFNA(VLOOKUP(Sheet1!$C13,ADMIX_ALL!A:B,2,FALSE),"none") -> K6-18 | AN13: =_xlfn.IFNA(VLOOKUP(Sheet1!C13,ADMIX_SS!A:B,2,FALSE),"none") -> SubSample | AO13: =_xlfn.IFNA(VLOOKUP(Sheet1!$C13,MONG_PHYLO!A:C,3,FALSE),"-") -> - | AP13: =_xlfn.IFNA(VLOOKUP(Sheet1!$C13,MAC_PHYLO!A:C,3,FALSE),"-") -> - | AQ13: =_xlfn.IFNA(VLOOKUP(Sheet1!$C13,ConStruct!A:C,3,FALSE),"-") -> - | AR13: =_xlfn.IFNA(VLOOKUP(Sheet1!$C13,GEA!A:C,3,FALSE),"-") -> - | AS13: =_xlfn.IFNA(VLOOKUP(Sheet1!$C13,MAC_DSUITE!A:D,3,FALSE),"-") -> - | AT13: =_xlfn.IFNA(VLOOKUP(Sheet1!$C13,MONG_DSUITE!A:E,2,FALSE),"-") -> xxx | AU13: =_xlfn.IFNA(VLOOKUP(Sheet1!$C13,MAC_PAINT2!A:D,4,FALSE),"-") -> -
... C28: SRR3244044 | D28: =_xlfn.CONCAT(C28,".bam") -> SRR3244044.bam | G28: RUB | K28: Quercus lobata Nee. | L28: Quercus lobata Nee. | Q28: lobata | R28: lob | AM28: =_xlfn.IFNA(VLOOKUP(Sheet1!$C28,ADMIX_ALL!A:B,2,FALSE),"none") -> K6-18 | AN28: =_xlfn.IFNA(VLOOKUP(Sheet1!C28,ADMIX_SS!A:B,2,FALSE),"none") -> SubSample | AO28: =_xlfn.IFNA(VLOOKUP(Sheet1!$C28,MONG_PHYLO!A:C,3,FALSE),"-") -> - | AP28: =_xlfn.IFNA(VLOOKUP(Sheet1!$C28,MAC_PHYLO!A:C,3,FALSE),"-") -> - | AQ28: =_xlfn.IFNA(VLOOKUP(Sheet1!$C28,ConStruct!A:C,3,FALSE),"-") -> - | AR28: =_xlfn.IFNA(VLOOKUP(Sheet1!$C28,GEA!A:C,3,FALSE),"-") -> - | AS28: =_xlfn.IFNA(VLOOKUP(Sheet1!$C28,MAC_DSUITE!A:D,3,FALSE),"-") -> - | AT28: =_xlfn.IFNA(VLOOKUP(Sheet1!$C28,MONG_DSUITE!A:E,2,FALSE),"-") -> xxx | AU28: =_xlfn.IFNA(VLOOKUP(Sheet1!$C28,MAC_PAINT2!A:D,4,FALSE),"-") -> -
A29: 3287 | B29: QUE003287 | C29: SYST-MOR-0006717 | D29: =_xlfn.CONCAT(C29,".bam") -> SYST-MOR-0006717.bam | E29: IL_HP_MG919_MG | F29: IL | G29: HP | H29: IL_HP | I29: Heron Pond - Little Black Slough Nature Preserve | J29: MG919 | K29: Quercus michauxii Nutt. | L29: Quercus michauxii Nutt. | N29: Quercus michauxii Nutt. | P29: Quercus | Q29: michauxii | R29: mic | S29: 44715 | T29: Alan Whittemore, Andrew Hipp, Brett Fredericksen, Heather McCarthy, Klara Peterson, Leah Samuels, Mira Garner, Paul Manos | U29: fresh, frozen | V29: 44716 | W29: USA | X29: Illinois | Y29: Johnson | Z29: County | AA29: Heron Pond - Little Black Slough Nature Preserve | AD29: Quercus michauxii Nutt. | AE29: 37.359717 | AF29: -88.91752 | AG29: MOR-unmounted | AH29: wild | AI29: 37.359872 | AJ29: -88.917491 | AK29: 0.0001552597 | AL29: 2.86843e-05 | AM29: =_xlfn.IFNA(VLOOKUP(Sheet1!$C29,ADMIX_ALL!A:B,2,FALSE),"none") -> K6-18 | AN29: =_xlfn.IFNA(VLOOKUP(Sheet1!C29,ADMIX_SS!A:B,2,FALSE),"none") -> Constant | AO29: =_xlfn.IFNA(VLOOKUP(Sheet1!$C29,MONG_PHYLO!A:C,3,FALSE),"-") -> mic | AP29: =_xlfn.IFNA(VLOOKUP(Sheet1!$C29,MAC_PHYLO!A:C,3,FALSE),"-") -> mic | AQ29: =_xlfn.IFNA(VLOOKUP(Sheet1!$C29,ConStruct!A:C,3,FALSE),"-") -> - | AR29: =_xlfn.IFNA(VLOOKUP(Sheet1!$C29,GEA!A:C,3,FALSE),"-") -> - | AS29: =_xlfn.IFNA(VLOOKUP(Sheet1!$C29,MAC_DSUITE!A:D,3,FALSE),"-") -> xxx | AT29: =_xlfn.IFNA(VLOOKUP(Sheet1!$C29,MONG_DSUITE!A:E,2,FALSE),"-") -> michauxii | AU29: =_xlfn.IFNA(VLOOKUP(Sheet1!$C29,MAC_PAINT2!A:D,4,FALSE),"-") -> -
A30: 3288 | B30: QUE003288 | C30: SYST-MOR-0006718 | D30: =_xlfn.CONCAT(C30,".bam") -> SYST-MOR-0006718.bam | E30: IL_HP_MG920_MG | F30: IL | G30: HP | H30: IL_HP | I30: Heron Pond - Little Black Slough Nature Preserve | J30: MG920 | K30: Quercus michauxii Nutt. | L30: Quercus michauxii Nutt. | N30: Quercus michauxii Nutt. | P30: Quercus | Q30: michauxii | R30: mic | S30: 44715 | T30: Alan Whittemore, Andrew Hipp, Brett Fredericksen, Heather McCarthy, Klara Peterson, Leah Samuels, Mira Garner, Paul Manos | U30: fresh, frozen | V30: 44716 | W30: USA | X30: Illinois | Y30: Johnson | Z30: County | AA30: Heron Pond - Little Black Slough Nature Preserve | AD30: Quercus michauxii Nutt. | AE30: 37.358862 | AF30: -88.917535 | AG30: MOR-unmounted | AH30: wild | AI30: 37.358673 | AJ30: -88.917395 | AK30: -0.0001893 | AL30: 0.0001395 | AM30: =_xlfn.IFNA(VLOOKUP(Sheet1!$C30,ADMIX_ALL!A:B,2,FALSE),"none") -> K6-18 | AN30: =_xlfn.IFNA(VLOOKUP(Sheet1!C30,ADMIX_SS!A:B,2,FALSE),"none") -> Constant | AO30: =_xlfn.IFNA(VLOOKUP(Sheet1!$C30,MONG_PHYLO!A:C,3,FALSE),"-") -> mic | AP30: =_xlfn.IFNA(VLOOKUP(Sheet1!$C30,MAC_PHYLO!A:C,3,FALSE),"-") -> - | AQ30: =_xlfn.IFNA(VLOOKUP(Sheet1!$C30,ConStruct!A:C,3,FALSE),"-") -> - | AR30: =_xlfn.IFNA(VLOOKUP(Sheet1!$C30,GEA!A:C,3,FALSE),"-") -> - | AS30: =_xlfn.IFNA(VLOOKUP(Sheet1!$C30,MAC_DSUITE!A:D,3,FALSE),"-") -> - | AT30: =_xlfn.IFNA(VLOOKUP(Sheet1!$C30,MONG_DSUITE!A:E,2,FALSE),"-") -> michauxii | AU30: =_xlfn.IFNA(VLOOKUP(Sheet1!$C30,MAC_PAINT2!A:D,4,FALSE),"-") -> -
A31: 3289 | B31: QUE003289 | C31: SYST-MOR-0006719 | D31: =_xlfn.CONCAT(C31,".bam") -> SYST-MOR-0006719.bam | E31: IL_HP_MG921_MG | F31: IL | G31: HP | H31: IL_HP | I31: Heron Pond - Little Black Slough Nature Preserve | J31: MG921 | K31: Quercus michauxii Nutt. | L31: Quercus michauxii Nutt. | N31: Quercus michauxii Nutt. | P31: Quercus | Q31: michauxii | R31: mic | S31: 44715 | T31: Alan Whittemore, Andrew Hipp, Brett Fredericksen, Heather McCarthy, Klara Peterson, Leah Samuels, Mira Garner, Paul Manos | U31: fresh, frozen | V31: 44716 | W31: USA | X31: Illinois | Y31: Johnson | Z31: County | AA31: Heron Pond - Little Black Slough Nature Preserve | AD31: Quercus michauxii Nutt. | AE31: 37.357105 | AF31: -88.91694 | AG31: MOR-unmounted | AH31: wild | AI31: 37.357144 | AJ31: -88.917055 | AK31: 3.86899e-05 | AL31: -0.0001151767 | AM31: =_xlfn.IFNA(VLOOKUP(Sheet1!$C31,ADMIX_ALL!A:B,2,FALSE),"none") -> K6-18 | AN31: =_xlfn.IFNA(VLOOKUP(Sheet1!C31,ADMIX_SS!A:B,2,FALSE),"none") -> SubSample | AO31: =_xlfn.IFNA(VLOOKUP(Sheet1!$C31,MONG_PHYLO!A:C,3,FALSE),"-") -> - | AP31: =_xlfn.IFNA(VLOOKUP(Sheet1!$C31,MAC_PHYLO!A:C,3,FALSE),"-") -> mic | AQ31: =_xlfn.IFNA(VLOOKUP(Sheet1!$C31,ConStruct!A:C,3,FALSE),"-") -> - | AR31: =_xlfn.IFNA(VLOOKUP(Sheet1!$C31,GEA!A:C,3,FALSE),"-") -> - | AS31: =_xlfn.IFNA(VLOOKUP(Sheet1!$C31,MAC_DSUITE!A:D,3,FALSE),"-") -> xxx | AT31: =_xlfn.IFNA(VLOOKUP(Sheet1!$C31,MONG_DSUITE!A:E,2,FALSE),"-") -> xxx | AU31: =_xlfn.IFNA(VLOOKUP(Sheet1!$C31,MAC_PAINT2!A:D,4,FALSE),"-") -> -
A32: 3290 | B32: QUE003290 | C32: SYST-MOR-0006720 | D32: =_xlfn.CONCAT(C32,".bam") -> SYST-MOR-0006720.bam | E32: MO_SH_001_MG | F32: MO | G32: SH | H32: MO_SH | I32: Shaw Nature Preserve | K32: Quercus stellata Wangenh. | L32: Quercus stellata Wangenh. | N32: Quercus stellata Wangenh. | P32: Quercus | Q32: stellata | R32: ste | S32: 44713 | T32: Alan Whittemore, Andrew Hipp, Brett Fredericksen, Heather McCarthy, Ian Pearse, Jeannine Cavender-Bares, Klara Peterson, Leah Samuels, Mira Garner, Paul Manos | U32: fresh, frozen | V32: 44716 | W32: USA | X32: Missouri | Y32: Franklin | Z32: County | AA32: Shaw Nature Preserve | AD32: Quercus stellata Wangenh. | AE32: 38.467143 | AF32: -90.820221 | AG32: MOR-unmounted | AH32: wild | AI32: 38.467177 | AJ32: -90.820321 | AK32: 3.36032e-05 | AL32: -0.0001004408 | AM32: =_xlfn.IFNA(VLOOKUP(Sheet1!$C32,ADMIX_ALL!A:B,2,FALSE),"none") -> K6-18 | AN32: =_xlfn.IFNA(VLOOKUP(Sheet1!C32,ADMIX_SS!A:B,2,FALSE),"none") -> SubSample | AO32: =_xlfn.IFNA(VLOOKUP(Sheet1!$C32,MONG_PHYLO!A:C,3,FALSE),"-") -> - | AP32: =_xlfn.IFNA(VLOOKUP(Sheet1!$C32,MAC_PHYLO!A:C,3,FALSE),"-") -> - | AQ32: =_xlfn.IFNA(VLOOKUP(Sheet1!$C32,ConStruct!A:C,3,FALSE),"-") -> - | AR32: =_xlfn.IFNA(VLOOKUP(Sheet1!$C32,GEA!A:C,3,FALSE),"-") -> - | AS32: =_xlfn.IFNA(VLOOKUP(Sheet1!$C32,MAC_DSUITE!A:D,3,FALSE),"-") -> - | AT32: =_xlfn.IFNA(VLOOKUP(Sheet1!$C32,MONG_DSUITE!A:E,2,FALSE),"-") -> xxx | AU32: =_xlfn.IFNA(VLOOKUP(Sheet1!$C32,MAC_PAINT2!A:D,4,FALSE),"-") -> -
A33: 3291 | B33: QUE003291 | C33: SYST-MOR-0006721 | D33: =_xlfn.CONCAT(C33,".bam") -> SYST-MOR-0006721.bam | E33: MO_SH_002_All | F33: MO | G33: SH | H33: MO_SH | I33: Shaw Nature Preserve | K33: Quercus macrocarpa Michx. | L33: Quercus macrocarpa Michx. | N33: Quercus macrocarpa Michx. | P33: Quercus | Q33: macrocarpa | R33: mac | S33: 44713 | T33: Alan Whittemore, Andrew Hipp, Brett Fredericksen, Heather McCarthy, Ian Pearse, Jeannine Cavender-Bares, Klara Peterson, Leah Samuels, Mira Garner, Paul Manos | U33: fresh, frozen | V33: 44716 | W33: USA | X33: Missouri | Y33: Franklin | Z33: County | AA33: Shaw Nature Preserve | AD33: Quercus macrocarpa Michx. | AE33: 38.461996 | AF33: -90.814959 | AG33: MOR-unmounted | AH33: wild | AI33: 38.461751 | AJ33: -90.81475 | AK33: -0.0002449375 | AL33: 0.0002094609 | AM33: =_xlfn.IFNA(VLOOKUP(Sheet1!$C33,ADMIX_ALL!A:B,2,FALSE),"none") -> K6-18 | AN33: =_xlfn.IFNA(VLOOKUP(Sheet1!C33,ADMIX_SS!A:B,2,FALSE),"none") -> SubSample | AO33: =_xlfn.IFNA(VLOOKUP(Sheet1!$C33,MONG_PHYLO!A:C,3,FALSE),"-") -> - | AP33: =_xlfn.IFNA(VLOOKUP(Sheet1!$C33,MAC_PHYLO!A:C,3,FALSE),"-") -> - | AQ33: =_xlfn.IFNA(VLOOKUP(Sheet1!$C33,ConStruct!A:C,3,FALSE),"-") -> ConStruct | AR33: =_xlfn.IFNA(VLOOKUP(Sheet1!$C33,GEA!A:C,3,FALSE),"-") -> GEA | AS33: =_xlfn.IFNA(VLOOKUP(Sheet1!$C33,MAC_DSUITE!A:D,3,FALSE),"-") -> mac_MO_SH | AT33: =_xlfn.IFNA(VLOOKUP(Sheet1!$C33,MONG_DSUITE!A:E,2,FALSE),"-") -> macrocarpa_SH | AU33: =_xlfn.IFNA(VLOOKUP(Sheet1!$C33,MAC_PAINT2!A:D,4,FALSE),"-") -> macpaint | AV33: Q > .99 | AW33: Q > .99
A34: 3292 | B34: QUE003292 | C34: SYST-MOR-0006722 | D34: =_xlfn.CONCAT(C34,".bam") -> SYST-MOR-0006722.bam | E34: MO_SH_003_All | F34: MO | G34: SH | H34: MO_SH | I34: Shaw Nature Preserve | K34: Quercus macrocarpa Michx. | L34: Quercus macrocarpa Michx. | N34: Quercus macrocarpa Michx. | P34: Quercus | Q34: macrocarpa | R34: mac | S34: 44713 | T34: Alan Whittemore, Andrew Hipp, Brett Fredericksen, Heather McCarthy, Ian Pearse, Jeannine Cavender-Bares, Klara Peterson, Leah Samuels, Mira Garner, Paul Manos | U34: fresh, frozen | V34: 44716 | W34: USA | X34: Missouri | Y34: Franklin | Z34: County | AA34: Shaw Nature Preserve | AD34: Quercus macrocarpa Michx. | AE34: 38.461909 | AF34: -90.814652 | AG34: MOR-unmounted | AH34: wild | AI34: 38.462061 | AJ34: -90.814594 | AK34: 0.000151584 | AL34: 5.77221e-05 | AM34: =_xlfn.IFNA(VLOOKUP(Sheet1!$C34,ADMIX_ALL!A:B,2,FALSE),"none") -> K6-18 | AN34: =_xlfn.IFNA(VLOOKUP(Sheet1!C34,ADMIX_SS!A:B,2,FALSE),"none") -> SubSample | AO34: =_xlfn.IFNA(VLOOKUP(Sheet1!$C34,MONG_PHYLO!A:C,3,FALSE),"-") -> - | AP34: =_xlfn.IFNA(VLOOKUP(Sheet1!$C34,MAC_PHYLO!A:C,3,FALSE),"-") -> - | AQ34: =_xlfn.IFNA(VLOOKUP(Sheet1!$C34,ConStruct!A:C,3,FALSE),"-") -> ConStruct | AR34: =_xlfn.IFNA(VLOOKUP(Sheet1!$C34,GEA!A:C,3,FALSE),"-") -> GEA | AS34: =_xlfn.IFNA(VLOOKUP(Sheet1!$C34,MAC_DSUITE!A:D,3,FALSE),"-") -> mac_MO_SH | AT34: =_xlfn.IFNA(VLOOKUP(Sheet1!$C34,MONG_DSUITE!A:E,2,FALSE),"-") -> macrocarpa_SH | AU34: =_xlfn.IFNA(VLOOKUP(Sheet1!$C34,MAC_PAINT2!A:D,4,FALSE),"-") -> macpaint | AV34: Q > .99 | AW34: Q > .99
A35: 3293 | B35: QUE003293 | C35: SYST-MOR-0006723 | D35: =_xlfn.CONCAT(C35,".bam") -> SYST-MOR-0006723.bam | E35: MO_SH_004_All | F35: MO | G35: SH | H35: MO_SH | I35: Shaw Nature Preserve | K35: Quercus macrocarpa Michx. | L35: Quercus macrocarpa Michx. | N35: Quercus macrocarpa Michx. | P35: Quercus | Q35: macrocarpa | R35: mac | S35: 44713 | T35: Alan Whittemore, Andrew Hipp, Brett Fredericksen, Heather McCarthy, Ian Pearse, Jeannine Cavender-Bares, Klara Peterson, Leah Samuels, Mira Garner, Paul Manos | U35: fresh, frozen | V35: 44716 | W35: USA | X35: Missouri | Y35: Franklin | Z35: County | AA35: Shaw Nature Preserve | AD35: Quercus macrocarpa Michx. | AE35: 38.461961 | AF35: -90.81437 | AG35: MOR-unmounted | AH35: wild | AI35: 38.461993 | AJ35: -90.814359 | AK35: 3.24393e-05 | AL35: 1.12683e-05 | AM35: =_xlfn.IFNA(VLOOKUP(Sheet1!$C35,ADMIX_ALL!A:B,2,FALSE),"none") -> K6-18 | AN35: =_xlfn.IFNA(VLOOKUP(Sheet1!C35,ADMIX_SS!A:B,2,FALSE),"none") -> SubSample | AO35: =_xlfn.IFNA(VLOOKUP(Sheet1!$C35,MONG_PHYLO!A:C,3,FALSE),"-") -> - | AP35: =_xlfn.IFNA(VLOOKUP(Sheet1!$C35,MAC_PHYLO!A:C,3,FALSE),"-") -> - | AQ35: =_xlfn.IFNA(VLOOKUP(Sheet1!$C35,ConStruct!A:C,3,FALSE),"-") -> ConStruct | AR35: =_xlfn.IFNA(VLOOKUP(Sheet1!$C35,GEA!A:C,3,FALSE),"-") -> GEA | AS35: =_xlfn.IFNA(VLOOKUP(Sheet1!$C35,MAC_DSUITE!A:D,3,FALSE),"-") -> mac_MO_SH | AT35: =_xlfn.IFNA(VLOOKUP(Sheet1!$C35,MONG_DSUITE!A:E,2,FALSE),"-") -> macrocarpa_SH | AU35: =_xlfn.IFNA(VLOOKUP(Sheet1!$C35,MAC_PAINT2!A:D,4,FALSE),"-") -> macpaint | AV35: Q > .99 | AW35: Q > .99
A36: 3294 | B36: QUE003294 | C36: SYST-MOR-0006724 | D36: =_xlfn.CONCAT(C36,".bam") -> SYST-MOR-0006724.bam | E36: MO_SH_005_All | F36: MO | G36: SH | H36: MO_SH | I36: Shaw Nature Preserve | K36: Quercus macrocarpa Michx. | L36: Quercus macrocarpa Michx. | N36: Quercus macrocarpa Michx. | P36: Quercus | Q36: macrocarpa | R36: mac | S36: 44713 | T36: Alan Whittemore, Andrew Hipp, Brett Fredericksen, Heather McCarthy, Ian Pearse, Jeannine Cavender-Bares, Klara Peterson, Leah Samuels, Mira Garner, Paul Manos | U36: fresh, frozen | V36: 44716 | W36: USA | X36: Missouri | Y36: Franklin | Z36: County | AA36: Shaw Nature Preserve | AD36: Quercus macrocarpa Michx. | AE36: 38.462113 | AF36: -90.814155 | AG36: MOR-unmounted | AH36: wild | AI36: 38.461985 | AJ36: -90.814028 | AK36: -0.00012801 | AL36: 0.0001272834 | AM36: =_xlfn.IFNA(VLOOKUP(Sheet1!$C36,ADMIX_ALL!A:B,2,FALSE),"none") -> K6-18 | AN36: =_xlfn.IFNA(VLOOKUP(Sheet1!C36,ADMIX_SS!A:B,2,FALSE),"none") -> SubSample | AO36: =_xlfn.IFNA(VLOOKUP(Sheet1!$C36,MONG_PHYLO!A:C,3,FALSE),"-") -> - | AP36: =_xlfn.IFNA(VLOOKUP(Sheet1!$C36,MAC_PHYLO!A:C,3,FALSE),"-") -> - | AQ36: =_xlfn.IFNA(VLOOKUP(Sheet1!$C36,ConStruct!A:C,3,FALSE),"-") -> ConStruct | AR36: =_xlfn.IFNA(VLOOKUP(Sheet1!$C36,GEA!A:C,3,FALSE),"-") -> GEA | AS36: =_xlfn.IFNA(VLOOKUP(Sheet1!$C36,MAC_DSUITE!A:D,3,FALSE),"-") -> mac_MO_SH | AT36: =_xlfn.IFNA(VLOOKUP(Sheet1!$C36,MONG_DSUITE!A:E,2,FALSE),"-") -> macrocarpa_SH | AU36: =_xlfn.IFNA(VLOOKUP(Sheet1!$C36,MAC_PAINT2!A:D,4,FALSE),"-") -> macpaint | AV36: Q > .99 | AW36: Q > .99
A37: 3295 | B37: QUE003295 | C37: SYST-MOR-0006725 | D37: =_xlfn.CONCAT(C37,".bam") -> SYST-MOR-0006725.bam | E37: MO_SH_006_All | F37: MO | G37: SH | H37: MO_SH | I37: Shaw Nature Preserve | K37: Quercus macrocarpa Michx. | L37: Quercus macrocarpa Michx. | N37: Quercus macrocarpa Michx. | P37: Quercus | Q37: macrocarpa | R37: mac | S37: 44713 | T37: Alan Whittemore, Andrew Hipp, Brett Fredericksen, Heather McCarthy, Ian Pearse, Jeannine Cavender-Bares, Klara Peterson, Leah Samuels, Mira Garner, Paul Manos | U37: fresh, frozen | V37: 44716 | W37: USA | X37: Missouri | Y37: Franklin | Z37: County | AA37: Shaw Nature Preserve | AD37: Quercus macrocarpa Michx. | AE37: 38.462273 | AF37: -90.813528 | AG37: MOR-unmounted | AH37: wild | AI37: 38.462083 | AJ37: -90.81396 | AK37: -0.0001903317 | AL37: -0.000431955 | AM37: =_xlfn.IFNA(VLOOKUP(Sheet1!$C37,ADMIX_ALL!A:B,2,FALSE),"none") -> K6-18 | AN37: =_xlfn.IFNA(VLOOKUP(Sheet1!C37,ADMIX_SS!A:B,2,FALSE),"none") -> SubSample | AO37: =_xlfn.IFNA(VLOOKUP(Sheet1!$C37,MONG_PHYLO!A:C,3,FALSE),"-") -> - | AP37: =_xlfn.IFNA(VLOOKUP(Sheet1!$C37,MAC_PHYLO!A:C,3,FALSE),"-") -> - | AQ37: =_xlfn.IFNA(VLOOKUP(Sheet1!$C37,ConStruct!A:C,3,FALSE),"-") -> ConStruct | AR37: =_xlfn.IFNA(VLOOKUP(Sheet1!$C37,GEA!A:C,3,FALSE),"-") -> GEA | AS37: =_xlfn.IFNA(VLOOKUP(Sheet1!$C37,MAC_DSUITE!A:D,3,FALSE),"-") -> mac_MO_SH | AT37: =_xlfn.IFNA(VLOOKUP(Sheet1!$C37,MONG_DSUITE!A:E,2,FALSE),"-") -> macrocarpa_SH | AU37: =_xlfn.IFNA(VLOOKUP(Sheet1!$C37,MAC_PAINT2!A:D,4,FALSE),"-") -> macpaint | AV37: Q > .99 | AW37: Q > .99
A38: 3296 | B38: QUE003296 | C38: SYST-MOR-0006726 | D38: =_xlfn.CONCAT(C38,".bam") -> SYST-MOR-0006726.bam | E38: MO_SH_007_All | F38: MO | G38: SH | H38: MO_SH | I38: Shaw Nature Preserve | K38: Quercus muehlenbergii Engelm. | L38: Quercus muehlenbergii Engelm. | N38: Quercus muehlenbergii Engelm. | P38: Quercus | Q38: muehlenbergii | R38: mue | S38: 44713 | T38: Alan Whittemore, Andrew Hipp, Brett Fredericksen, Heather McCarthy, Ian Pearse, Jeannine Cavender-Bares, Klara Peterson, Leah Samuels, Mira Garner, Paul Manos | U38: fresh, frozen | V38: 44716 | W38: USA | X38: Missouri | Y38: Franklin | Z38: County | AA38: Shaw Nature Preserve | AD38: Quercus muehlenbergii Engelm. | AE38: 38.461575 | AF38: -90.818703 | AG38: MOR-unmounted | AH38: wild | AI38: 38.461105 | AJ38: -90.819041 | AK38: -0.0004704818 | AL38: -0.0003375361 | AM38: =_xlfn.IFNA(VLOOKUP(Sheet1!$C38,ADMIX_ALL!A:B,2,FALSE),"none") -> K6-18 | AN38: =_xlfn.IFNA(VLOOKUP(Sheet1!C38,ADMIX_SS!A:B,2,FALSE),"none") -> SubSample | AO38: =_xlfn.IFNA(VLOOKUP(Sheet1!$C38,MONG_PHYLO!A:C,3,FALSE),"-") -> - | AP38: =_xlfn.IFNA(VLOOKUP(Sheet1!$C38,MAC_PHYLO!A:C,3,FALSE),"-") -> - | AQ38: =_xlfn.IFNA(VLOOKUP(Sheet1!$C38,ConStruct!A:C,3,FALSE),"-") -> - | AR38: =_xlfn.IFNA(VLOOKUP(Sheet1!$C38,GEA!A:C,3,FALSE),"-") -> - | AS38: =_xlfn.IFNA(VLOOKUP(Sheet1!$C38,MAC_DSUITE!A:D,3,FALSE),"-") -> - | AT38: =_xlfn.IFNA(VLOOKUP(Sheet1!$C38,MONG_DSUITE!A:E,2,FALSE),"-") -> xxx | AU38: =_xlfn.IFNA(VLOOKUP(Sheet1!$C38,MAC_PAINT2!A:D,4,FALSE),"-") -> -
A39: 3297 | B39: QUE003297 | C39: SYST-MOR-0006727 | D39: =_xlfn.CONCAT(C39,".bam") -> SYST-MOR-0006727.bam | E39: MO_SH_008_All | F39: MO | G39: SH | H39: MO_SH | I39: Shaw Nature Preserve | K39: Quercus muehlenbergii Engelm. | L39: Quercus muehlenbergii Engelm. | N39: Quercus muehlenbergii Engelm. | P39: Quercus | Q39: muehlenbergii | R39: mue | S39: 44713 | T39: Alan Whittemore, Andrew Hipp, Brett Fredericksen, Heather McCarthy, Ian Pearse, Jeannine Cavender-Bares, Klara Peterson, Leah Samuels, Mira Garner, Paul Manos | U39: fresh, frozen | V39: 44716 | W39: USA | X39: Missouri | Y39: Franklin | Z39: County | AA39: Shaw Nature Preserve | AD39: Quercus muehlenbergii Engelm. | AE39: 38.461624 | AF39: -90.818267 | AG39: MOR-unmounted | AH39: wild | AI39: 38.461654 | AJ39: -90.818233 | AK39: 3.0275e-05 | AL39: 3.38862e-05 | AM39: =_xlfn.IFNA(VLOOKUP(Sheet1!$C39,ADMIX_ALL!A:B,2,FALSE),"none") -> K6-18 | AN39: =_xlfn.IFNA(VLOOKUP(Sheet1!C39,ADMIX_SS!A:B,2,FALSE),"none") -> SubSample | AO39: =_xlfn.IFNA(VLOOKUP(Sheet1!$C39,MONG_PHYLO!A:C,3,FALSE),"-") -> - | AP39: =_xlfn.IFNA(VLOOKUP(Sheet1!$C39,MAC_PHYLO!A:C,3,FALSE),"-") -> - | AQ39: =_xlfn.IFNA(VLOOKUP(Sheet1!$C39,ConStruct!A:C,3,FALSE),"-") -> - | AR39: =_xlfn.IFNA(VLOOKUP(Sheet1!$C39,GEA!A:C,3,FALSE),"-") -> - | AS39: =_xlfn.IFNA(VLOOKUP(Sheet1!$C39,MAC_DSUITE!A:D,3,FALSE),"-") -> - | AT39: =_xlfn.IFNA(VLOOKUP(Sheet1!$C39,MONG_DSUITE!A:E,2,FALSE),"-") -> xxx | AU39: =_xlfn.IFNA(VLOOKUP(Sheet1!$C39,MAC_PAINT2!A:D,4,FALSE),"-") -> -
A40: 3298 | B40: QUE003298 | C40: SYST-MOR-0006728 | D40: =_xlfn.CONCAT(C40,".bam") -> SYST-MOR-0006728.bam | E40: MO_SH_009_All | F40: MO | G40: SH | H40: MO_SH | I40: Shaw Nature Preserve | K40: Quercus muehlenbergii Engelm. | L40: Quercus muehlenbergii Engelm. | N40: Quercus muehlenbergii Engelm. | P40: Quercus | Q40: muehlenbergii | R40: mue | S40: 44713 | T40: Alan Whittemore, Andrew Hipp, Brett Fredericksen, Heather McCarthy, Ian Pearse, Jeannine Cavender-Bares, Klara Peterson, Leah Samuels, Mira Garner, Paul Manos | U40: fresh, frozen | V40: 44716 | W40: USA | X40: Missouri | Y40: Franklin | Z40: County | AA40: Shaw Nature Preserve | AD40: Quercus muehlenbergii Engelm. | AE40: 38.462029 | AF40: -90.818313 | AG40: MOR-unmounted | AH40: wild | AI40: 38.462095 | AJ40: -90.81837 | AK40: 6.61272e-05 | AL40: -5.74732e-05 | AM40: =_xlfn.IFNA(VLOOKUP(Sheet1!$C40,ADMIX_ALL!A:B,2,FALSE),"none") -> K6-18 | AN40: =_xlfn.IFNA(VLOOKUP(Sheet1!C40,ADMIX_SS!A:B,2,FALSE),"none") -> SubSample | AO40: =_xlfn.IFNA(VLOOKUP(Sheet1!$C40,MONG_PHYLO!A:C,3,FALSE),"-") -> - | AP40: =_xlfn.IFNA(VLOOKUP(Sheet1!$C40,MAC_PHYLO!A:C,3,FALSE),"-") -> - | AQ40: =_xlfn.IFNA(VLOOKUP(Sheet1!$C40,ConStruct!A:C,3,FALSE),"-") -> - | AR40: =_xlfn.IFNA(VLOOKUP(Sheet1!$C40,GEA!A:C,3,FALSE),"-") -> - | AS40: =_xlfn.IFNA(VLOOKUP(Sheet1!$C40,MAC_DSUITE!A:D,3,FALSE),"-") -> - | AT40: =_xlfn.IFNA(VLOOKUP(Sheet1!$C40,MONG_DSUITE!A:E,2,FALSE),"-") -> xxx | AU40: =_xlfn.IFNA(VLOOKUP(Sheet1!$C40,MAC_PAINT2!A:D,4,FALSE),"-") -> -
A41: 3528 | B41: QUE003528 | C41: SYST-MOR-0006729 | D41: =_xlfn.CONCAT(C41,".bam") -> SYST-MOR-0006729.bam | E41: IL_MOR_135_MG | F41: IL | G41: MOR | H41: IL_MOR | I41: The Morton Arboretum | J41: MG906 | K41: Quercus macrocarpa Michx. | L41: Quercus macrocarpa Michx. | N41: Quercus macrocarpa Michx. | P41: Quercus | Q41: macrocarpa | R41: mac | S41: 44705 | T41: Mira Garner, Keion Mackay, Andrew Hipp | U41: fresh, frozen | V41: 44705 | W41: USA | X41: Illinois | Y41: DuPage | Z41: County | AA41: The Morton Arboretum | AD41: Quercus macrocarpa Michx. | AE41: 41.81383 | AF41: -88.062933 | AG41: MOR-unmounted | AH41: wild | AI41: 41.813671 | AJ41: -88.06292 | AK41: -0.0001594867 | AL41: 1.33702e-05 | AM41: =_xlfn.IFNA(VLOOKUP(Sheet1!$C41,ADMIX_ALL!A:B,2,FALSE),"none") -> K6-18 | AN41: =_xlfn.IFNA(VLOOKUP(Sheet1!C41,ADMIX_SS!A:B,2,FALSE),"none") -> SubSample | AO41: =_xlfn.IFNA(VLOOKUP(Sheet1!$C41,MONG_PHYLO!A:C,3,FALSE),"-") -> - | AP41: =_xlfn.IFNA(VLOOKUP(Sheet1!$C41,MAC_PHYLO!A:C,3,FALSE),"-") -> - | AQ41: =_xlfn.IFNA(VLOOKUP(Sheet1!$C41,ConStruct!A:C,3,FALSE),"-") -> ConStruct | AR41: =_xlfn.IFNA(VLOOKUP(Sheet1!$C41,GEA!A:C,3,FALSE),"-") -> GEA | AS41: =_xlfn.IFNA(VLOOKUP(Sheet1!$C41,MAC_DSUITE!A:D,3,FALSE),"-") -> mac_IL_MOR | AT41: =_xlfn.IFNA(VLOOKUP(Sheet1!$C41,MONG_DSUITE!A:E,2,FALSE),"-") -> macrocarpa_MOR | AU41: =_xlfn.IFNA(VLOOKUP(Sheet1!$C41,MAC_PAINT2!A:D,4,FALSE),"-") -> macpaint | AV41: Q > .99 | AW41: Q > .99
A42: 3529 | B42: QUE003529 | C42: SYST-MOR-0006730 | D42: =_xlfn.CONCAT(C42,".bam") -> SYST-MOR-0006730.bam | E42: IL_MOR_138_MG | F42: IL | G42: MOR | H42: IL_MOR | I42: The Morton Arboretum | J42: MG907 | K42: Quercus alba L. | L42: Quercus alba L. | N42: Quercus alba L. | P42: Quercus | Q42: alba | R42: alb | S42: 44705 | T42: Mira Garner, Keion Mackay, Andrew Hipp | U42: fresh, frozen | V42: 44705 | W42: USA | X42: Illinois | Y42: DuPage | Z42: County | AA42: The Morton Arboretum | AD42: Quercus alba L. | AE42: 41.813922 | AF42: -88.062902 | AG42: MOR-unmounted | AH42: wild | AI42: 41.813858 | AJ42: -88.062836 | AK42: -6.36483e-05 | AL42: 6.59378e-05 | AM42: =_xlfn.IFNA(VLOOKUP(Sheet1!$C42,ADMIX_ALL!A:B,2,FALSE),"none") -> K6-18 | AN42: =_xlfn.IFNA(VLOOKUP(Sheet1!C42,ADMIX_SS!A:B,2,FALSE),"none") -> SubSample | AO42: =_xlfn.IFNA(VLOOKUP(Sheet1!$C42,MONG_PHYLO!A:C,3,FALSE),"-") -> - | AP42: =_xlfn.IFNA(VLOOKUP(Sheet1!$C42,MAC_PHYLO!A:C,3,FALSE),"-") -> - | AQ42: =_xlfn.IFNA(VLOOKUP(Sheet1!$C42,ConStruct!A:C,3,FALSE),"-") -> - | AR42: =_xlfn.IFNA(VLOOKUP(Sheet1!$C42,GEA!A:C,3,FALSE),"-") -> - | AS42: =_xlfn.IFNA(VLOOKUP(Sheet1!$C42,MAC_DSUITE!A:D,3,FALSE),"-") -> - | AT42: =_xlfn.IFNA(VLOOKUP(Sheet1!$C42,MONG_DSUITE!A:E,2,FALSE),"-") -> xxx | AU42: =_xlfn.IFNA(VLOOKUP(Sheet1!$C42,MAC_PAINT2!A:D,4,FALSE),"-") -> -
A43: 3530 | B43: QUE003530 | C43: SYST-MOR-0006731 | D43: =_xlfn.CONCAT(C43,".bam") -> SYST-MOR-0006731.bam | E43: IL_MOR_137_MG | F43: IL | G43: MOR | H43: IL_MOR | I43: The Morton Arboretum | J43: MG908 | K43: Quercus macrocarpa Michx. | L43: Quercus macrocarpa Michx. | N43: Quercus macrocarpa Michx. | P43: Quercus | Q43: macrocarpa | R43: mac | S43: 44705 | T43: Mira Garner, Keion Mackay, Andrew Hipp | U43: fresh, frozen | V43: 44705 | W43: USA | X43: Illinois | Y43: DuPage | Z43: County | AA43: The Morton Arboretum | AD43: Quercus macrocarpa Michx. | AE43: 41.813961 | AF43: -88.063804 | AG43: MOR-unmounted | AH43: wild | AI43: 41.813777 | AJ43: -88.062842 | AK43: -0.0001837584 | AL43: 0.0009619112 | AM43: =_xlfn.IFNA(VLOOKUP(Sheet1!$C43,ADMIX_ALL!A:B,2,FALSE),"none") -> K6-18 | AN43: =_xlfn.IFNA(VLOOKUP(Sheet1!C43,ADMIX_SS!A:B,2,FALSE),"none") -> SubSample | AO43: =_xlfn.IFNA(VLOOKUP(Sheet1!$C43,MONG_PHYLO!A:C,3,FALSE),"-") -> - | AP43: =_xlfn.IFNA(VLOOKUP(Sheet1!$C43,MAC_PHYLO!A:C,3,FALSE),"-") -> - | AQ43: =_xlfn.IFNA(VLOOKUP(Sheet1!$C43,ConStruct!A:C,3,FALSE),"-") -> ConStruct | AR43: =_xlfn.IFNA(VLOOKUP(Sheet1!$C43,GEA!A:C,3,FALSE),"-") -> GEA | AS43: =_xlfn.IFNA(VLOOKUP(Sheet1!$C43,MAC_DSUITE!A:D,3,FALSE),"-") -> mac_IL_MOR | AT43: =_xlfn.IFNA(VLOOKUP(Sheet1!$C43,MONG_DSUITE!A:E,2,FALSE),"-") -> macrocarpa_MOR | AU43: =_xlfn.IFNA(VLOOKUP(Sheet1!$C43,MAC_PAINT2!A:D,4,FALSE),"-") -> macpaint | AV43: Q > .99 | AW43: Q > .99
A44: 3531 | B44: QUE003531 | C44: SYST-MOR-0006732 | D44: =_xlfn.CONCAT(C44,".bam") -> SYST-MOR-0006732.bam | E44: IL_MOR_136_MG | F44: IL | G44: MOR | H44: IL_MOR | I44: The Morton Arboretum | J44: MG909 | K44: Quercus alba L. | L44: Quercus alba L. | N44: Quercus alba L. | P44: Quercus | Q44: alba | R44: alb | S44: 44705 | T44: Mira Garner, Keion Mackay, Andrew Hipp | U44: fresh, frozen | V44: 44705 | W44: USA | X44: Illinois | Y44: DuPage | Z44: County | AA44: The Morton Arboretum | AD44: Quercus alba L. | AE44: 41.813846 | AF44: -88.063775 | AG44: MOR-unmounted | AH44: wild | AI44: 41.813722 | AJ44: -88.063304 | AK44: -0.0001244988 | AL44: 0.0004707247 | AM44: =_xlfn.IFNA(VLOOKUP(Sheet1!$C44,ADMIX_ALL!A:B,2,FALSE),"none") -> K6-18 | AN44: =_xlfn.IFNA(VLOOKUP(Sheet1!C44,ADMIX_SS!A:B,2,FALSE),"none") -> SubSample | AO44: =_xlfn.IFNA(VLOOKUP(Sheet1!$C44,MONG_PHYLO!A:C,3,FALSE),"-") -> - | AP44: =_xlfn.IFNA(VLOOKUP(Sheet1!$C44,MAC_PHYLO!A:C,3,FALSE),"-") -> - | AQ44: =_xlfn.IFNA(VLOOKUP(Sheet1!$C44,ConStruct!A:C,3,FALSE),"-") -> - | AR44: =_xlfn.IFNA(VLOOKUP(Sheet1!$C44,GEA!A:C,3,FALSE),"-") -> - | AS44: =_xlfn.IFNA(VLOOKUP(Sheet1!$C44,MAC_DSUITE!A:D,3,FALSE),"-") -> - | AT44: =_xlfn.IFNA(VLOOKUP(Sheet1!$C44,MONG_DSUITE!A:E,2,FALSE),"-") -> xxx | AU44: =_xlfn.IFNA(VLOOKUP(Sheet1!$C44,MAC_PAINT2!A:D,4,FALSE),"-") -> -
A45: 3532 | B45: QUE003532 | C45: SYST-MOR-0006733 | D45: =_xlfn.CONCAT(C45,".bam") -> SYST-MOR-0006733.bam | E45: IL_MOR_139_MG | F45: IL | G45: MOR | H45: IL_MOR | I45: The Morton Arboretum | J45: MG910 | K45: Quercus bicolor Willd. | L45: Quercus bicolor Willd. | M45: Quercus bicolor Willd. | N45: Quercus macrocarpa Michx. (aff. Q. bicolor) | P45: Quercus | Q45: macrocarpa | R45: mac | S45: 44705 | T45: Mira Garner, Keion Mackay, Andrew Hipp | U45: fresh, frozen | V45: 44705 | W45: USA | X45: Illinois | Y45: DuPage | Z45: County | AA45: The Morton Arboretum | AD45: Quercus macrocarpa Michx. (aff. Quercus bicolor Willd.) | AE45: 41.815709 | AF45: -88.06144 | AG45: MOR-unmounted | AH45: wild | AI45: 41.815693 | AJ45: -88.061478 | AK45: -1.59754e-05 | AL45: -3.81101e-05 | AM45: =_xlfn.IFNA(VLOOKUP(Sheet1!$C45,ADMIX_ALL!A:B,2,FALSE),"none") -> K6-18 | AN45: =_xlfn.IFNA(VLOOKUP(Sheet1!C45,ADMIX_SS!A:B,2,FALSE),"none") -> SubSample | AO45: =_xlfn.IFNA(VLOOKUP(Sheet1!$C45,MONG_PHYLO!A:C,3,FALSE),"-") -> - | AP45: =_xlfn.IFNA(VLOOKUP(Sheet1!$C45,MAC_PHYLO!A:C,3,FALSE),"-") -> - | AQ45: =_xlfn.IFNA(VLOOKUP(Sheet1!$C45,ConStruct!A:C,3,FALSE),"-") -> - | AR45: =_xlfn.IFNA(VLOOKUP(Sheet1!$C45,GEA!A:C,3,FALSE),"-") -> - | AS45: =_xlfn.IFNA(VLOOKUP(Sheet1!$C45,MAC_DSUITE!A:D,3,FALSE),"-") -> - | AT45: =_xlfn.IFNA(VLOOKUP(Sheet1!$C45,MONG_DSUITE!A:E,2,FALSE),"-") -> xxx | AU45: =_xlfn.IFNA(VLOOKUP(Sheet1!$C45,MAC_PAINT2!A:D,4,FALSE),"-") -> -
A46: 3533 | B46: QUE003533 | C46: SYST-MOR-0006734 | D46: =_xlfn.CONCAT(C46,".bam") -> SYST-MOR-0006734.bam | E46: IL_MOR_140_MG | F46: IL | G46: MOR | H46: IL_MOR | I46: The Morton Arboretum | J46: MG911 | K46: Quercus alba L. | L46: Quercus alba L. | N46: Quercus alba L. | P46: Quercus | Q46: alba | R46: alb | S46: 44705 | T46: Mira Garner, Keion Mackay, Andrew Hipp | U46: fresh, frozen | V46: 44705 | W46: USA | X46: Illinois | Y46: DuPage | Z46: County | AA46: The Morton Arboretum | AD46: Quercus alba L. | AE46: 41.815707 | AF46: -88.0612 | AG46: MOR-unmounted | AH46: wild | AI46: 41.815713 | AJ46: -88.061205 | AK46: 5.6382e-06 | AL46: -5.1953e-06 | AM46: =_xlfn.IFNA(VLOOKUP(Sheet1!$C46,ADMIX_ALL!A:B,2,FALSE),"none") -> K6-18 | AN46: =_xlfn.IFNA(VLOOKUP(Sheet1!C46,ADMIX_SS!A:B,2,FALSE),"none") -> SubSample | AO46: =_xlfn.IFNA(VLOOKUP(Sheet1!$C46,MONG_PHYLO!A:C,3,FALSE),"-") -> - | AP46: =_xlfn.IFNA(VLOOKUP(Sheet1!$C46,MAC_PHYLO!A:C,3,FALSE),"-") -> - | AQ46: =_xlfn.IFNA(VLOOKUP(Sheet1!$C46,ConStruct!A:C,3,FALSE),"-") -> - | AR46: =_xlfn.IFNA(VLOOKUP(Sheet1!$C46,GEA!A:C,3,FALSE),"-") -> - | AS46: =_xlfn.IFNA(VLOOKUP(Sheet1!$C46,MAC_DSUITE!A:D,3,FALSE),"-") -> - | AT46: =_xlfn.IFNA(VLOOKUP(Sheet1!$C46,MONG_DSUITE!A:E,2,FALSE),"-") -> xxx | AU46: =_xlfn.IFNA(VLOOKUP(Sheet1!$C46,MAC_PAINT2!A:D,4,FALSE),"-") -> -
A47: 3534 | B47: QUE003534 | C47: SYST-MOR-0006735 | D47: =_xlfn.CONCAT(C47,".bam") -> SYST-MOR-0006735.bam | E47: IL_MOR_142_MG | F47: IL | G47: MOR | H47: IL_MOR | I47: The Morton Arboretum | J47: MG912 | K47: Quercus macrocarpa Michx. | L47: Quercus macrocarpa Michx. | N47: Quercus macrocarpa Michx. | P47: Quercus | Q47: macrocarpa | R47: mac | S47: 44705 | T47: Mira Garner, Keion Mackay, Andrew Hipp | U47: fresh, frozen | V47: 44705 | W47: USA | X47: Illinois | Y47: DuPage | Z47: County | AA47: The Morton Arboretum | AD47: Quercus macrocarpa Michx. | AE47: 41.815863 | AF47: -88.06017 | AG47: MOR-unmounted | AH47: wild | AI47: 41.81585 | AJ47: -88.060123 | AK47: -1.34984e-05 | AL47: 4.71599e-05 | AM47: =_xlfn.IFNA(VLOOKUP(Sheet1!$C47,ADMIX_ALL!A:B,2,FALSE),"none") -> K6-18 | AN47: =_xlfn.IFNA(VLOOKUP(Sheet1!C47,ADMIX_SS!A:B,2,FALSE),"none") -> SubSample | AO47: =_xlfn.IFNA(VLOOKUP(Sheet1!$C47,MONG_PHYLO!A:C,3,FALSE),"-") -> - | AP47: =_xlfn.IFNA(VLOOKUP(Sheet1!$C47,MAC_PHYLO!A:C,3,FALSE),"-") -> - | AQ47: =_xlfn.IFNA(VLOOKUP(Sheet1!$C47,ConStruct!A:C,3,FALSE),"-") -> ConStruct | AR47: =_xlfn.IFNA(VLOOKUP(Sheet1!$C47,GEA!A:C,3,FALSE),"-") -> GEA | AS47: =_xlfn.IFNA(VLOOKUP(Sheet1!$C47,MAC_DSUITE!A:D,3,FALSE),"-") -> mac_IL_MOR | AT47: =_xlfn.IFNA(VLOOKUP(Sheet1!$C47,MONG_DSUITE!A:E,2,FALSE),"-") -> macrocarpa_MOR | AU47: =_xlfn.IFNA(VLOOKUP(Sheet1!$C47,MAC_PAINT2!A:D,4,FALSE),"-") -> macpaint | AV47: Q > .99 | AW47: Q > .99
A48: 3535 | B48: QUE003535 | C48: SYST-MOR-0006736 | D48: =_xlfn.CONCAT(C48,".bam") -> SYST-MOR-0006736.bam | E48: IL_MOR_141_MG | F48: IL | G48: MOR | H48: IL_MOR | I48: The Morton Arboretum | J48: MG913 | K48: Quercus alba L. | L48: Quercus alba L. | N48: Quercus alba L. | P48: Quercus | Q48: alba | R48: alb | S48: 44705 | T48: Mira Garner, Keion Mackay, Andrew Hipp | U48: fresh, frozen | V48: 44705 | W48: USA | X48: Illinois | Y48: DuPage | Z48: County | AA48: The Morton Arboretum | AD48: Quercus alba L. | AE48: 41.815892 | AF48: -88.060242 | AG48: MOR-unmounted | AH48: wild | AI48: 41.815896 | AJ48: -88.060211 | AK48: 3.7291e-06 | AL48: 3.09823e-05 | AM48: =_xlfn.IFNA(VLOOKUP(Sheet1!$C48,ADMIX_ALL!A:B,2,FALSE),"none") -> K6-18 | AN48: =_xlfn.IFNA(VLOOKUP(Sheet1!C48,ADMIX_SS!A:B,2,FALSE),"none") -> SubSample | AO48: =_xlfn.IFNA(VLOOKUP(Sheet1!$C48,MONG_PHYLO!A:C,3,FALSE),"-") -> - | AP48: =_xlfn.IFNA(VLOOKUP(Sheet1!$C48,MAC_PHYLO!A:C,3,FALSE),"-") -> - | AQ48: =_xlfn.IFNA(VLOOKUP(Sheet1!$C48,ConStruct!A:C,3,FALSE),"-") -> - | AR48: =_xlfn.IFNA(VLOOKUP(Sheet1!$C48,GEA!A:C,3,FALSE),"-") -> - | AS48: =_xlfn.IFNA(VLOOKUP(Sheet1!$C48,MAC_DSUITE!A:D,3,FALSE),"-") -> - | AT48: =_xlfn.IFNA(VLOOKUP(Sheet1!$C48,MONG_DSUITE!A:E,2,FALSE),"-") -> xxx | AU48: =_xlfn.IFNA(VLOOKUP(Sheet1!$C48,MAC_PAINT2!A:D,4,FALSE),"-") -> -
A49: 3536 | B49: QUE003536 | C49: SYST-MOR-0006737 | D49: =_xlfn.CONCAT(C49,".bam") -> SYST-MOR-0006737.bam | E49: IL_MOR_143_MG | F49: IL | G49: MOR | H49: IL_MOR | I49: The Morton Arboretum | J49: MG914 | K49: Quercus macrocarpa Michx. | L49: Quercus macrocarpa Michx. | N49: Quercus macrocarpa Michx. | P49: Quercus | Q49: macrocarpa | R49: mac | S49: 44705 | T49: Mira Garner, Keion Mackay, Andrew Hipp | U49: fresh, frozen | V49: 44705 | W49: USA | X49: Illinois | Y49: DuPage | Z49: County | AA49: The Morton Arboretum | AD49: Quercus macrocarpa Michx. | AE49: 41.814978 | AF49: -88.061147 | AG49: MOR-unmounted | AH49: wild | AI49: 41.81496 | AJ49: -88.061203 | AK49: -1.76795e-05 | AL49: -5.5597e-05 | AM49: =_xlfn.IFNA(VLOOKUP(Sheet1!$C49,ADMIX_ALL!A:B,2,FALSE),"none") -> K6-18 | AN49: =_xlfn.IFNA(VLOOKUP(Sheet1!C49,ADMIX_SS!A:B,2,FALSE),"none") -> SubSample | AO49: =_xlfn.IFNA(VLOOKUP(Sheet1!$C49,MONG_PHYLO!A:C,3,FALSE),"-") -> - | AP49: =_xlfn.IFNA(VLOOKUP(Sheet1!$C49,MAC_PHYLO!A:C,3,FALSE),"-") -> - | AQ49: =_xlfn.IFNA(VLOOKUP(Sheet1!$C49,ConStruct!A:C,3,FALSE),"-") -> ConStruct | AR49: =_xlfn.IFNA(VLOOKUP(Sheet1!$C49,GEA!A:C,3,FALSE),"-") -> GEA | AS49: =_xlfn.IFNA(VLOOKUP(Sheet1!$C49,MAC_DSUITE!A:D,3,FALSE),"-") -> mac_IL_MOR | AT49: =_xlfn.IFNA(VLOOKUP(Sheet1!$C49,MONG_DSUITE!A:E,2,FALSE),"-") -> macrocarpa_MOR | AU49: =_xlfn.IFNA(VLOOKUP(Sheet1!$C49,MAC_PAINT2!A:D,4,FALSE),"-") -> macpaint | AV49: Q > .99 | AW49: Q > .99
A50: 3537 | B50: QUE003537 | C50: SYST-MOR-0006738 | D50: =_xlfn.CONCAT(C50,".bam") -> SYST-MOR-0006738.bam | E50: IL_MOR_145_MG | F50: IL | G50: MOR | H50: IL_MOR | I50: The Morton Arboretum | J50: MG915 | K50: Quercus macrocarpa Michx. | L50: Quercus macrocarpa Michx. | N50: Quercus macrocarpa Michx. | P50: Quercus | Q50: macrocarpa | R50: mac | S50: 44705 | T50: Mira Garner, Keion Mackay, Andrew Hipp | U50: fresh, frozen | V50: 44705 | W50: USA | X50: Illinois | Y50: DuPage | Z50: County | AA50: The Morton Arboretum | AD50: Quercus macrocarpa Michx. | AE50: 41.819275 | AF50: -88.050902 | AG50: MOR-unmounted | AH50: wild | AI50: 41.819379 | AJ50: -88.050938 | AK50: 0.0001043856 | AL50: -3.61183e-05 | AM50: =_xlfn.IFNA(VLOOKUP(Sheet1!$C50,ADMIX_ALL!A:B,2,FALSE),"none") -> K6-18 | AN50: =_xlfn.IFNA(VLOOKUP(Sheet1!C50,ADMIX_SS!A:B,2,FALSE),"none") -> SubSample | AO50: =_xlfn.IFNA(VLOOKUP(Sheet1!$C50,MONG_PHYLO!A:C,3,FALSE),"-") -> - | AP50: =_xlfn.IFNA(VLOOKUP(Sheet1!$C50,MAC_PHYLO!A:C,3,FALSE),"-") -> - | AQ50: =_xlfn.IFNA(VLOOKUP(Sheet1!$C50,ConStruct!A:C,3,FALSE),"-") -> ConStruct | AR50: =_xlfn.IFNA(VLOOKUP(Sheet1!$C50,GEA!A:C,3,FALSE),"-") -> GEA | AS50: =_xlfn.IFNA(VLOOKUP(Sheet1!$C50,MAC_DSUITE!A:D,3,FALSE),"-") -> mac_IL_MOR | AT50: =_xlfn.IFNA(VLOOKUP(Sheet1!$C50,MONG_DSUITE!A:E,2,FALSE),"-") -> macrocarpa_MOR | AU50: =_xlfn.IFNA(VLOOKUP(Sheet1!$C50,MAC_PAINT2!A:D,4,FALSE),"-") -> macpaint | AV50: Q > .99 | AW50: Q > .99
A51: 3538 | B51: QUE003538 | C51: SYST-MOR-0006739 | D51: =_xlfn.CONCAT(C51,".bam") -> SYST-MOR-0006739.bam | E51: IL_MOR_144_MG | F51: IL | G51: MOR | H51: IL_MOR | I51: The Morton Arboretum | J51: MG916 | K51: Quercus alba L. | L51: Quercus alba L. | N51: Quercus alba L. | P51: Quercus | Q51: alba | R51: alb | S51: 44705 | T51: Mira Garner, Keion Mackay, Andrew Hipp | U51: fresh, frozen | V51: 44705 | W51: USA | X51: Illinois | Y51: DuPage | Z51: County | AA51: The Morton Arboretum | AD51: Quercus alba L. | AE51: 41.819198 | AF51: -88.051046 | AG51: MOR-unmounted | AH51: wild | AI51: 41.819194 | AJ51: -88.051114 | AK51: -3.9802e-06 | AL51: -6.78868e-05 | AM51: =_xlfn.IFNA(VLOOKUP(Sheet1!$C51,ADMIX_ALL!A:B,2,FALSE),"none") -> K6-18 | AN51: =_xlfn.IFNA(VLOOKUP(Sheet1!C51,ADMIX_SS!A:B,2,FALSE),"none") -> SubSample | AO51: =_xlfn.IFNA(VLOOKUP(Sheet1!$C51,MONG_PHYLO!A:C,3,FALSE),"-") -> - | AP51: =_xlfn.IFNA(VLOOKUP(Sheet1!$C51,MAC_PHYLO!A:C,3,FALSE),"-") -> - | AQ51: =_xlfn.IFNA(VLOOKUP(Sheet1!$C51,ConStruct!A:C,3,FALSE),"-") -> - | AR51: =_xlfn.IFNA(VLOOKUP(Sheet1!$C51,GEA!A:C,3,FALSE),"-") -> - | AS51: =_xlfn.IFNA(VLOOKUP(Sheet1!$C51,MAC_DSUITE!A:D,3,FALSE),"-") -> - | AT51: =_xlfn.IFNA(VLOOKUP(Sheet1!$C51,MONG_DSUITE!A:E,2,FALSE),"-") -> xxx | AU51: =_xlfn.IFNA(VLOOKUP(Sheet1!$C51,MAC_PAINT2!A:D,4,FALSE),"-") -> -
A52: 3539 | B52: QUE003539 | C52: SYST-MOR-0006740 | D52: =_xlfn.CONCAT(C52,".bam") -> SYST-MOR-0006740.bam | E52: IL_MOR_146_MG | F52: IL | G52: MOR | H52: IL_MOR | I52: The Morton Arboretum | J52: MG917 | K52: Quercus macrocarpa Michx. | L52: Quercus macrocarpa Michx. | N52: Quercus macrocarpa Michx. | P52: Quercus | Q52: macrocarpa | R52: mac | S52: 44705 | T52: Mira Garner, Keion Mackay, Andrew Hipp | U52: fresh, frozen | V52: 44705 | W52: USA | X52: Illinois | Y52: DuPage | Z52: County | AA52: The Morton Arboretum | AD52: Quercus macrocarpa Michx. | AE52: 41.820968 | AF52: -88.052361 | AG52: MOR-unmounted | AH52: wild | AI52: 41.82091 | AJ52: -88.052419 | AK52: -5.83722e-05 | AL52: -5.82006e-05 | AM52: =_xlfn.IFNA(VLOOKUP(Sheet1!$C52,ADMIX_ALL!A:B,2,FALSE),"none") -> K6-18 | AN52: =_xlfn.IFNA(VLOOKUP(Sheet1!C52,ADMIX_SS!A:B,2,FALSE),"none") -> SubSample | AO52: =_xlfn.IFNA(VLOOKUP(Sheet1!$C52,MONG_PHYLO!A:C,3,FALSE),"-") -> - | AP52: =_xlfn.IFNA(VLOOKUP(Sheet1!$C52,MAC_PHYLO!A:C,3,FALSE),"-") -> - | AQ52: =_xlfn.IFNA(VLOOKUP(Sheet1!$C52,ConStruct!A:C,3,FALSE),"-") -> ConStruct | AR52: =_xlfn.IFNA(VLOOKUP(Sheet1!$C52,GEA!A:C,3,FALSE),"-") -> GEA | AS52: =_xlfn.IFNA(VLOOKUP(Sheet1!$C52,MAC_DSUITE!A:D,3,FALSE),"-") -> mac_IL_MOR | AT52: =_xlfn.IFNA(VLOOKUP(Sheet1!$C52,MONG_DSUITE!A:E,2,FALSE),"-") -> macrocarpa_MOR | AU52: =_xlfn.IFNA(VLOOKUP(Sheet1!$C52,MAC_PAINT2!A:D,4,FALSE),"-") -> macpaint | AV52: Q > .99 | AW52: Q > .99
A53: 3540 | B53: QUE003540 | C53: SYST-MOR-0006741 | D53: =_xlfn.CONCAT(C53,".bam") -> SYST-MOR-0006741.bam | E53: IL_MOR_147_MG | F53: IL | G53: MOR | H53: IL_MOR | I53: The Morton Arboretum | J53: MG918 | K53: Quercus alba L. | L53: Quercus alba L. | N53: Quercus alba L. | P53: Quercus | Q53: alba | R53: alb | S53: 44705 | T53: Mira Garner, Keion Mackay, Andrew Hipp | U53: fresh, frozen | V53: 44705 | W53: USA | X53: Illinois | Y53: DuPage | Z53: County | AA53: The Morton Arboretum | AD53: Quercus alba L. | AE53: 41.820901 | AF53: -88.052707 | AG53: MOR-unmounted | AH53: wild | AI53: 41.821003 | AJ53: -88.052682 | AK53: 0.0001022877 | AL53: 2.4943e-05 | AM53: =_xlfn.IFNA(VLOOKUP(Sheet1!$C53,ADMIX_ALL!A:B,2,FALSE),"none") -> K6-18 | AN53: =_xlfn.IFNA(VLOOKUP(Sheet1!C53,ADMIX_SS!A:B,2,FALSE),"none") -> SubSample | AO53: =_xlfn.IFNA(VLOOKUP(Sheet1!$C53,MONG_PHYLO!A:C,3,FALSE),"-") -> - | AP53: =_xlfn.IFNA(VLOOKUP(Sheet1!$C53,MAC_PHYLO!A:C,3,FALSE),"-") -> - | AQ53: =_xlfn.IFNA(VLOOKUP(Sheet1!$C53,ConStruct!A:C,3,FALSE),"-") -> - | AR53: =_xlfn.IFNA(VLOOKUP(Sheet1!$C53,GEA!A:C,3,FALSE),"-") -> - | AS53: =_xlfn.IFNA(VLOOKUP(Sheet1!$C53,MAC_DSUITE!A:D,3,FALSE),"-") -> - | AT53: =_xlfn.IFNA(VLOOKUP(Sheet1!$C53,MONG_DSUITE!A:E,2,FALSE),"-") -> xxx | AU53: =_xlfn.IFNA(VLOOKUP(Sheet1!$C53,MAC_PAINT2!A:D,4,FALSE),"-") -> -
A54: 3299 | B54: QUE003299 | C54: SYST-MOR-0006742 | D54: =_xlfn.CONCAT(C54,".bam") -> SYST-MOR-0006742.bam | E54: MO_SH_010_All | F54: MO | G54: SH | H54: MO_SH | I54: Shaw Nature Preserve | K54: Quercus stellata Wangenh. | L54: Quercus stellata Wangenh. | N54: Quercus stellata Wangenh. | P54: Quercus | Q54: stellata | R54: ste | S54: 44713 | T54: Alan Whittemore, Andrew Hipp, Brett Fredericksen, Heather McCarthy, Ian Pearse, Jeannine Cavender-Bares, Klara Peterson, Leah Samuels, Mira Garner, Paul Manos | U54: fresh, frozen | V54: 44716 | W54: USA | X54: Missouri | Y54: Franklin | Z54: County | AA54: Shaw Nature Preserve | AD54: Quercus stellata Wangenh. | AE54: 38.46199 | AF54: -90.818418 | AG54: MOR-unmounted | AH54: wild | AI54: 38.461933 | AJ54: -90.818476 | AK54: -5.6801e-05 | AL54: -5.81873e-05 | AM54: =_xlfn.IFNA(VLOOKUP(Sheet1!$C54,ADMIX_ALL!A:B,2,FALSE),"none") -> K6-18 | AN54: =_xlfn.IFNA(VLOOKUP(Sheet1!C54,ADMIX_SS!A:B,2,FALSE),"none") -> Constant | AO54: =_xlfn.IFNA(VLOOKUP(Sheet1!$C54,MONG_PHYLO!A:C,3,FALSE),"-") -> ste | AP54: =_xlfn.IFNA(VLOOKUP(Sheet1!$C54,MAC_PHYLO!A:C,3,FALSE),"-") -> - | AQ54: =_xlfn.IFNA(VLOOKUP(Sheet1!$C54,ConStruct!A:C,3,FALSE),"-") -> - | AR54: =_xlfn.IFNA(VLOOKUP(Sheet1!$C54,GEA!A:C,3,FALSE),"-") -> - | AS54: =_xlfn.IFNA(VLOOKUP(Sheet1!$C54,MAC_DSUITE!A:D,3,FALSE),"-") -> - | AT54: =_xlfn.IFNA(VLOOKUP(Sheet1!$C54,MONG_DSUITE!A:E,2,FALSE),"-") -> stellata | AU54: =_xlfn.IFNA(VLOOKUP(Sheet1!$C54,MAC_PAINT2!A:D,4,FALSE),"-") -> -
A55: 3300 | B55: QUE003300 | C55: SYST-MOR-0006743 | D55: =_xlfn.CONCAT(C55,".bam") -> SYST-MOR-0006743.bam | E55: MO_SH_011_All | F55: MO | G55: SH | H55: MO_SH | I55: Shaw Nature Preserve | K55: Quercus alba L. | L55: Quercus alba L. | N55: Quercus alba L. | P55: Quercus | Q55: alba | R55: alb | S55: 44713 | T55: Alan Whittemore, Andrew Hipp, Brett Fredericksen, Heather McCarthy, Ian Pearse, Jeannine Cavender-Bares, Klara Peterson, Leah Samuels, Mira Garner, Paul Manos | U55: fresh, frozen | V55: 44716 | W55: USA | X55: Missouri | Y55: Franklin | Z55: County | AA55: Shaw Nature Preserve | AD55: Quercus alba L. | AE55: 38.462391 | AF55: -90.817857 | AG55: MOR-unmounted | AH55: wild | AI55: 38.4624 | AJ55: -90.817797 | AK55: 9.4585e-06 | AL55: 6.00242e-05 | AM55: =_xlfn.IFNA(VLOOKUP(Sheet1!$C55,ADMIX_ALL!A:B,2,FALSE),"none") -> K6-18 | AN55: =_xlfn.IFNA(VLOOKUP(Sheet1!C55,ADMIX_SS!A:B,2,FALSE),"none") -> SubSample | AO55: =_xlfn.IFNA(VLOOKUP(Sheet1!$C55,MONG_PHYLO!A:C,3,FALSE),"-") -> - | AP55: =_xlfn.IFNA(VLOOKUP(Sheet1!$C55,MAC_PHYLO!A:C,3,FALSE),"-") -> - | AQ55: =_xlfn.IFNA(VLOOKUP(Sheet1!$C55,ConStruct!A:C,3,FALSE),"-") -> - | AR55: =_xlfn.IFNA(VLOOKUP(Sheet1!$C55,GEA!A:C,3,FALSE),"-") -> - | AS55: =_xlfn.IFNA(VLOOKUP(Sheet1!$C55,MAC_DSUITE!A:D,3,FALSE),"-") -> - | AT55: =_xlfn.IFNA(VLOOKUP(Sheet1!$C55,MONG_DSUITE!A:E,2,FALSE),"-") -> xxx | AU55: =_xlfn.IFNA(VLOOKUP(Sheet1!$C55,MAC_PAINT2!A:D,4,FALSE),"-") -> -
A56: 3301 | B56: QUE003301 | C56: SYST-MOR-0006744 | D56: =_xlfn.CONCAT(C56,".bam") -> SYST-MOR-0006744.bam | E56: MO_SH_012_All | F56: MO | G56: SH | H56: MO_SH | I56: Shaw Nature Preserve | K56: Quercus muehlenbergii Engelm. | L56: Quercus muehlenbergii Engelm. | N56: Quercus muehlenbergii Engelm. | P56: Quercus | Q56: muehlenbergii | R56: mue | S56: 44713 | T56: Alan Whittemore, Andrew Hipp, Brett Fredericksen, Heather McCarthy, Ian Pearse, Jeannine Cavender-Bares, Klara Peterson, Leah Samuels, Mira Garner, Paul Manos | U56: fresh, frozen | V56: 44716 | W56: USA | X56: Missouri | Y56: Franklin | Z56: County | AA56: Shaw Nature Preserve | AD56: Quercus muehlenbergii Engelm. | AE56: 38.46295 | AF56: -90.817616 | AG56: MOR-unmounted | AH56: wild | AI56: 38.462931 | AJ56: -90.817596 | AK56: -1.88998e-05 | AL56: 2.03616e-05 | AM56: =_xlfn.IFNA(VLOOKUP(Sheet1!$C56,ADMIX_ALL!A:B,2,FALSE),"none") -> K6-18 | AN56: =_xlfn.IFNA(VLOOKUP(Sheet1!C56,ADMIX_SS!A:B,2,FALSE),"none") -> SubSample | AO56: =_xlfn.IFNA(VLOOKUP(Sheet1!$C56,MONG_PHYLO!A:C,3,FALSE),"-") -> - | AP56: =_xlfn.IFNA(VLOOKUP(Sheet1!$C56,MAC_PHYLO!A:C,3,FALSE),"-") -> - | AQ56: =_xlfn.IFNA(VLOOKUP(Sheet1!$C56,ConStruct!A:C,3,FALSE),"-") -> - | AR56: =_xlfn.IFNA(VLOOKUP(Sheet1!$C56,GEA!A:C,3,FALSE),"-") -> - | AS56: =_xlfn.IFNA(VLOOKUP(Sheet1!$C56,MAC_DSUITE!A:D,3,FALSE),"-") -> - | AT56: =_xlfn.IFNA(VLOOKUP(Sheet1!$C56,MONG_DSUITE!A:E,2,FALSE),"-") -> xxx | AU56: =_xlfn.IFNA(VLOOKUP(Sheet1!$C56,MAC_PAINT2!A:D,4,FALSE),"-") -> -
A57: 3302 | B57: QUE003302 | C57: SYST-MOR-0006745 | D57: =_xlfn.CONCAT(C57,".bam") -> SYST-MOR-0006745.bam | E57: MO_SH_013_All | F57: MO | G57: SH | H57: MO_SH | I57: Shaw Nature Preserve | K57: Quercus muehlenbergii Engelm. | L57: Quercus muehlenbergii Engelm. | N57: Quercus muehlenbergii Engelm. | P57: Quercus | Q57: muehlenbergii | R57: mue | S57: 44713 | T57: Alan Whittemore, Andrew Hipp, Brett Fredericksen, Heather McCarthy, Ian Pearse, Jeannine Cavender-Bares, Klara Peterson, Leah Samuels, Mira Garner, Paul Manos | U57: fresh, frozen | V57: 44716 | W57: USA | X57: Missouri | Y57: Franklin | Z57: County | AA57: Shaw Nature Preserve | AD57: Quercus muehlenbergii Engelm. | AE57: 38.462961 | AF57: -90.817895 | AG57: MOR-unmounted | AH57: wild | AI57: 38.462958 | AJ57: -90.817936 | AK57: -3.2035e-06 | AL57: -4.10718e-05 | AM57: =_xlfn.IFNA(VLOOKUP(Sheet1!$C57,ADMIX_ALL!A:B,2,FALSE),"none") -> K6-18 | AN57: =_xlfn.IFNA(VLOOKUP(Sheet1!C57,ADMIX_SS!A:B,2,FALSE),"none") -> SubSample | AO57: =_xlfn.IFNA(VLOOKUP(Sheet1!$C57,MONG_PHYLO!A:C,3,FALSE),"-") -> - | AP57: =_xlfn.IFNA(VLOOKUP(Sheet1!$C57,MAC_PHYLO!A:C,3,FALSE),"-") -> - | AQ57: =_xlfn.IFNA(VLOOKUP(Sheet1!$C57,ConStruct!A:C,3,FALSE),"-") -> - | AR57: =_xlfn.IFNA(VLOOKUP(Sheet1!$C57,GEA!A:C,3,FALSE),"-") -> - | AS57: =_xlfn.IFNA(VLOOKUP(Sheet1!$C57,MAC_DSUITE!A:D,3,FALSE),"-") -> - | AT57: =_xlfn.IFNA(VLOOKUP(Sheet1!$C57,MONG_DSUITE!A:E,2,FALSE),"-") -> xxx | AU57: =_xlfn.IFNA(VLOOKUP(Sheet1!$C57,MAC_PAINT2!A:D,4,FALSE),"-") -> -
A58: 3303 | B58: QUE003303 | C58: SYST-MOR-0006746 | D58: =_xlfn.CONCAT(C58,".bam") -> SYST-MOR-0006746.bam | E58: MO_SH_014_All | F58: MO | G58: SH | H58: MO_SH | I58: Shaw Nature Preserve | K58: Quercus alba L. | L58: Quercus alba L. | N58: Quercus alba L. | P58: Quercus | Q58: alba | R58: alb | S58: 44713 | T58: Alan Whittemore, Andrew Hipp, Brett Fredericksen, Heather McCarthy, Ian Pearse, Jeannine Cavender-Bares, Klara Peterson, Leah Samuels, Mira Garner, Paul Manos | U58: fresh, frozen | V58: 44716 | W58: USA | X58: Missouri | Y58: Franklin | Z58: County | AA58: Shaw Nature Preserve | AD58: Quercus alba L. | AE58: 38.462749 | AF58: -90.81804 | AG58: MOR-unmounted | AH58: wild | AI58: 38.462763 | AJ58: -90.817982 | AK58: 1.39706e-05 | AL58: 5.76085e-05 | AM58: =_xlfn.IFNA(VLOOKUP(Sheet1!$C58,ADMIX_ALL!A:B,2,FALSE),"none") -> K6-18 | AN58: =_xlfn.IFNA(VLOOKUP(Sheet1!C58,ADMIX_SS!A:B,2,FALSE),"none") -> SubSample | AO58: =_xlfn.IFNA(VLOOKUP(Sheet1!$C58,MONG_PHYLO!A:C,3,FALSE),"-") -> - | AP58: =_xlfn.IFNA(VLOOKUP(Sheet1!$C58,MAC_PHYLO!A:C,3,FALSE),"-") -> - | AQ58: =_xlfn.IFNA(VLOOKUP(Sheet1!$C58,ConStruct!A:C,3,FALSE),"-") -> - | AR58: =_xlfn.IFNA(VLOOKUP(Sheet1!$C58,GEA!A:C,3,FALSE),"-") -> - | AS58: =_xlfn.IFNA(VLOOKUP(Sheet1!$C58,MAC_DSUITE!A:D,3,FALSE),"-") -> - | AT58: =_xlfn.IFNA(VLOOKUP(Sheet1!$C58,MONG_DSUITE!A:E,2,FALSE),"-") -> xxx | AU58: =_xlfn.IFNA(VLOOKUP(Sheet1!$C58,MAC_PAINT2!A:D,4,FALSE),"-") -> -
A59: 3304 | B59: QUE003304 | C59: SYST-MOR-0006747 | D59: =_xlfn.CONCAT(C59,".bam") -> SYST-MOR-0006747.bam | E59: MO_SH_015_All | F59: MO | G59: SH | H59: MO_SH | I59: Shaw Nature Preserve | K59: Quercus stellata Wangenh. | L59: Quercus stellata Wangenh. | N59: Quercus stellata Wangenh. | P59: Quercus | Q59: stellata | R59: ste | S59: 44713 | T59: Alan Whittemore, Andrew Hipp, Brett Fredericksen, Heather McCarthy, Ian Pearse, Jeannine Cavender-Bares, Klara Peterson, Leah Samuels, Mira Garner, Paul Manos | U59: fresh, frozen | V59: 44716 | W59: USA | X59: Missouri | Y59: Franklin | Z59: County | AA59: Shaw Nature Preserve | AD59: Quercus stellata Wangenh. | AE59: 38.462662 | AF59: -90.818129 | AG59: MOR-unmounted | AH59: wild | AI59: 38.462647 | AJ59: -90.818144 | AK59: -1.50317e-05 | AL59: -1.50131e-05 | AM59: =_xlfn.IFNA(VLOOKUP(Sheet1!$C59,ADMIX_ALL!A:B,2,FALSE),"none") -> K6-18 | AN59: =_xlfn.IFNA(VLOOKUP(Sheet1!C59,ADMIX_SS!A:B,2,FALSE),"none") -> SubSample | AO59: =_xlfn.IFNA(VLOOKUP(Sheet1!$C59,MONG_PHYLO!A:C,3,FALSE),"-") -> - | AP59: =_xlfn.IFNA(VLOOKUP(Sheet1!$C59,MAC_PHYLO!A:C,3,FALSE),"-") -> - | AQ59: =_xlfn.IFNA(VLOOKUP(Sheet1!$C59,ConStruct!A:C,3,FALSE),"-") -> - | AR59: =_xlfn.IFNA(VLOOKUP(Sheet1!$C59,GEA!A:C,3,FALSE),"-") -> - | AS59: =_xlfn.IFNA(VLOOKUP(Sheet1!$C59,MAC_DSUITE!A:D,3,FALSE),"-") -> - | AT59: =_xlfn.IFNA(VLOOKUP(Sheet1!$C59,MONG_DSUITE!A:E,2,FALSE),"-") -> xxx | AU59: =_xlfn.IFNA(VLOOKUP(Sheet1!$C59,MAC_PAINT2!A:D,4,FALSE),"-") -> -
A60: 3305 | B60: QUE003305 | C60: SYST-MOR-0006748 | D60: =_xlfn.CONCAT(C60,".bam") -> SYST-MOR-0006748.bam | E60: MO_SH_016_All | F60: MO | G60: SH | H60: MO_SH | I60: Shaw Nature Preserve | K60: Quercus stellata Wangenh. | L60: Quercus stellata Wangenh. | N60: Quercus stellata Wangenh. | P60: Quercus | Q60: stellata | R60: ste | S60: 44713 | T60: Alan Whittemore, Andrew Hipp, Brett Fredericksen, Heather McCarthy, Ian Pearse, Jeannine Cavender-Bares, Klara Peterson, Leah Samuels, Mira Garner, Paul Manos | U60: fresh, frozen | V60: 44716 | W60: USA | X60: Missouri | Y60: Franklin | Z60: County | AA60: Shaw Nature Preserve | AD60: Quercus stellata Wangenh. | AE60: 38.462483 | AF60: -90.818432 | AG60: MOR-unmounted | AH60: wild | AI60: 38.462819 | AJ60: -90.818106 | AK60: 0.0003363828 | AL60: 0.0003262973 | AM60: =_xlfn.IFNA(VLOOKUP(Sheet1!$C60,ADMIX_ALL!A:B,2,FALSE),"none") -> K6-18 | AN60: =_xlfn.IFNA(VLOOKUP(Sheet1!C60,ADMIX_SS!A:B,2,FALSE),"none") -> SubSample | AO60: =_xlfn.IFNA(VLOOKUP(Sheet1!$C60,MONG_PHYLO!A:C,3,FALSE),"-") -> - | AP60: =_xlfn.IFNA(VLOOKUP(Sheet1!$C60,MAC_PHYLO!A:C,3,FALSE),"-") -> - | AQ60: =_xlfn.IFNA(VLOOKUP(Sheet1!$C60,ConStruct!A:C,3,FALSE),"-") -> - | AR60: =_xlfn.IFNA(VLOOKUP(Sheet1!$C60,GEA!A:C,3,FALSE),"-") -> - | AS60: =_xlfn.IFNA(VLOOKUP(Sheet1!$C60,MAC_DSUITE!A:D,3,FALSE),"-") -> - | AT60: =_xlfn.IFNA(VLOOKUP(Sheet1!$C60,MONG_DSUITE!A:E,2,FALSE),"-") -> xxx | AU60: =_xlfn.IFNA(VLOOKUP(Sheet1!$C60,MAC_PAINT2!A:D,4,FALSE),"-") -> -
A61: 3306 | B61: QUE003306 | C61: SYST-MOR-0006749 | D61: =_xlfn.CONCAT(C61,".bam") -> SYST-MOR-0006749.bam | E61: MO_SH_017_All | F61: MO | G61: SH | H61: MO_SH | I61: Shaw Nature Preserve | K61: Quercus stellata Wangenh. | L61: Quercus stellata Wangenh. | N61: Quercus stellata Wangenh. | P61: Quercus | Q61: stellata | R61: ste | S61: 44713 | T61: Alan Whittemore, Andrew Hipp, Brett Fredericksen, Heather McCarthy, Ian Pearse, Jeannine Cavender-Bares, Klara Peterson, Leah Samuels, Mira Garner, Paul Manos | U61: fresh, frozen | V61: 44716 | W61: USA | X61: Missouri | Y61: Franklin | Z61: County | AA61: Shaw Nature Preserve | AD61: Quercus stellata Wangenh. | AE61: 38.462703 | AF61: -90.818742 | AG61: MOR-unmounted | AH61: wild | AI61: 38.462734 | AJ61: -90.818768 | AK61: 3.11526e-05 | AL61: -2.64418e-05 | AM61: =_xlfn.IFNA(VLOOKUP(Sheet1!$C61,ADMIX_ALL!A:B,2,FALSE),"none") -> K6-18 | AN61: =_xlfn.IFNA(VLOOKUP(Sheet1!C61,ADMIX_SS!A:B,2,FALSE),"none") -> Constant | AO61: =_xlfn.IFNA(VLOOKUP(Sheet1!$C61,MONG_PHYLO!A:C,3,FALSE),"-") -> ste | AP61: =_xlfn.IFNA(VLOOKUP(Sheet1!$C61,MAC_PHYLO!A:C,3,FALSE),"-") -> - | AQ61: =_xlfn.IFNA(VLOOKUP(Sheet1!$C61,ConStruct!A:C,3,FALSE),"-") -> - | AR61: =_xlfn.IFNA(VLOOKUP(Sheet1!$C61,GEA!A:C,3,FALSE),"-") -> - | AS61: =_xlfn.IFNA(VLOOKUP(Sheet1!$C61,MAC_DSUITE!A:D,3,FALSE),"-") -> - | AT61: =_xlfn.IFNA(VLOOKUP(Sheet1!$C61,MONG_DSUITE!A:E,2,FALSE),"-") -> stellata | AU61: =_xlfn.IFNA(VLOOKUP(Sheet1!$C61,MAC_PAINT2!A:D,4,FALSE),"-") -> -
A62: 3307 | B62: QUE003307 | C62: SYST-MOR-0006750 | D62: =_xlfn.CONCAT(C62,".bam") -> SYST-MOR-0006750.bam | E62: MO_SH_018_All | F62: MO | G62: SH | H62: MO_SH | I62: Shaw Nature Preserve | K62: Quercus alba L. | L62: Quercus alba L. | N62: Quercus alba L. | P62: Quercus | Q62: alba | R62: alb | S62: 44713 | T62: Alan Whittemore, Andrew Hipp, Brett Fredericksen, Heather McCarthy, Ian Pearse, Jeannine Cavender-Bares, Klara Peterson, Leah Samuels, Mira Garner, Paul Manos | U62: fresh, frozen | V62: 44716 | W62: USA | X62: Missouri | Y62: Franklin | Z62: County | AA62: Shaw Nature Preserve | AD62: Quercus alba L. | AE62: 38.46296 | AF62: -90.818493 | AG62: MOR-unmounted | AH62: wild | AI62: 38.463028 | AJ62: -90.818535 | AK62: 6.76868e-05 | AL62: -4.20896e-05 | AM62: =_xlfn.IFNA(VLOOKUP(Sheet1!$C62,ADMIX_ALL!A:B,2,FALSE),"none") -> K6-18 | AN62: =_xlfn.IFNA(VLOOKUP(Sheet1!C62,ADMIX_SS!A:B,2,FALSE),"none") -> SubSample | AO62: =_xlfn.IFNA(VLOOKUP(Sheet1!$C62,MONG_PHYLO!A:C,3,FALSE),"-") -> - | AP62: =_xlfn.IFNA(VLOOKUP(Sheet1!$C62,MAC_PHYLO!A:C,3,FALSE),"-") -> - | AQ62: =_xlfn.IFNA(VLOOKUP(Sheet1!$C62,ConStruct!A:C,3,FALSE),"-") -> - | AR62: =_xlfn.IFNA(VLOOKUP(Sheet1!$C62,GEA!A:C,3,FALSE),"-") -> - | AS62: =_xlfn.IFNA(VLOOKUP(Sheet1!$C62,MAC_DSUITE!A:D,3,FALSE),"-") -> - | AT62: =_xlfn.IFNA(VLOOKUP(Sheet1!$C62,MONG_DSUITE!A:E,2,FALSE),"-") -> xxx | AU62: =_xlfn.IFNA(VLOOKUP(Sheet1!$C62,MAC_PAINT2!A:D,4,FALSE),"-") -> -
A63: 3308 | B63: QUE003308 | C63: SYST-MOR-0006751 | D63: =_xlfn.CONCAT(C63,".bam") -> SYST-MOR-0006751.bam | E63: MO_SH_019_All | F63: MO | G63: SH | H63: MO_SH | I63: Shaw Nature Preserve | K63: Quercus alba L. | L63: Quercus alba L. | N63: Quercus alba L. | P63: Quercus | Q63: alba | R63: alb | S63: 44713 | T63: Alan Whittemore, Andrew Hipp, Brett Fredericksen, Heather McCarthy, Ian Pearse, Jeannine Cavender-Bares, Klara Peterson, Leah Samuels, Mira Garner, Paul Manos | U63: fresh, frozen | V63: 44716 | W63: USA | X63: Missouri | Y63: Franklin | Z63: County | AA63: Shaw Nature Preserve | AD63: Quercus alba L. | AE63: 38.46381 | AF63: -90.818731 | AG63: MOR-unmounted | AH63: wild | AI63: 38.463819 | AJ63: -90.818861 | AK63: 8.7082e-06 | AL63: -0.0001298252 | AM63: =_xlfn.IFNA(VLOOKUP(Sheet1!$C63,ADMIX_ALL!A:B,2,FALSE),"none") -> K6-18 | AN63: =_xlfn.IFNA(VLOOKUP(Sheet1!C63,ADMIX_SS!A:B,2,FALSE),"none") -> Constant | AO63: =_xlfn.IFNA(VLOOKUP(Sheet1!$C63,MONG_PHYLO!A:C,3,FALSE),"-") -> alb | AP63: =_xlfn.IFNA(VLOOKUP(Sheet1!$C63,MAC_PHYLO!A:C,3,FALSE),"-") -> - | AQ63: =_xlfn.IFNA(VLOOKUP(Sheet1!$C63,ConStruct!A:C,3,FALSE),"-") -> - | AR63: =_xlfn.IFNA(VLOOKUP(Sheet1!$C63,GEA!A:C,3,FALSE),"-") -> - | AS63: =_xlfn.IFNA(VLOOKUP(Sheet1!$C63,MAC_DSUITE!A:D,3,FALSE),"-") -> - | AT63: =_xlfn.IFNA(VLOOKUP(Sheet1!$C63,MONG_DSUITE!A:E,2,FALSE),"-") -> alba | AU63: =_xlfn.IFNA(VLOOKUP(Sheet1!$C63,MAC_PAINT2!A:D,4,FALSE),"-") -> -
A64: 3309 | B64: QUE003309 | C64: SYST-MOR-0006752 | D64: =_xlfn.CONCAT(C64,".bam") -> SYST-MOR-0006752.bam | E64: MO_SH_020_All | F64: MO | G64: SH | H64: MO_SH | I64: Shaw Nature Preserve | K64: Quercus alba L. | L64: Quercus alba L. | N64: Quercus alba L. | P64: Quercus | Q64: alba | R64: alb | S64: 44713 | T64: Alan Whittemore, Andrew Hipp, Brett Fredericksen, Heather McCarthy, Ian Pearse, Jeannine Cavender-Bares, Klara Peterson, Leah Samuels, Mira Garner, Paul Manos | U64: fresh, frozen | V64: 44716 | W64: USA | X64: Missouri | Y64: Franklin | Z64: County | AA64: Shaw Nature Preserve | AD64: Quercus alba L. | AE64: 38.464166 | AF64: -90.818686 | AG64: MOR-unmounted | AH64: wild | AI64: 38.464165 | AJ64: -90.818768 | AK64: -1.1466e-06 | AL64: -8.16015e-05 | AM64: =_xlfn.IFNA(VLOOKUP(Sheet1!$C64,ADMIX_ALL!A:B,2,FALSE),"none") -> K6-18 | AN64: =_xlfn.IFNA(VLOOKUP(Sheet1!C64,ADMIX_SS!A:B,2,FALSE),"none") -> SubSample | AO64: =_xlfn.IFNA(VLOOKUP(Sheet1!$C64,MONG_PHYLO!A:C,3,FALSE),"-") -> - | AP64: =_xlfn.IFNA(VLOOKUP(Sheet1!$C64,MAC_PHYLO!A:C,3,FALSE),"-") -> alb | AQ64: =_xlfn.IFNA(VLOOKUP(Sheet1!$C64,ConStruct!A:C,3,FALSE),"-") -> - | AR64: =_xlfn.IFNA(VLOOKUP(Sheet1!$C64,GEA!A:C,3,FALSE),"-") -> - | AS64: =_xlfn.IFNA(VLOOKUP(Sheet1!$C64,MAC_DSUITE!A:D,3,FALSE),"-") -> alb | AT64: =_xlfn.IFNA(VLOOKUP(Sheet1!$C64,MONG_DSUITE!A:E,2,FALSE),"-") -> xxx | AU64: =_xlfn.IFNA(VLOOKUP(Sheet1!$C64,MAC_PAINT2!A:D,4,FALSE),"-") -> alb-macpaint
A65: 3310 | B65: QUE003310 | C65: SYST-MOR-0006753 | D65: =_xlfn.CONCAT(C65,".bam") -> SYST-MOR-0006753.bam | E65: IL_OB_021_All | F65: IL | G65: OB | H65: IL_OB | I65: Oakwood Bottoms, Shawnee National Forest | K65: Quercus macrocarpa Michx. | L65: Quercus macrocarpa Michx. | N65: Quercus macrocarpa Michx. | P65: Quercus | Q65: macrocarpa | R65: mac | S65: 44714 | T65: Alan Whittemore, Andrew Hipp, Brett Fredericksen, Heather McCarthy, Jeannine Cavender-Bares, Klara Peterson, Leah Samuels, Mira Garner, Paul Manos | U65: fresh, frozen | V65: 44716 | W65: USA | X65: Illinois | Y65: Jackson | Z65: County | AA65: Oakwood Bottoms, Shawnee National Forest | AD65: Quercus macrocarpa Michx. | AE65: 37.676094 | AF65: -89.413503 | AG65: MOR-unmounted | AH65: wild | AI65: 37.676094 | AJ65: -89.413502 | AK65: -4.9999969e-09 | AL65: 1.5000126e-09 | AM65: =_xlfn.IFNA(VLOOKUP(Sheet1!$C65,ADMIX_ALL!A:B,2,FALSE),"none") -> K6-18 | AN65: =_xlfn.IFNA(VLOOKUP(Sheet1!C65,ADMIX_SS!A:B,2,FALSE),"none") -> SubSample | AO65: =_xlfn.IFNA(VLOOKUP(Sheet1!$C65,MONG_PHYLO!A:C,3,FALSE),"-") -> - | AP65: =_xlfn.IFNA(VLOOKUP(Sheet1!$C65,MAC_PHYLO!A:C,3,FALSE),"-") -> - | AQ65: =_xlfn.IFNA(VLOOKUP(Sheet1!$C65,ConStruct!A:C,3,FALSE),"-") -> ConStruct | AR65: =_xlfn.IFNA(VLOOKUP(Sheet1!$C65,GEA!A:C,3,FALSE),"-") -> GEA | AS65: =_xlfn.IFNA(VLOOKUP(Sheet1!$C65,MAC_DSUITE!A:D,3,FALSE),"-") -> mac_IL_OB | AT65: =_xlfn.IFNA(VLOOKUP(Sheet1!$C65,MONG_DSUITE!A:E,2,FALSE),"-") -> macrocarpa_OB | AU65: =_xlfn.IFNA(VLOOKUP(Sheet1!$C65,MAC_PAINT2!A:D,4,FALSE),"-") -> macpaint | AV65: Q > .99 | AW65: Q > .99
A66: 3311 | B66: QUE003311 | C66: SYST-MOR-0006754 | D66: =_xlfn.CONCAT(C66,".bam") -> SYST-MOR-0006754.bam | E66: IL_OB_022_All | F66: IL | G66: OB | H66: IL_OB | I66: Oakwood Bottoms, Shawnee National Forest | K66: Quercus lyrata Walt. | L66: Quercus lyrata Walt. | N66: Quercus lyrata Walt. | P66: Quercus | Q66: lyrata | R66: lyr | S66: 44714 | T66: Alan Whittemore, Andrew Hipp, Brett Fredericksen, Heather McCarthy, Jeannine Cavender-Bares, Klara Peterson, Leah Samuels, Mira Garner, Paul Manos | U66: fresh, frozen | V66: 44716 | W66: USA | X66: Illinois | Y66: Jackson | Z66: County | AA66: Oakwood Bottoms, Shawnee National Forest | AD66: Quercus lyrata Walter | AE66: 37.67672 | AF66: -89.413486 | AG66: MOR-unmounted | AH66: wild | AI66: 37.67672 | AJ66: -89.413486 | AK66: 3.2000003e-09 | AL66: 1.199993e-09 | AM66: =_xlfn.IFNA(VLOOKUP(Sheet1!$C66,ADMIX_ALL!A:B,2,FALSE),"none") -> K6-18 | AN66: =_xlfn.IFNA(VLOOKUP(Sheet1!C66,ADMIX_SS!A:B,2,FALSE),"none") -> Constant | AO66: =_xlfn.IFNA(VLOOKUP(Sheet1!$C66,MONG_PHYLO!A:C,3,FALSE),"-") -> lyr | AP66: =_xlfn.IFNA(VLOOKUP(Sheet1!$C66,MAC_PHYLO!A:C,3,FALSE),"-") -> - | AQ66: =_xlfn.IFNA(VLOOKUP(Sheet1!$C66,ConStruct!A:C,3,FALSE),"-") -> - | AR66: =_xlfn.IFNA(VLOOKUP(Sheet1!$C66,GEA!A:C,3,FALSE),"-") -> - | AS66: =_xlfn.IFNA(VLOOKUP(Sheet1!$C66,MAC_DSUITE!A:D,3,FALSE),"-") -> - | AT66: =_xlfn.IFNA(VLOOKUP(Sheet1!$C66,MONG_DSUITE!A:E,2,FALSE),"-") -> lyrata | AU66: =_xlfn.IFNA(VLOOKUP(Sheet1!$C66,MAC_PAINT2!A:D,4,FALSE),"-") -> -
A67: 3523 | B67: QUE003523 | C67: SYST-MOR-0006755 | D67: =_xlfn.CONCAT(C67,".bam") -> SYST-MOR-0006755.bam | E67: IL_OB_023_All | F67: IL | G67: OB | H67: IL_OB | I67: Oakwood Bottoms, Shawnee National Forest | K67: Quercus macrocarpa Michx. | L67: Quercus macrocarpa Michx. | N67: Quercus macrocarpa Michx. | P67: Quercus | Q67: macrocarpa | R67: mac | S67: 44714 | T67: Alan Whittemore, Andrew Hipp, Brett Fredericksen, Heather McCarthy, Jeannine Cavender-Bares, Klara Peterson, Leah Samuels, Mira Garner, Paul Manos | U67: fresh, frozen | V67: 44716 | W67: USA | X67: Illinois | Y67: Jackson | Z67: County | AA67: Oakwood Bottoms, Shawnee National Forest | AD67: Quercus macrocarpa Michx. | AE67: 37.676004 | AF67: -89.412965 | AG67: MOR-unmounted | AH67: wild | AI67: 37.676004 | AJ67: -89.412965 | AK67: 1.3999966e-09 | AL67: -9.0000185e-10 | AM67: =_xlfn.IFNA(VLOOKUP(Sheet1!$C67,ADMIX_ALL!A:B,2,FALSE),"none") -> K6-18 | AN67: =_xlfn.IFNA(VLOOKUP(Sheet1!C67,ADMIX_SS!A:B,2,FALSE),"none") -> SubSample | AO67: =_xlfn.IFNA(VLOOKUP(Sheet1!$C67,MONG_PHYLO!A:C,3,FALSE),"-") -> - | AP67: =_xlfn.IFNA(VLOOKUP(Sheet1!$C67,MAC_PHYLO!A:C,3,FALSE),"-") -> - | AQ67: =_xlfn.IFNA(VLOOKUP(Sheet1!$C67,ConStruct!A:C,3,FALSE),"-") -> ConStruct | AR67: =_xlfn.IFNA(VLOOKUP(Sheet1!$C67,GEA!A:C,3,FALSE),"-") -> GEA | AS67: =_xlfn.IFNA(VLOOKUP(Sheet1!$C67,MAC_DSUITE!A:D,3,FALSE),"-") -> mac_IL_OB | AT67: =_xlfn.IFNA(VLOOKUP(Sheet1!$C67,MONG_DSUITE!A:E,2,FALSE),"-") -> macrocarpa_OB | AU67: =_xlfn.IFNA(VLOOKUP(Sheet1!$C67,MAC_PAINT2!A:D,4,FALSE),"-") -> macpaint | AV67: Q > .99 | AW67: Q > .99
